3.251311686959852069e-03
3.860467944197459172e-03
1.150084921478795180e-02
-4.531581221284157468e-02
-5.499327813624030337e-02
-1.081804252690048498e-02
9.571327806975397229e-03
1.535076833986085132e-01
-3.923109227073320188e-02
2.725896376779431141e-02
-5.023861015805534264e-02
8.576628590915194583e-03
-3.438226257865188706e-02
-7.900574594737216905e-02
1.230767858556051572e-02
1.380969852302094125e-01
7.780111314265358846e-02
-1.470273935010567821e-02
2.187980209074372531e-02
3.381218703235542786e-03
-2.762832772884096441e-02
3.771249579321530460e-02
-6.381619837966192796e-03
-2.648421285452549553e-02
-1.510920021291790594e-01
-2.860828284026720181e-02
-1.867474020405745366e-02
-5.345061875493865682e-03
5.463753199213413486e-02
8.041967223999912928e-02
9.565305839631541018e-03
1.827376590483519633e-03
-3.163101910679896184e-02
1.030858499480546801e-02
1.215506291165028771e-02
-3.846217421219625451e-03
-5.192863185958453837e-02
-1.761103380055520015e-02
-1.642316520538482927e-01
0.000000000000000000e+00
-4.571742186067410257e-02
-2.561407169105038920e-02
1.662729999927124169e-01
1.738319290082247434e-02
-1.966538983675716334e-01
-3.640668048025699852e-03
-7.379985902690983091e-02
-3.530871940542952558e-02
-3.104679426017374622e-02
1.657853352649422615e-02
-2.025389053780289952e-02
9.154121214463155657e-04
6.194274163139969896e-02
2.034603831783733940e-01
-8.116167502178558979e-02
-2.025188367370683862e-02
-8.032500558334429441e-02
-3.055770096596814589e-02
0.000000000000000000e+00
-6.354274641696780468e-02
8.759899343018323625e-03
-3.464502052210222203e-03
5.618944373911577417e-02
4.277834546055390291e-02
-9.944165095027257539e-02
-1.044828711286826389e-01
-4.806349565703869203e-02
-4.203289227008207007e-02
-2.051422048060622810e-02
3.566041402261763138e-02
7.629846570332087137e-03
-7.515559109656867569e-03
-5.959836688057080535e-03
-6.137194065669313719e-02
-1.708877729890035391e-01
2.828006998781993492e-02
-6.463059746834030894e-02
5.970276884676304491e-02
4.647409186105602719e-02
1.555295194007610682e-01
5.478109197345270437e-02
-1.066722671561593297e-02
-2.855538167482588388e-02
6.558322458137645639e-02
-1.272591607253760297e-02
-1.328381735743123515e-01
-4.765545319533463081e-02
6.597184690362821458e-02
4.483291244793555924e-02
-2.192099535407313754e-02
5.952989219106495644e-02
-5.181834592035007570e-02
-9.786103940289291037e-02
5.338101211522766620e-02
-2.924498331043846183e-02
1.737491104600315250e-02
2.965665939690781058e-03
1.988178923503999829e-02
-4.335589603649368925e-04
-3.295585579548684224e-02
-1.391281276728106690e-02
-2.949282019155288065e-02
-1.316255548752880422e-01
4.402441195914742755e-02
0.000000000000000000e+00
-8.192779602563898811e-02
-6.668945240655750617e-02
-5.604053256128847110e-02
7.611585619866371999e-02
1.066153445348781703e-02
-3.152460477081035772e-02
1.078394028401775256e-02
-1.523422098756948839e-01
7.771332518028437053e-02
-1.304656329063636488e-01
1.187605348513950804e-01
0.000000000000000000e+00
4.488930253321865571e-03
0.000000000000000000e+00
0.000000000000000000e+00
6.939682947866966743e-04
-3.752563789485650197e-02
5.489998807961976590e-02
0.000000000000000000e+00
-1.034043984969382386e-02
0.000000000000000000e+00
-1.058712589815073435e-01
-6.387970098623316217e-02
1.801649882163262328e-01
-4.649739751887615492e-03
0.000000000000000000e+00
-1.000304052730724771e-02
-1.903608216220274360e-02
7.078356086718902429e-02
-6.570298693528169032e-02
-1.045665665943455308e-01
9.913690488403571754e-02
1.254789505601780764e-01
-1.206261889794677522e-01
8.389139175184376351e-02
8.348075640381051599e-02
-4.419240143165375362e-02
-9.481186405329855571e-02
-3.843316448799929952e-02
-9.114237499784823629e-03
-7.135455347613421651e-02
5.854196377276670027e-02
2.661173366961825174e-02
-5.719103484757825928e-02
1.813477638571937486e-02
-9.216290484205516206e-03
-1.579337674720074011e-02
-4.050076213264243614e-03
-6.568519125863332697e-02
-1.140370415059220044e-01
0.000000000000000000e+00
-3.408340931661339029e-02
1.137801723308835417e-01
0.000000000000000000e+00
-6.787767144428082100e-02
5.417441774090477058e-02
-4.977745371619307635e-02
1.358037303478680791e-01
0.000000000000000000e+00
-6.665401768101144805e-03
-7.191874854929876382e-02
7.544551861238746326e-02
4.731492942933184648e-02
4.535214400752159147e-02
0.000000000000000000e+00
-6.199764915859164172e-02
-1.024405366341520594e-02
-1.515260258379451941e-01
8.709312651460390797e-02
9.813960705424801256e-02
8.634785902230337389e-04
-1.063258148290439215e-01
9.834197997625292523e-03
-6.443285499242862313e-02
-1.829617010293456691e-01
-1.951692314397443506e-02
0.000000000000000000e+00
-9.066865110449015726e-04
0.000000000000000000e+00
-1.645803778508468096e-01
-6.719748132052454255e-03
2.431616274481811779e-01
3.843224057064132618e-03
6.216525795152382655e-02
-1.144099437684213266e-01
1.233621536732274794e-03
9.849082987188073623e-02
3.675882066295622225e-02
-2.168131124387346065e-01
3.632074377914699947e-02
6.511958678663733180e-02
-6.276557029066455462e-02
-7.167053965699402875e-03
-4.930819736905559664e-02
4.703721979571484635e-02
-2.667162270782504410e-02
5.059712912938120130e-03
-3.192123956051876599e-01
-2.295759180064006061e-02
-1.095966873607483877e-01
1.160086881365034704e-02
-4.797338073130355540e-02
-5.956809672856627075e-02
-1.055715430160998197e-01
0.000000000000000000e+00
-1.510441792201860922e-01
-6.237503834926367424e-02
-5.248194047840701315e-02
-7.581513915231450317e-03
5.651831677683201438e-02
1.287486746545632617e-02
-1.200074292221964545e-01
0.000000000000000000e+00
-1.773290526640258422e-02
0.000000000000000000e+00
0.000000000000000000e+00
-1.864533103680107162e-01
-4.413088163512272899e-02
-8.663554417943257480e-02
2.925949357179173649e-02
-6.888568211485389392e-02
-3.009165428203401382e-01
-3.315757610463374028e-02
1.060821126317748747e-01
1.148234028780930824e-02
9.050289201915009962e-02
4.460362232223250706e-02
-4.709524867936935866e-02
0.000000000000000000e+00
1.073397652248320178e-01
1.555078038024045872e-01
-3.436417201847827285e-02
-1.221526542693605194e-01
0.000000000000000000e+00
-1.156140835792031502e-01
-5.501120999936558176e-02
1.151533846584624071e-01
1.770325968847414125e-02
8.615068375155417180e-02
-8.147274885050337367e-02
-1.365471555029105499e-01
-1.240130098741901304e-01
-1.029351092781215365e-01
0.000000000000000000e+00
1.161571059179659221e-01
-9.950757786466504773e-02
-1.337727304776294146e-01
0.000000000000000000e+00
9.300873779192281310e-02
0.000000000000000000e+00
-3.620076036751787574e-02
9.763030271213497813e-02
5.055521082279231665e-02
3.331342141232524964e-03
5.390280852859543476e-02
0.000000000000000000e+00
1.985102520248896718e-01
-5.211299755295027009e-02
0.000000000000000000e+00
1.372649956340944999e-01
-4.066058259138267961e-02
1.367169226945250671e-01
4.239019053772286050e-02
4.828357652660660720e-02
-3.840173737472909327e-02
0.000000000000000000e+00
-4.648702820505686006e-02
-1.007760119614895117e-01
-2.757432507180939685e-01
1.297798276381219862e-01
0.000000000000000000e+00
-9.553744599697697182e-02
-5.366134118537434217e-02
2.542274726136808938e-02
1.177049426184599984e-01
-1.867299037556146846e-01
1.988517572714405823e-02
-2.553282389854076573e-02
1.095905247857309056e-01
-5.722697355451222823e-02
0.000000000000000000e+00
-1.177261467221879868e-02
-4.639450431152554455e-02
6.009622850628975298e-03
2.669620715968717972e-01
-2.850915670034951388e-01
0.000000000000000000e+00
-2.436727917588913175e-02
-2.102611821996698896e-02
4.408108048869494727e-02
1.031965248666540380e-01
-6.777084079230319413e-02
-1.191881744906165691e-01
2.076540603054810308e-01
1.910718321806956568e-02
-2.406061256779536139e-02
8.157127679095811656e-02
9.286432112035722386e-02
2.287183063882837833e-02
8.577340392689056237e-02
-6.656618727322857754e-03
-1.176276033477086091e-01
6.367316601658259967e-02
0.000000000000000000e+00
3.152596779693853102e-02
1.035062383371763706e-01
-3.370370171117861163e-02
2.814412112948921560e-02
0.000000000000000000e+00
2.270551895563377442e-02
-1.373453227152648393e-01
0.000000000000000000e+00
2.689478999033055595e-02
-5.844363173740708961e-02
-3.075940076544053658e-02
-1.378619899107525193e-01
1.757567107361809600e-01
-1.336623623263171433e-02
-4.069547785814494820e-03
-5.421486232867948202e-02
-2.100447821527833825e-01
4.544803631330605886e-02
1.801415035885000626e-01
-2.074746814563528108e-01
0.000000000000000000e+00
-3.084567863130527332e-02
1.251426342713927164e-01
9.191755245626241633e-02
-1.827730929057765630e-01
0.000000000000000000e+00
3.459252902667513396e-01
7.414687539940603700e-02
-3.182628128894858521e-02
-1.446929929828991435e-01
-1.479362753077513928e-02
-9.296754363816894795e-02
2.693899344007787411e-01
2.706513969129874936e-02
-2.052153057748277165e-01
-1.313511499936639570e-01
-1.134624786185182109e-02
7.699340773520450820e-02
-1.255588321997245238e-01
-1.273919509541720230e-01
6.713207534902838891e-02
-3.832128299934346033e-02
0.000000000000000000e+00
0.000000000000000000e+00
-1.966012553726430023e-01
3.719805754346531407e-02
0.000000000000000000e+00
-9.281670240129884231e-02
-1.742644024011886783e-01
5.590017916622251268e-03
-5.642509969810464987e-02
5.228126210019734543e-02
-7.125562357948765635e-02
-4.223565098845695753e-01
0.000000000000000000e+00
3.174007130429419565e-02
8.830090506162578678e-02
2.998002484689566427e-01
-1.092036406645612995e-01
-1.849523142492398298e-01
0.000000000000000000e+00
8.284506934004924605e-02
-1.279199142639884379e-01
-2.103670735828712390e-01
-1.017139031710004998e-01
8.399584163691095617e-02
-5.011096124023635412e-02
7.521541346620867763e-02
-1.500347475833265221e-01
-6.845356905949599724e-02
-1.118140740759895752e-01
-1.214949048353812164e-02
0.000000000000000000e+00
-1.527951310872384949e-01
-1.916482985412962803e-01
-4.084132032135433937e-02
0.000000000000000000e+00
-1.445727225900863286e-03
1.523493696228121752e-01
-4.891202642380924892e-02
1.413565453237222713e-02
0.000000000000000000e+00
-1.305785265166795883e-01
9.025988383835480133e-02
-7.058160492813702995e-03
-3.688270707044272873e-02
1.255171941015359172e-01
1.496096281878979417e-01
-4.183079101722895765e-01
4.360636846801246858e-02
-2.685007423783564162e-02
0.000000000000000000e+00
1.723550948095621815e-01
-4.323097333698444449e-03
0.000000000000000000e+00
1.965053322250029377e-01
-3.185035056493502603e-01
0.000000000000000000e+00
-3.192152902299046774e-02
3.068169200400866839e-02
4.239539965063065519e-01
-8.748798329151466491e-02
4.593860229763391950e-02
2.332840484803651651e-02
-7.942484436364662115e-02
1.921772599974372053e-01
-1.942707782859979249e-01
1.867534071997883349e-01
2.322726498444505350e-01
1.545575080938259294e-01
-4.594117064095377956e-02
0.000000000000000000e+00
3.351171356847501004e-01
-1.544665779089524349e-01
-7.855131861914253777e-02
0.000000000000000000e+00
0.000000000000000000e+00
2.046049571981554405e-01
8.911070970060969154e-02
0.000000000000000000e+00
-3.799310035548464858e-04
0.000000000000000000e+00
0.000000000000000000e+00
2.272400788521408699e-02
-2.484149580683478187e-01
-6.135427269942222289e-02
7.343040611503033610e-02
-1.389925292071436114e-01
-2.478790922113941961e-02
2.578922996729564321e-03
4.988957383509331350e-02
-4.306395164444444534e-02
-2.257098258310891725e-01
-4.149948941914648193e-02
1.048745431313286430e-01
9.013368238697963553e-02
-3.209274197851399446e-01
-2.093692545926417459e-01
0.000000000000000000e+00
0.000000000000000000e+00
8.169638015971096567e-02
-2.949568130675541203e-02
0.000000000000000000e+00
2.680605583698906225e-01
-5.476347159650973850e-01
6.686509844354411591e-02
8.666279169646101677e-02
-1.865467896758568056e-01
-1.988781160736746018e-02
-2.843281685112313689e-02
-3.962111614358163059e-02
6.524021172419192105e-02
-7.484999266478919999e-02
-1.333994048656065579e-01
1.145667703391380632e-01
-7.557863827765592783e-03
-2.059103223021882811e-01
-2.374575076793763312e-02
-4.308517944538882427e-02
-5.841592560130831613e-02
-8.483386241284059104e-02
5.812396651135949555e-02
-5.497740121576781547e-02
-1.625844203298784912e-03
-2.357522097903265446e-01
0.000000000000000000e+00
-5.941943666325283369e-02
-1.463019429640130820e-01
0.000000000000000000e+00
-1.294159579359842882e-01
9.105262202640956870e-02
1.601707896318091129e-01
2.976986060566325643e-01
1.093247227915293274e-01
-2.982555701029860340e-01
0.000000000000000000e+00
-7.466791600500831405e-02
1.388017806962884293e-01
-1.595019385718633373e-02
-1.094313587773488271e-02
-6.735024418829485549e-02
-2.356982081313672029e-03
0.000000000000000000e+00
-3.523627335038800185e-03
-7.545852340614895258e-03
-3.807783172136171568e-01
-5.334592939009846074e-02
0.000000000000000000e+00
-5.060505615001018032e-02
2.004694532411707350e-02
3.690159123215162179e-02
1.794463143535828670e-02
6.571139504858768132e-02
-3.103027112256678127e-02
8.328218303686972523e-02
4.651273109896992587e-03
-1.629604436250247923e-01
-3.980209786243659592e-02
7.490426193903267256e-03
0.000000000000000000e+00
1.418102003799828932e-02
-4.687330037169927695e-03
-2.001699728285271651e-01
4.662823571893678215e-02
0.000000000000000000e+00
-1.195899594690648660e-01
0.000000000000000000e+00
2.668050551856255073e-02
1.405046193501560126e-01
0.000000000000000000e+00
0.000000000000000000e+00
0.000000000000000000e+00
-5.027891745337923629e-02
0.000000000000000000e+00
-3.859803567301924032e-02
1.117855668741295494e-01
4.301160155837165100e-02
-1.153378921374928132e-02
0.000000000000000000e+00
-3.581953689410471292e-02
0.000000000000000000e+00
-9.992746540637957586e-02
1.824489505706195502e-01
1.335936997568707221e-02
2.909814644945449280e-01
-1.547084139936627176e-02
-1.494623740747427487e-01
0.000000000000000000e+00
5.119395598776359940e-02
-3.163720889103598805e-02
1.165522496664309765e-01
1.221633605674005280e-01
-3.605940814751387169e-01
5.184916557421600375e-02
6.309754074840084881e-02
2.080097817265572427e-02
-1.000586038010042728e-01
-3.811792998819343165e-02
2.743733291415437550e-02
-1.141600700318988124e-02
1.356037309191315543e-01
1.466482972362898561e-02
-1.869451104158446897e-02
-3.519733936092532267e-01
-5.933674540709545087e-02
1.364538416417348243e-01
0.000000000000000000e+00
0.000000000000000000e+00
1.324618720510561121e-01
-1.697567387458477073e-01
0.000000000000000000e+00
-4.263538767279154706e-01
-2.640489243883929402e-02
2.578557032010333483e-01
1.072926358982448231e-01
6.037849730157835576e-02
0.000000000000000000e+00
2.973863362131792636e-03
0.000000000000000000e+00
0.000000000000000000e+00
4.607988622876411228e-02
-2.592688900170320720e-01
0.000000000000000000e+00
-1.766192110245233884e-02
-2.865153770396227165e-02
0.000000000000000000e+00
1.493122751258676439e-01
3.082335740267495849e-02
2.404019693164594768e-02
-9.178484087572545691e-02
-8.844955242177598986e-02
-1.623504279322139643e-01
0.000000000000000000e+00
0.000000000000000000e+00
0.000000000000000000e+00
5.547354507801468410e-02
1.036113980500110582e-01
-8.132263357330568598e-02
0.000000000000000000e+00
1.231872014042739716e-02
3.948531685446941830e-02
8.500178699916373717e-03
-2.702077878056374227e-01
-4.828739366586439624e-02
0.000000000000000000e+00
4.167786215698941060e-02
5.254773091956881775e-02
9.818024454723225936e-02
5.031718956796607523e-02
4.622801075061906684e-02
-6.616074266909989510e-02
-5.339835441729739313e-02
6.055373340612719979e-02
0.000000000000000000e+00
0.000000000000000000e+00
0.000000000000000000e+00
0.000000000000000000e+00
0.000000000000000000e+00
-6.247995256914369577e-02
-6.368441266120913880e-02
4.902478909249297426e-03
-1.386075067920535843e-02
-8.948109545839876000e-02
1.904820152274537270e-01
2.523086273011810876e-01
5.431914647973316163e-02
0.000000000000000000e+00
-1.669768078038340875e-01
1.399050248784661499e-01
0.000000000000000000e+00
-5.210710094068430470e-02
-8.540541760207151500e-02
5.486040725154617964e-02
0.000000000000000000e+00
-6.699356576780703121e-02
0.000000000000000000e+00
-1.620170696764903773e-01
4.123775629879584681e-01
6.587818265501156345e-01
0.000000000000000000e+00
2.635815195481496648e-02
8.673613455376810721e-02
0.000000000000000000e+00
-1.471770192895665852e-01
4.878574983978056778e-02
1.046873519688115428e-01
0.000000000000000000e+00
0.000000000000000000e+00
0.000000000000000000e+00
0.000000000000000000e+00
2.989087546242402693e-01
-3.054093077154947378e-01
0.000000000000000000e+00
-1.581600006786730850e-01
1.961269397154938032e-01
0.000000000000000000e+00
-3.619921720100999774e-01
-4.850289619687441212e-01
6.875160813076776865e-03
-4.353499906730702584e-02
-5.424808364999927912e-01
8.040387284936317130e-03
3.305591990916131317e-01
2.104829544063814561e-01
1.320040176555992151e-01
-3.505716954880137015e-01
1.143076750103627776e-01
0.000000000000000000e+00
2.351548566549434630e-02
4.010937190974466215e-01
1.837752504253443442e-01
-4.790898234360383562e-02
4.898659647745709500e-02
8.273177433289810589e-02
-1.105786110306847259e-01
-2.445214682053569247e-02
-1.293494570149684442e-01
-1.055685247259445236e-01
-9.482936980126070725e-02
0.000000000000000000e+00
-1.825471825117993552e-01
1.265844822771871880e-01
0.000000000000000000e+00
3.374285669471119992e-02
-4.299944566543273394e-02
0.000000000000000000e+00
0.000000000000000000e+00
1.373736136094687033e-01
-9.677591769208328254e-02
1.620113133666721550e-01
-4.721898350821126522e-01
0.000000000000000000e+00
-6.175049352735544755e-02
0.000000000000000000e+00
9.157093362603160869e-02
1.599798201259320374e-01
-4.840001294842084800e-03
-1.461184224675275700e-01
9.723916529372925166e-02
-1.001644830750225562e-01
-2.983548580272491965e-02
2.102417522184440168e-01
0.000000000000000000e+00
0.000000000000000000e+00
0.000000000000000000e+00
-6.002667281705389990e-02
0.000000000000000000e+00
0.000000000000000000e+00
3.431273669126540509e-03
9.085938663225258394e-02
0.000000000000000000e+00
0.000000000000000000e+00
-1.489382448658302660e-01
3.908518318506519207e-01
4.458783763767067837e-02
-8.123879467465973392e-02
-5.165895000561206152e-02
0.000000000000000000e+00
-2.681410374087941917e-01
-2.159989172617192768e-02
-4.361036392967263670e-02
-3.841949306860962254e-01
-9.826276370354233847e-02
-1.115000088872264566e-01
-8.693463026100267665e-02
0.000000000000000000e+00
0.000000000000000000e+00
0.000000000000000000e+00
-1.205245440250636568e-02
1.288973013234864518e-01
-2.056150980990097688e-01
-1.600798166500409514e-01
2.790143769550342823e-01
0.000000000000000000e+00
2.711707155703739769e-01
-2.512522334408143210e-01
4.207483363785050404e-03
0.000000000000000000e+00
-4.774825715770786988e-02
-7.095883528298858878e-02
-5.005749796881030916e-02
-2.703878820151072171e-01
-2.533843462179301009e-01
-1.616115141343670292e-01
2.782933826429303051e-03
1.144733693254604279e-01
0.000000000000000000e+00
-3.034186057504555944e-01
0.000000000000000000e+00
0.000000000000000000e+00
5.201354141441617840e-02
2.118973735631633770e-01
0.000000000000000000e+00
8.654463813701165908e-02
-3.701024044386513195e-02
-7.969690631298023686e-02
0.000000000000000000e+00
1.144805840117789492e-01
-1.640478320022477898e-01
-2.785730317820804824e-01
4.983058557786758033e-03
1.610275894944912523e-01
7.508440353653449140e-02
0.000000000000000000e+00
-1.550341710268933471e-01
2.015506355181255205e-01
0.000000000000000000e+00
-1.919231752662571844e-01
2.191025101248896077e-03
-1.677243770886489849e-01
-2.773360329577613803e-01
6.103767574031076105e-04
0.000000000000000000e+00
-1.394016493423825276e-01
5.190002903669874157e-02
0.000000000000000000e+00
0.000000000000000000e+00
0.000000000000000000e+00
-1.714196716250368235e-01
1.875009037004332288e-02
-5.772732430804398962e-02
-3.245744412170466220e-03
-8.402092561000229498e-02
2.147973487870966647e-01
0.000000000000000000e+00
0.000000000000000000e+00
1.057336641152133022e-01
0.000000000000000000e+00
0.000000000000000000e+00
-1.873246548113524299e-02
-2.384726778479460130e-01
-1.277923428613654544e-01
0.000000000000000000e+00
-3.631122273238049925e-01
1.696028946147956074e-01
0.000000000000000000e+00
-1.336371608294928959e-01
-2.886001066227825707e-01
-4.094417134822066207e-02
0.000000000000000000e+00
2.963520541375154749e-01
0.000000000000000000e+00
-1.423788838669803603e-01
0.000000000000000000e+00
2.175973860046044248e-03
-3.172123647598236729e-01
4.025461840786478396e-01
0.000000000000000000e+00
4.618027286035625983e-02
1.316755152417491970e-01
0.000000000000000000e+00
5.570144058656096436e-02
3.088645329365155220e-02
4.614286815391856478e-01
-4.990360324423921690e-02
0.000000000000000000e+00
9.981106327758193508e-02
-8.533861117954419373e-02
0.000000000000000000e+00
-1.258988933878360250e-01
0.000000000000000000e+00
-9.746059856639931185e-02
0.000000000000000000e+00
-2.430796933702556173e-01
0.000000000000000000e+00
2.422836540960476015e-01
2.004070713227256995e-01
5.056786761141675995e-02
2.116466394650037830e-01
0.000000000000000000e+00
-1.371390009164034640e-01
5.070728810399852821e-02
7.351142594756047977e-02
-1.757496100253738425e-01
0.000000000000000000e+00
0.000000000000000000e+00
0.000000000000000000e+00
2.250031955150265939e-01
-9.709904613455179467e-02
-2.830142222865976720e-01
0.000000000000000000e+00
-8.251773345641121027e-02
-1.868813908976895144e-01
-3.879839864040085518e-01
2.502673687711396977e-01
3.805237965275164863e-02
0.000000000000000000e+00
-3.541028515328495940e-01
-4.738264113467387934e-02
-4.481656055168759534e-01
-1.221750649813284351e-02
-9.172673623475798010e-02
1.469560836502978862e-01
2.143264508657960199e-01
-2.032276839221457687e-01
-1.922829907224776202e-01
5.242431645627045056e-02
-7.326814500554307275e-02
3.197180902356307891e-02
0.000000000000000000e+00
-7.919274908732355789e-02
1.412824190372740374e-01
0.000000000000000000e+00
5.317862489296940609e-01
2.740639134266009691e-01
4.225915401399840676e-02
8.615870028675575668e-04
-4.216838163884303881e-01
1.000850056114290509e-01
0.000000000000000000e+00
-7.870170343795235279e-02
7.865040547094104273e-02
-1.018825977519901421e-02
-5.383633651409837073e-01
0.000000000000000000e+00
0.000000000000000000e+00
7.676121791814027873e-02
7.300250092939308821e-02
-1.171509737553945441e-01
0.000000000000000000e+00
-9.980797753308197351e-02
-2.855194295178672403e-01
-1.963306750149385743e-02
0.000000000000000000e+00
-6.114191212456003555e-02
2.624531037369595091e-03
6.957230472416647826e-02
2.309701232610770483e-01
1.677516749126048701e-01
6.065939128418456477e-02
1.764998841801195262e-01
2.767097359245396931e-02
2.012509992222426269e-01
0.000000000000000000e+00
0.000000000000000000e+00
-1.696256072668528569e-01
0.000000000000000000e+00
0.000000000000000000e+00
-7.395432379982970483e-02
3.254332101719030479e-02
-2.305710909281581400e-01
-1.584249061607393150e-01
4.150080062118372687e-02
4.371247839992328799e-01
0.000000000000000000e+00
-5.483881582374874365e-03
0.000000000000000000e+00
0.000000000000000000e+00
-2.327865567591571108e-03
0.000000000000000000e+00
8.872538247871011863e-02
-1.625417281451366214e-01
7.064774838510771149e-01
4.038938055605365701e-02
1.072228201561225280e-01
0.000000000000000000e+00
0.000000000000000000e+00
1.446711292569033414e-01
-6.452295230262784786e-03
-2.777221880714843549e-01
-1.529172758844133014e-02
4.950664130885340519e-02
0.000000000000000000e+00
6.977203492207111057e-02
3.093620594773731705e-02
-8.121069726022003832e-02
-2.516780888893953572e-01
-1.943937566178163476e-02
2.125791278163130689e-03
-7.303214402957214357e-01
-3.026746384234234588e-01
0.000000000000000000e+00
-1.817690080910246420e-01
-7.427973991158362543e-02
1.017607061343868552e-01
1.022671264012282727e-01
7.244316601604668115e-02
1.737275622367236982e-01
0.000000000000000000e+00
-1.805904158195239043e-02
1.082620466281496857e-01
-2.038258869995822342e-01
0.000000000000000000e+00
1.396570806621300898e-01
-8.462484307910337136e-03
2.868107764976212115e-01
0.000000000000000000e+00
0.000000000000000000e+00
-3.987292912661432459e-02
0.000000000000000000e+00
0.000000000000000000e+00
1.068342338486828746e-01
1.831561719109849051e-01
2.434059983740699887e-02
-6.164878405164105762e-02
6.241924080616437220e-02
-2.159827202325930451e-01
-3.406714756726374888e-02
-1.819712748096320998e-01
1.552440760351144443e-02
5.290872369920495560e-02
2.106112162069797428e-02
0.000000000000000000e+00
6.325365088858857232e-02
-4.900437012425074013e-02
-1.974297402773032284e-01
0.000000000000000000e+00
-1.596779080615381638e-02
-4.661811602548511513e-02
0.000000000000000000e+00
0.000000000000000000e+00
2.874573000595263550e-01
1.967857175569217576e-01
-7.533736947392553895e-02
2.226439764527576026e-01
0.000000000000000000e+00
7.745114032337772902e-02
-1.412664665004784159e-01
1.099676732309341071e-01
0.000000000000000000e+00
0.000000000000000000e+00
2.132263948942638432e-01
-8.293728546947033708e-02
-1.657629804938822587e-02
-1.553534818016386321e-01
3.439029620856577651e-02
4.347080084124891886e-01
0.000000000000000000e+00
6.458287473210740093e-02
-1.114787010537694051e-01
2.438466146924376798e-01
0.000000000000000000e+00
-1.358140769952822721e-02
-5.444242073344451871e-01
-6.184038057277126965e-01
0.000000000000000000e+00
-2.598946497686469570e-01
0.000000000000000000e+00
-2.421125530301757312e-01
1.928601848981835410e-03
0.000000000000000000e+00
8.849080592271375834e-02
-1.909164084993308086e-01
1.355672773282528554e-01
2.141410694698549222e-01
1.218352147968150140e-01
1.648425633748588914e-01
1.403333315950886506e-01
0.000000000000000000e+00
-1.424470745365312985e-01
1.574431348381669926e-01
1.110571803109926953e-02
0.000000000000000000e+00
0.000000000000000000e+00
-1.105220187080701993e-01
-2.727603898251255155e-01
-2.605143361664008506e-02
0.000000000000000000e+00
-1.496151913260793109e-01
6.614912795544225510e-02
0.000000000000000000e+00
-6.914910161032500335e-02
-1.725421119292926408e-01
-1.126645716426624283e-01
-2.765478293785729735e-01
-3.108427905497299776e-02
-1.578750225013041686e-01
-3.312409570107583551e-02
2.374929919879638363e-02
1.024603079185319315e-01
-2.101682052523463906e-01
7.497952132734974490e-03
-7.469009688503414068e-02
-6.305344815884773857e-02
-7.788622831494179666e-01
5.191075610726015449e-02
-6.794056934485688537e-02
-2.747637888165604947e-02
-1.624161108442608303e-01
0.000000000000000000e+00
-1.199317249264072877e-01
-2.828817400058466006e-02
1.679663428890273424e-01
0.000000000000000000e+00
0.000000000000000000e+00
0.000000000000000000e+00
0.000000000000000000e+00
-2.026932176739122127e-01
-2.646902314119531918e-01
-3.649432322645663751e-01
0.000000000000000000e+00
-2.384614195921686691e-02
0.000000000000000000e+00
-5.969187774693563570e-03
-4.184125980282652271e-03
3.376648438999050456e-02
-5.583492563083904126e-02
0.000000000000000000e+00
0.000000000000000000e+00
-2.786953206075173384e-01
-9.787594629973492277e-02
-1.911929829735183051e-01
-1.750410032643285319e-01
-4.215567938882240906e-01
2.637168476008037304e-02
3.981585510870611772e-02
8.629220189191080803e-02
-1.106147611881225928e-01
0.000000000000000000e+00
0.000000000000000000e+00
0.000000000000000000e+00
0.000000000000000000e+00
3.671127924856445318e-02
-3.569831316794429277e-02
4.949767828727401342e-02
-2.797285351889298305e-02
-2.069435692061092139e-02
-1.541675065660588761e-01
1.778456166715923770e-01
-2.415581400116453836e-01
0.000000000000000000e+00
0.000000000000000000e+00
8.735674896718894147e-03
-4.229214617826188571e-01
0.000000000000000000e+00
-5.235405163710287191e-01
2.716999505353899780e-01
0.000000000000000000e+00
-1.134151923843004506e-01
0.000000000000000000e+00
6.981671637737155156e-02
-9.148702814549865003e-01
1.220094739445258369e+00
1.419030778623571187e-01
1.056985084122087221e-01
2.045122342324725423e-02
0.000000000000000000e+00
0.000000000000000000e+00
1.888094529371355801e-01
0.000000000000000000e+00
2.064832127386443117e-01
2.396506739394278426e-02
-7.838208833058460390e-02
0.000000000000000000e+00
0.000000000000000000e+00
1.560618638396056301e-01
-1.796866379222683274e-01
0.000000000000000000e+00
9.331097315278653881e-03
1.610033048312115023e-01
1.239907655752402887e-01
0.000000000000000000e+00
7.604711323000208634e-02
0.000000000000000000e+00
2.030511208810573676e-01
4.598008564640592710e-01
1.028266921660644234e-01
-4.575430774174114174e-02
-3.623340234956340389e-01
1.888517402854622829e-01
-3.057901142214202728e-01
0.000000000000000000e+00
2.084766066909216065e-01
0.000000000000000000e+00
-8.225188606878916509e-03
0.000000000000000000e+00
0.000000000000000000e+00
0.000000000000000000e+00
0.000000000000000000e+00
-2.866995996812030656e-01
0.000000000000000000e+00
1.017691246705155095e+00
-1.136217275528145221e-01
0.000000000000000000e+00
-2.044516688012888717e-01
-4.024960589943853834e-02
3.880615015918944394e-02
-1.002044666208492807e-01
-6.547517122891434449e-02
1.982272989088817994e-01
1.536558018709664047e-02
-1.146868066358218141e-01
-1.956021035341295455e-01
-3.466132788236654383e-01
-2.849952508508678262e-02
0.000000000000000000e+00
-4.812279989001755354e-02
-8.850852993819316103e-03
0.000000000000000000e+00
1.321775493913550925e-01
1.895639275639195501e-02
-1.777400163428310698e-01
4.092153005015538025e-01
-3.345082926843304105e-02
0.000000000000000000e+00
3.756679910799199523e-02
0.000000000000000000e+00
0.000000000000000000e+00
0.000000000000000000e+00
0.000000000000000000e+00
-2.170828667938858314e-01
-1.778482010786085754e-01
-5.027669093886225765e-02
-3.058049547215065112e-02
1.953356572557875259e-01
-1.077505999905481043e-01
0.000000000000000000e+00
0.000000000000000000e+00
1.835350218589385310e-02
-2.564662728939988701e-01
0.000000000000000000e+00
-1.117727536962644652e-01
1.815608163934717412e-01
-4.539172662176230166e-02
-2.528657283989553251e-01
-4.856959568614801354e-02
-5.769674564305187631e-02
0.000000000000000000e+00
-9.991495687452668639e-02
-3.365930271030873611e-01
-6.636660425336514402e-02
8.521851851636504105e-02
5.038371123301465387e-02
0.000000000000000000e+00
-3.679992449551058170e-02
0.000000000000000000e+00
5.390274172834891298e-02
0.000000000000000000e+00
2.607370325334608663e-01
5.507717048706732843e-01
0.000000000000000000e+00
-1.271955110018553325e-01
-3.955867445175091368e-01
0.000000000000000000e+00
0.000000000000000000e+00
0.000000000000000000e+00
1.413168386867587056e-01
4.040768409340707024e-01
0.000000000000000000e+00
2.774970530978637107e-01
1.027751759318129565e-01
-3.253598633679947172e-01
-3.054768412326135454e-02
-5.715075701450266638e-02
-2.075190736668051095e-01
1.780557732028931750e-01
-2.720662786809719402e-01
-2.177496430312421682e-01
1.252456447194135458e-01
0.000000000000000000e+00
-1.847031658176311042e-01
1.299926310749071612e-01
-1.302976876518631144e-01
-2.375489551232203012e-01
3.421270509546531918e-02
-2.265160696343393176e-01
-1.775165328350609140e-01
0.000000000000000000e+00
0.000000000000000000e+00
-2.132713280051873328e-01
4.525851232508882813e-03
1.999774914644014689e-01
0.000000000000000000e+00
-3.108349973692443591e-01
-1.459074317978305974e-02
-2.409480439725568326e-03
7.408335316078373811e-01
0.000000000000000000e+00
0.000000000000000000e+00
0.000000000000000000e+00
0.000000000000000000e+00
0.000000000000000000e+00
-1.245135465948326164e-01
4.111521521620299380e-01
-1.466450962888848075e-01
0.000000000000000000e+00
6.277451064649061663e-02
-1.074783361466590953e-01
0.000000000000000000e+00
0.000000000000000000e+00
1.845723433847575035e-01
0.000000000000000000e+00
2.595052849507704096e-01
0.000000000000000000e+00
-5.509557322621259218e-02
1.074134213148552480e-01
0.000000000000000000e+00
0.000000000000000000e+00
0.000000000000000000e+00
0.000000000000000000e+00
-4.614250311554907169e-03
1.705752895687077386e-01
1.486437640204236743e-01
2.040587722217092510e-03
0.000000000000000000e+00
0.000000000000000000e+00
-1.436191717879047036e-01
0.000000000000000000e+00
0.000000000000000000e+00
0.000000000000000000e+00
0.000000000000000000e+00
0.000000000000000000e+00
-1.218564307858000101e-01
0.000000000000000000e+00
0.000000000000000000e+00
-1.333754087217867978e-01
2.520542753386246226e-01
2.125549442849399562e-01
0.000000000000000000e+00
-1.264252673088256673e-01
2.034679571139921817e-02
1.182792336746140149e-01
0.000000000000000000e+00
-2.513718206898532016e-03
0.000000000000000000e+00
5.466826396241389885e-01
-2.321673433251918439e-01
-1.583633070721345848e-01
0.000000000000000000e+00
0.000000000000000000e+00
2.383014826273915920e-01
-3.912252431331194602e-01
4.995028098042827991e-02
-2.115455498846606497e-01
-9.611539300189800294e-02
0.000000000000000000e+00
0.000000000000000000e+00
-1.086293346585870817e-01
-1.582374075572177408e-01
-2.676711129469465031e-02
-1.974024623350227048e-01
-2.171260361705435460e-01
-7.148250249231680176e-02
2.383563882549264226e-02
-1.987754211522701694e-02
0.000000000000000000e+00
-2.043513153917272951e-01
0.000000000000000000e+00
-1.348152714930285212e-01
-2.522699035550707986e-03
1.324183688624258892e-01
-1.126712329922575501e-01
5.968102689111869780e-02
-5.163406778812137943e-02
0.000000000000000000e+00
0.000000000000000000e+00
6.385765986388722282e-02
0.000000000000000000e+00
2.514451733579881054e-02
-1.816638035274029672e-01
-3.186992628097907315e-02
0.000000000000000000e+00
-3.718500190087511981e-02
7.195831047978745731e-02
0.000000000000000000e+00
-1.876104181594882847e-01
0.000000000000000000e+00
0.000000000000000000e+00
3.538858139895694199e-01
-3.607795247730257171e-01
0.000000000000000000e+00
-2.061418794082923722e-01
0.000000000000000000e+00
0.000000000000000000e+00
-2.802076507589015275e-01
1.200327521375468137e-01
1.739221138888438420e-02
-2.107927829512543649e-01
-2.632685131172097792e-01
-5.124146177261122009e-02
0.000000000000000000e+00
2.110399261911792904e-02
0.000000000000000000e+00
-1.531991971359621119e-01
2.998072578508398714e-02
0.000000000000000000e+00
1.022935083882090257e-01
-9.006604871373583010e-02
-1.290282526750029524e-01
1.251791481568863551e-01
0.000000000000000000e+00
-1.720453768943535355e-01
0.000000000000000000e+00
0.000000000000000000e+00
-5.482981464189334853e-02
2.020513039516073084e-01
0.000000000000000000e+00
-2.352932418006930052e-02
-7.040086548796440019e-04
0.000000000000000000e+00
-6.407861929948156787e-02
0.000000000000000000e+00
0.000000000000000000e+00
-3.289129567172492941e-01
9.020195739467067042e-02
0.000000000000000000e+00
8.788811581555590335e-02
-1.797839960014769867e-01
-2.446336966013414396e-02
0.000000000000000000e+00
3.408933606898632007e-01
0.000000000000000000e+00
0.000000000000000000e+00
-2.668626805444667682e-01
1.414172177392695462e-01
-8.606999539751544748e-02
0.000000000000000000e+00
2.308662240606421459e-02
2.815832919516868538e-01
-1.539403088798516339e-01
4.035582160743707569e-01
6.920254614915800906e-02
-2.016053477242925884e-01
0.000000000000000000e+00
-5.859159067028637397e-02
-3.222224599020853120e-01
0.000000000000000000e+00
-1.020134983530964108e-02
1.704529244009284072e-01
-5.316545375517263139e-01
-1.543301837402665244e-01
-4.309925343461023517e-01
-4.217386514527809993e-02
0.000000000000000000e+00
-1.005339092949734947e-01
-3.195845839296920093e-02
-1.601155463676749158e-01
3.167038610385214392e-02
-5.475918693784453950e-02
0.000000000000000000e+00
1.215144016577206360e-01
0.000000000000000000e+00
-1.460591332303816381e-01
5.867421687939736695e-03
-8.878225156191066336e-02
-6.832420126683928785e-02
-2.044363592655007444e-01
-1.482781969991234794e-01
-1.377647681290121995e-01
1.967128502515588795e-01
-1.960880255053378263e-01
-1.675404379884596062e-01
0.000000000000000000e+00
2.430514193555682601e-01
-4.054710763617579428e-01
0.000000000000000000e+00
-2.076282954738178088e-01
0.000000000000000000e+00
0.000000000000000000e+00
0.000000000000000000e+00
-5.788441684242490171e-01
-8.087355777380164090e-01
-1.943205377561897929e-01
0.000000000000000000e+00
1.007887087673644405e-01
-1.298552508133386275e-02
1.478447260800843377e-01
-1.390577612038715327e-01
0.000000000000000000e+00
9.072791801973949244e-02
0.000000000000000000e+00
-2.181159060080471168e-01
4.634513188237910364e-01
1.529312721522048564e-02
2.839857723767325731e-02
2.194472254269650147e-01
-1.065898849880378557e-01
-7.778595267104748689e-02
0.000000000000000000e+00
-8.838226324252236588e-02
-3.262277273784910947e-01
-4.075702703966255780e-01
8.299344290614771302e-02
0.000000000000000000e+00
0.000000000000000000e+00
-1.277258578085864460e-01
-2.312554004748121339e-01
-3.723322099191724299e-01
0.000000000000000000e+00
0.000000000000000000e+00
0.000000000000000000e+00
-7.870987807296724037e-02
0.000000000000000000e+00
-8.320872629462128245e-02
-3.635049230238313750e-02
-1.498438887355338922e-01
0.000000000000000000e+00
-4.560091722208962917e-02
0.000000000000000000e+00
-2.499664322450097925e-02
0.000000000000000000e+00
-2.415912822156816020e-01
5.423339474581381076e-02
3.111526865740152359e-01
0.000000000000000000e+00
1.724361806858012158e-01
0.000000000000000000e+00
-1.579877834497295588e-02
0.000000000000000000e+00
-5.486614692185026732e-01
0.000000000000000000e+00
0.000000000000000000e+00
0.000000000000000000e+00
0.000000000000000000e+00
0.000000000000000000e+00
1.505110646754788672e-01
-3.985661171275808184e-02
-2.227024987093982056e-01
-1.065009260967437199e-01
7.812183094150793039e-02
0.000000000000000000e+00
0.000000000000000000e+00
-6.662302182200845191e-02
3.234175040719083905e-02
-2.029723435459390712e-01
0.000000000000000000e+00
0.000000000000000000e+00
-2.181813169554502885e-01
-1.438192215385719445e-02
0.000000000000000000e+00
-3.806350819960843679e-01
0.000000000000000000e+00
0.000000000000000000e+00
0.000000000000000000e+00
0.000000000000000000e+00
3.226616813458487165e-01
-3.514783350310932142e-02
-1.315675730461644266e-01
-5.190624182728070801e-02
1.043781791434760103e-01
-1.054530602423980473e-01
-3.617677559792069619e-01
6.092421210499976425e-02
6.460971459955253682e-01
0.000000000000000000e+00
0.000000000000000000e+00
-2.794429109227985486e-01
1.336907108518323728e-01
0.000000000000000000e+00
-3.486713415577536446e-01
-1.979264125925401796e-01
-2.450252067760608776e-01
5.016965988726883596e-01
0.000000000000000000e+00
0.000000000000000000e+00
2.214911287475929413e-01
-1.078747669479204474e-01
0.000000000000000000e+00
1.461490149433980201e-01
1.015010312044506008e-01
9.103743868972340170e-02
1.418886988216335743e-01
-9.845533415890721229e-02
9.279146604736917547e-01
2.061174965915104490e-02
-4.251757397643204373e-01
-2.978040047118379885e-01
-2.717451100229291514e-03
3.651390072679874255e-01
-2.295539575675891730e-01
-1.010818514904955889e-01
2.696568770273981008e-01
0.000000000000000000e+00
0.000000000000000000e+00
0.000000000000000000e+00
1.626960041776199795e-01
0.000000000000000000e+00
-1.391167354574131543e-01
0.000000000000000000e+00
-3.027066432350085656e-01
1.113167638100972801e-01
-1.225575902654962163e-02
0.000000000000000000e+00
-2.503423983822952725e-01
0.000000000000000000e+00
0.000000000000000000e+00
0.000000000000000000e+00
0.000000000000000000e+00
6.742536998919676505e-02
-1.449796779383420720e-01
6.643054667652072143e-02
0.000000000000000000e+00
0.000000000000000000e+00
2.158399437672092191e-01
-1.484505488972837350e-01
2.667000490540575308e-01
2.467255791352935823e-01
1.460058529630031687e-01
1.256150589648117599e-01
4.987296500414952621e-02
4.387503290364336977e-02
0.000000000000000000e+00
-3.576786735523223432e-02
0.000000000000000000e+00
7.353425371226049445e-02
1.309386741194059345e-01
-2.819218460942016224e-02
-2.473272421296087431e-01
0.000000000000000000e+00
0.000000000000000000e+00
-4.818815564743739871e-02
-2.708161767951901555e-01
0.000000000000000000e+00
0.000000000000000000e+00
-4.371485084709846730e-02
0.000000000000000000e+00
5.568652784321146548e-02
-5.379807870421004362e-02
0.000000000000000000e+00
-3.774728381777145425e-01
0.000000000000000000e+00
-1.086437292049296510e-01
0.000000000000000000e+00
0.000000000000000000e+00
2.891344669147576374e-01
1.060428122702706533e-01
0.000000000000000000e+00
-7.721301450742756867e-02
0.000000000000000000e+00
1.433465588334645602e-01
0.000000000000000000e+00
1.048316195614207719e-01
0.000000000000000000e+00
2.020119320309572974e-01
2.076785465924482765e-01
-3.901194163473553633e-02
-2.197102283258071387e-01
-2.158763059610022406e-01
0.000000000000000000e+00
0.000000000000000000e+00
-1.404136615538266464e-01
2.634672346966522305e-01
-4.332337409715529275e-01
0.000000000000000000e+00
8.050237832313333897e-02
8.334595929146088392e-03
-7.784726110392321818e-02
0.000000000000000000e+00
0.000000000000000000e+00
0.000000000000000000e+00
4.588763287004129360e-02
-2.260201699572290598e-02
1.107928459733806131e-01
2.192307146954828867e-01
-5.948969067592826399e-01
-9.484294233517699679e-02
-3.930993340994269891e-01
0.000000000000000000e+00
-4.566413999378950983e-01
2.203640708444334351e-01
-8.737470978343263306e-02
-1.332701922292599817e-01
-1.886883228158623971e-01
0.000000000000000000e+00
4.391809667778479725e-02
0.000000000000000000e+00
0.000000000000000000e+00
0.000000000000000000e+00
0.000000000000000000e+00
-1.442490255859465165e-01
6.438325945250410187e-02
-9.504357935646264022e-02
2.879280997655503382e-01
7.822146545716270050e-02
-8.734265035253695186e-02
-9.723181880743868299e-02
0.000000000000000000e+00
0.000000000000000000e+00
-8.436188042484694949e-02
-4.718439666468515759e-02
0.000000000000000000e+00
-7.842178675558851564e-02
5.288607574559668623e-02
-2.326607434274082040e-03
-2.394379014506613224e-01
0.000000000000000000e+00
0.000000000000000000e+00
0.000000000000000000e+00
2.465351987692370184e-01
-1.336210111308073212e-01
-5.418717461860451251e-02
7.083598836817836530e-02
-1.374037467287916869e-02
8.319323909313533494e-02
-4.835191644814962331e-02
0.000000000000000000e+00
0.000000000000000000e+00
-4.065180273446593051e-01
-1.538565634123477410e-01
0.000000000000000000e+00
0.000000000000000000e+00
0.000000000000000000e+00
-7.771592167849844524e-02
1.190248497635176539e-01
-2.653764438467886011e-01
-2.331218610263740276e-01
-1.997833633903003669e-01
0.000000000000000000e+00
0.000000000000000000e+00
0.000000000000000000e+00
0.000000000000000000e+00
-2.885075366691460582e-03
2.624243379573624746e-01
-4.790622798951003208e-02
-8.285227143605820854e-02
1.565796597628437981e-01
-1.180352702939220511e-02
-5.936292734251025910e-02
-1.721223426235333337e-02
0.000000000000000000e+00
0.000000000000000000e+00
2.920379374866611255e-01
1.125010332037969629e+00
0.000000000000000000e+00
0.000000000000000000e+00
-1.446050885725355672e-01
-4.428744797335210093e-01
-5.812569886476681019e-02
0.000000000000000000e+00
0.000000000000000000e+00
-1.775661447745530419e-01
0.000000000000000000e+00
0.000000000000000000e+00
2.466827268137624929e-01
2.633151345896674739e-02
0.000000000000000000e+00
0.000000000000000000e+00
-4.418128675981564113e-01
1.461076998589797282e-01
3.181258122961013179e-01
0.000000000000000000e+00
0.000000000000000000e+00
-8.157460967851233591e-02
0.000000000000000000e+00
1.292415431889878119e-01
-1.646509894520102879e-01
0.000000000000000000e+00
-2.222022969361734379e-01
0.000000000000000000e+00
0.000000000000000000e+00
-8.278444953340628049e-03
1.914666050796859087e-01
-8.366413819400314589e-03
0.000000000000000000e+00
-6.582208244788775309e-01
0.000000000000000000e+00
0.000000000000000000e+00
8.600813090244273373e-02
5.968112199615512731e-02
-2.559828955141101869e-01
-4.822782328077120789e-02
-2.333289198022146238e-01
0.000000000000000000e+00
-8.435714778625466592e-02
-5.984819037194277769e-02
-3.146046930051414892e-01
-9.385104987088901951e-02
-1.003893661566858941e-01
0.000000000000000000e+00
3.392130841772015293e-01
-1.864871163780952856e-01
3.813006973743675032e-01
-7.609937884238977823e-02
-5.373208187620396453e-02
0.000000000000000000e+00
-6.769316839703141131e-01
0.000000000000000000e+00
0.000000000000000000e+00
6.064810657674991196e-02
-1.701705702163165135e-01
3.705534674931518779e-01
0.000000000000000000e+00
7.746040680576772586e-02
-3.468163714303741652e-02
-2.508883615352595076e-01
-5.201902505446277525e-01
1.221209975024263872e-01
0.000000000000000000e+00
0.000000000000000000e+00
-1.178536165321886625e-01
-2.804647847714447986e-02
8.688077256464581122e-02
3.400968509940956175e-02
-1.704233899711391220e-01
0.000000000000000000e+00
-3.258744399029868122e-01
0.000000000000000000e+00
8.794499515328565997e-02
8.963321152305985251e-01
-9.316715928735087859e-02
0.000000000000000000e+00
-1.874659142178451976e-01
0.000000000000000000e+00
-1.002482941316006071e-02
0.000000000000000000e+00
3.020425652756399404e-01
5.860161875926316322e-01
0.000000000000000000e+00
-2.019569291253308918e-01
0.000000000000000000e+00
0.000000000000000000e+00
0.000000000000000000e+00
0.000000000000000000e+00
0.000000000000000000e+00
1.560188259839720704e-01
-4.921264685339223760e-02
0.000000000000000000e+00
0.000000000000000000e+00
-1.727327167184848355e-01
0.000000000000000000e+00
4.277878144572180297e-01
0.000000000000000000e+00
-2.829231840240366974e-02
-2.250653209732699769e-04
-2.165478936199088100e-01
0.000000000000000000e+00
-1.198902056273523642e-01
3.488534367244583434e-01
3.066784728597534704e-01
0.000000000000000000e+00
0.000000000000000000e+00
0.000000000000000000e+00
0.000000000000000000e+00
2.054780685239031637e-02
9.789445100034945002e-02
-4.091027547645866291e-01
0.000000000000000000e+00
-2.278473770415009314e-01
-2.647970230523508106e-02
0.000000000000000000e+00
0.000000000000000000e+00
0.000000000000000000e+00
0.000000000000000000e+00
0.000000000000000000e+00
0.000000000000000000e+00
-5.150737991125906579e-01
6.521431771694351058e-03
0.000000000000000000e+00
0.000000000000000000e+00
-3.815668563074236380e-02
0.000000000000000000e+00
0.000000000000000000e+00
-2.975658750862449353e-01
-2.224048186834804708e-01
-1.104173367353312174e-01
0.000000000000000000e+00
-3.862258522600064276e-02
1.758265499770054197e-01
-3.858675577322906707e-03
-6.007349830075524588e-01
0.000000000000000000e+00
0.000000000000000000e+00
0.000000000000000000e+00
4.322396395626923460e-02
-4.893558416169871417e-02
0.000000000000000000e+00
0.000000000000000000e+00
0.000000000000000000e+00
1.601488155945789416e-01
-1.178818323047735733e-01
-3.073703125412639153e-02
4.313620940432068562e-01
0.000000000000000000e+00
0.000000000000000000e+00
6.239046981904378120e-02
1.181172247819985005e-01
8.269237871788280916e-03
-1.038621323252550549e-01
0.000000000000000000e+00
0.000000000000000000e+00
-8.042783799907630982e-02
-7.588992868781507806e-02
-1.187943501075564706e-01
0.000000000000000000e+00
3.887393384132257351e-02
0.000000000000000000e+00
7.209669876495695962e-02
0.000000000000000000e+00
0.000000000000000000e+00
-1.305820463806670051e-01
0.000000000000000000e+00
0.000000000000000000e+00
-5.890806437039600163e-02
-8.216777663253602149e-02
0.000000000000000000e+00
1.279778413646785185e-01
-1.107207259468821620e-01
-4.135968806624332195e-02
3.193464067601371748e-02
0.000000000000000000e+00
0.000000000000000000e+00
2.025728718056047650e-01
0.000000000000000000e+00
-8.029517885197002824e-01
-2.408808746807721279e-01
-1.669985311807018202e-01
3.576042466199262360e-01
0.000000000000000000e+00
2.100454807288679171e-02
-2.906472872864462320e-01
0.000000000000000000e+00
-2.299176718850758430e-02
-8.683561636795792543e-03
0.000000000000000000e+00
0.000000000000000000e+00
1.033982177042884060e-01
2.842019674006036611e-01
6.904724954987072165e-03
0.000000000000000000e+00
0.000000000000000000e+00
-7.230000460719232525e-01
7.345197876153490395e-03
0.000000000000000000e+00
1.999832724312956278e-01
0.000000000000000000e+00
-1.159429518573137571e-02
0.000000000000000000e+00
0.000000000000000000e+00
5.790556532069892487e-02
-7.792894056931987112e-02
1.349995524807618211e-02
-1.119668303962983447e-01
-4.981502404695949127e-02
5.288391189077530641e-02
0.000000000000000000e+00
2.129746046649565183e-01
3.388681271368422510e-02
-5.239191790415644728e-02
0.000000000000000000e+00
0.000000000000000000e+00
-3.479583754903567971e-01
-2.689375517691842687e-01
0.000000000000000000e+00
-4.250340377087059585e-01
0.000000000000000000e+00
0.000000000000000000e+00
-2.291837409147269300e-01
-5.489405039453055385e-02
1.642780202553434377e-01
0.000000000000000000e+00
0.000000000000000000e+00
4.522151125027124019e-01
8.502422780955042059e-02
-1.073189867353024074e-01
0.000000000000000000e+00
0.000000000000000000e+00
0.000000000000000000e+00
0.000000000000000000e+00
7.825962114992114638e-02
0.000000000000000000e+00
0.000000000000000000e+00
-6.292479526743438578e-01
3.625887809017675489e-01
-4.595433879696765589e-02
2.035680620141461783e-01
3.672826486843342453e-01
-2.440121556117263446e-01
0.000000000000000000e+00
5.415023600441701834e-01
1.623249412098249633e-01
-2.996712358913937724e-01
-3.432127850464684188e-02
-1.103387115504484428e-01
1.972857568135753525e-01
1.590059552335463811e-01
0.000000000000000000e+00
0.000000000000000000e+00
0.000000000000000000e+00
-2.720085855927706353e-01
-3.683236504669040734e-02
0.000000000000000000e+00
-6.527455907284158976e-02
7.423686692811602011e-04
0.000000000000000000e+00
0.000000000000000000e+00
7.536443789940296956e-01
0.000000000000000000e+00
-1.057822207562405040e-02
0.000000000000000000e+00
0.000000000000000000e+00
-4.162630024356215319e-01
1.132868289906567572e-01
0.000000000000000000e+00
3.094435836185009323e-02
0.000000000000000000e+00
0.000000000000000000e+00
0.000000000000000000e+00
-1.079196878522258735e-01
-8.352155560196805606e-01
8.932823277641261869e-03
0.000000000000000000e+00
0.000000000000000000e+00
-1.863020432281799477e-01
0.000000000000000000e+00
0.000000000000000000e+00
0.000000000000000000e+00
-4.978236367928345202e-02
0.000000000000000000e+00
3.470130862931053994e-01
0.000000000000000000e+00
-1.101051481921849901e-01
-1.190682348288290421e-01
0.000000000000000000e+00
0.000000000000000000e+00
-2.130300248646142258e-01
-1.015667046011088509e-01
-4.384584993715334722e-01
-3.556489525998108858e-01
-6.193449943602852281e-01
-5.459933624982389322e-01
0.000000000000000000e+00
6.598946979605484209e-02
0.000000000000000000e+00
-5.131375007535469990e-02
0.000000000000000000e+00
3.125235044077427915e-01
1.716146590584123263e-02
3.424498569029494344e-01
0.000000000000000000e+00
-1.253449411989259465e-01
-2.699178947172649612e-01
0.000000000000000000e+00
-1.261616893072510792e-01
0.000000000000000000e+00
-6.760735320998399744e-02
0.000000000000000000e+00
0.000000000000000000e+00
0.000000000000000000e+00
-3.923793879417430408e-01
0.000000000000000000e+00
0.000000000000000000e+00
0.000000000000000000e+00
0.000000000000000000e+00
-1.465351878346731473e-01
0.000000000000000000e+00
0.000000000000000000e+00
0.000000000000000000e+00
1.100704667944019804e-01
3.598197620057216883e-01
0.000000000000000000e+00
1.800300186054023810e-01
0.000000000000000000e+00
-2.656302667094036507e-01
-5.310993800479086868e-01
2.949704917762404066e-01
0.000000000000000000e+00
1.068106605834968081e-01
0.000000000000000000e+00
0.000000000000000000e+00
-5.356019963990282795e-02
0.000000000000000000e+00
0.000000000000000000e+00
4.426651315780317369e-02
0.000000000000000000e+00
0.000000000000000000e+00
0.000000000000000000e+00
3.884813117360402801e-01
0.000000000000000000e+00
0.000000000000000000e+00
0.000000000000000000e+00
0.000000000000000000e+00
0.000000000000000000e+00
-1.132199817597924763e-01
1.346768720065906477e-01
-1.859433415685756430e-01
5.565811515240692148e-02
-3.792478506168249497e-02
-1.545937114855475691e-01
1.861477382928680424e-01
-1.851586099498180038e-01
-5.378479375668379636e-02
0.000000000000000000e+00
-1.261822606327791529e-01
0.000000000000000000e+00
0.000000000000000000e+00
0.000000000000000000e+00
2.005004610366498963e-01
-2.507847885298369328e-01
-2.858036056562841543e-01
0.000000000000000000e+00
-5.936708465078556207e-01
0.000000000000000000e+00
0.000000000000000000e+00
-1.943995295817034508e-01
-2.013492755628413511e-01
1.823312707947739586e-01
0.000000000000000000e+00
2.842053138821181157e-01
9.303420743370913182e-02
0.000000000000000000e+00
0.000000000000000000e+00
0.000000000000000000e+00
0.000000000000000000e+00
0.000000000000000000e+00
1.626196141590103839e-01
-9.408610144876354553e-02
0.000000000000000000e+00
-1.643318332286000660e-01
0.000000000000000000e+00
-6.952254575507445244e-02
5.199095275434728602e-02
0.000000000000000000e+00
-6.932917908619634639e-02
0.000000000000000000e+00
-2.324599253395886744e-01
-1.999086625999687075e-02
-2.089464908192691650e-01
0.000000000000000000e+00
-1.267565906551455096e-02
-2.752418943711709698e-01
0.000000000000000000e+00
0.000000000000000000e+00
0.000000000000000000e+00
-2.080898892940368228e-01
-7.893789225727905479e-02
3.123726007194784215e-01
0.000000000000000000e+00
0.000000000000000000e+00
-9.438573284389512041e-02
-8.156879973584378607e-02
0.000000000000000000e+00
0.000000000000000000e+00
4.080393160319006202e-02
-2.239997917676843087e-01
0.000000000000000000e+00
-1.130519874089561672e-01
-2.466165722529079507e-01
-3.548792707593122486e-01
4.872387603072864115e-01
3.606085883264697478e-01
-4.402367341991794136e-01
0.000000000000000000e+00
-3.014213331367769921e-01
1.632791560012704715e-02
6.119762525043166701e-02
3.205995833682301899e-01
0.000000000000000000e+00
-1.126931607216772990e+00
0.000000000000000000e+00
-1.375189411425020158e-01
6.033998901228771611e-02
0.000000000000000000e+00
0.000000000000000000e+00
0.000000000000000000e+00
0.000000000000000000e+00
-2.225423530603960476e-01
0.000000000000000000e+00
0.000000000000000000e+00
1.715374331531588636e-01
-1.577680864252379578e-01
0.000000000000000000e+00
4.719062055287882584e-01
0.000000000000000000e+00
-1.705612116998809352e-02
9.420170986103797162e-02
-3.332311230109357147e-01
0.000000000000000000e+00
-4.200634567863751334e-01
0.000000000000000000e+00
3.022708084639104675e-01
-4.082247259682405538e-01
0.000000000000000000e+00
0.000000000000000000e+00
0.000000000000000000e+00
0.000000000000000000e+00
4.112768036582817310e-02
-5.714989323585788553e-03
-4.761004551601406565e-01
1.663537814841328510e-01
-3.005734458337046555e-01
0.000000000000000000e+00
0.000000000000000000e+00
-2.571524989927816973e-01
-1.143465433007110482e-01
1.031839380944616080e-01
8.453420453022965353e-02
0.000000000000000000e+00
1.017002425639132318e-01
0.000000000000000000e+00
0.000000000000000000e+00
-3.308011913278794958e-01
0.000000000000000000e+00
-6.068432717185147374e-02
-3.445587839418123854e-02
-1.752213656632963523e-01
0.000000000000000000e+00
-2.212664237052366228e-02
2.484721168783289025e-01
3.242149651281884815e-01
-2.928108449360429244e-01
1.451452966683989543e-01
0.000000000000000000e+00
0.000000000000000000e+00
0.000000000000000000e+00
0.000000000000000000e+00
-1.137879987072463323e-02
-4.730766907429954093e-01
0.000000000000000000e+00
-1.208162821746984299e-03
-1.017285681908883244e-01
-3.552507464262906756e-01
-3.704667875703668289e-01
-2.170146450131228699e-01
0.000000000000000000e+00
0.000000000000000000e+00
-3.705574647311091763e-01
1.832907355756525081e-01
-7.209631118701917973e-01
-6.672729759181005027e-02
-6.904759732396494910e-03
0.000000000000000000e+00
1.038796061990607394e-01
3.517890486903641183e-03
0.000000000000000000e+00
2.409761976192033306e-03
0.000000000000000000e+00
-4.138217534332448710e-02
-1.805412846275964711e-01
0.000000000000000000e+00
0.000000000000000000e+00
0.000000000000000000e+00
0.000000000000000000e+00
0.000000000000000000e+00
3.998296485118300603e-01
0.000000000000000000e+00
-1.696717638096808811e-01
-9.125955902362982430e-02
0.000000000000000000e+00
-3.302906122002809974e-01
-1.435326280167037727e-01
0.000000000000000000e+00
-2.967248859187179844e-01
0.000000000000000000e+00
1.251910881672474163e-01
0.000000000000000000e+00
0.000000000000000000e+00
-4.093869186995534593e-01
1.814970550194042534e-02
0.000000000000000000e+00
-7.833588411412630015e-02
0.000000000000000000e+00
0.000000000000000000e+00
1.014726845326901911e-01
-2.541550232691427436e-01
0.000000000000000000e+00
5.428044321976128322e-02
4.174256409740522145e-01
0.000000000000000000e+00
-5.415323033286623122e-03
6.642282413654126971e-01
0.000000000000000000e+00
-2.036877888637430578e-01
-1.305513343976700824e-01
0.000000000000000000e+00
1.171943513732604109e-01
1.693422689319938890e-01
-7.090356254310672957e-02
-7.643126993637013034e-02
-4.034806941945441316e-01
0.000000000000000000e+00
-3.845714280480937997e-01
-2.241891407670103809e-01
-1.441235757355334990e-01
4.001827961075692455e-03
0.000000000000000000e+00
-1.532091800494108091e-01
0.000000000000000000e+00
0.000000000000000000e+00
-3.794441652216540284e-01
0.000000000000000000e+00
-5.809346271429480235e-02
-6.209151470388711569e-02
-7.197025810624332887e-02
-2.169787647757571644e-02
0.000000000000000000e+00
-2.470096107277596764e-01
0.000000000000000000e+00
-9.110458965820882049e-02
9.416545519607265324e-02
0.000000000000000000e+00
8.790599122710655855e-02
0.000000000000000000e+00
0.000000000000000000e+00
0.000000000000000000e+00
-1.307780949520047364e-01
1.694075844391013386e-01
9.985250719463328872e-02
0.000000000000000000e+00
-2.269828892791429797e-01
4.993264723198845290e-02
0.000000000000000000e+00
-6.885370552557401602e-02
0.000000000000000000e+00
0.000000000000000000e+00
0.000000000000000000e+00
0.000000000000000000e+00
0.000000000000000000e+00
-3.592692887733703322e-01
-2.233207098794154633e-01
7.196118359442094103e-02
0.000000000000000000e+00
4.118017246597024950e-01
6.466120359657280270e-01
-3.331310369133729798e-01
-1.753251487360332761e-01
-5.776043694335072920e-02
-1.669828047775671065e-01
2.780502157434979610e-02
-2.060041837072768278e-01
0.000000000000000000e+00
7.496247852087007946e-01
-3.567448675579765888e-02
0.000000000000000000e+00
0.000000000000000000e+00
0.000000000000000000e+00
0.000000000000000000e+00
0.000000000000000000e+00
0.000000000000000000e+00
-3.867838757373058267e-01
-3.424831111015547158e-02
-3.073619793513323595e-01
-2.159824403452336727e-01
0.000000000000000000e+00
0.000000000000000000e+00
-1.025344818405726777e-01
0.000000000000000000e+00
0.000000000000000000e+00
0.000000000000000000e+00
0.000000000000000000e+00
1.569765093613027795e-02
-1.964801845417515624e-01
-4.430239575750279102e-02
0.000000000000000000e+00
0.000000000000000000e+00
0.000000000000000000e+00
0.000000000000000000e+00
-2.431263536930201169e-02
-8.429756759441145442e-02
0.000000000000000000e+00
0.000000000000000000e+00
0.000000000000000000e+00
4.518904798141200607e-01
0.000000000000000000e+00
6.603708310097165628e-03
-2.398524801050424399e-02
0.000000000000000000e+00
-6.892555689472022740e-02
0.000000000000000000e+00
4.713475432591347769e-02
1.983665454203888817e-02
-6.978396195844149483e-03
-1.626636497384488234e-01
6.336237168581972945e-01
0.000000000000000000e+00
0.000000000000000000e+00
5.167454610236695695e-02
-1.988974157549819322e-01
0.000000000000000000e+00
-7.282711809423416185e-03
0.000000000000000000e+00
3.418567599340984753e-01
1.254056494629141871e-01
-1.362415517778582386e-01
0.000000000000000000e+00
0.000000000000000000e+00
-2.793162818015914040e-01
0.000000000000000000e+00
-2.128610960194222135e-01
-2.437710257756694754e-01
-5.273657945988055595e-02
-2.822670519782186430e-02
0.000000000000000000e+00
0.000000000000000000e+00
7.704512623209500144e-02
-3.210884010767947605e-01
0.000000000000000000e+00
0.000000000000000000e+00
-1.847956323437743575e-01
-2.480894415718443990e-01
0.000000000000000000e+00
-4.126124849084796681e-02
0.000000000000000000e+00
0.000000000000000000e+00
0.000000000000000000e+00
-5.814363780263664960e-01
-2.119256050431871444e-02
-6.615078442989209551e-01
5.123398654474675684e-01
-1.710629399365537484e-01
-2.886641982374556492e-01
2.358627560615702001e-01
-3.164925909180283381e-01
0.000000000000000000e+00
-4.212957279110611172e-03
0.000000000000000000e+00
6.331338589116630722e-02
-6.987306565478815235e-02
6.953767088677369201e-02
0.000000000000000000e+00
0.000000000000000000e+00
-6.961014813996628525e-02
-6.742760417192779354e-02
-9.757701986422812057e-03
-5.205133592869135573e-01
-3.230367846871010640e-01
-4.286691258767520996e-01
-9.709462224569292976e-02
-3.146324385618236574e-01
3.679706206597166407e-02
-3.813111856071022543e-01
6.201785724005165305e-03
-4.677612673143650979e-02
1.345303065782965657e-02
0.000000000000000000e+00
0.000000000000000000e+00
-2.507400976203911225e-01
2.918576852210403860e-01
0.000000000000000000e+00
-2.022014576997863133e-01
0.000000000000000000e+00
-2.369257927527654572e-01
0.000000000000000000e+00
-5.216920116026084742e-01
0.000000000000000000e+00
0.000000000000000000e+00
0.000000000000000000e+00
0.000000000000000000e+00
3.212594401380742398e-02
-1.973195021689846604e-03
-5.744765451799516837e-02
-1.875942235804865521e-01
0.000000000000000000e+00
-1.443275601707641465e-01
0.000000000000000000e+00
3.681485617414628209e-01
-1.798264796596081225e-02
0.000000000000000000e+00
0.000000000000000000e+00
1.794800625240030867e-01
-3.340418396279729585e-01
0.000000000000000000e+00
0.000000000000000000e+00
-8.683415515197666357e-02
1.677747396537726809e-01
0.000000000000000000e+00
-6.729648052057219179e-03
1.708530666122382302e-01
0.000000000000000000e+00
-6.406786131222103053e-01
6.578218679540000224e-02
5.414621269539707932e-02
-5.803568593684018014e-03
7.502313021922094038e-02
-1.923779116351854723e-01
-2.600138866064100607e-01
-1.022509392575814743e-03
0.000000000000000000e+00
-1.316440071159986347e-01
0.000000000000000000e+00
-3.970397221032446189e-01
-5.833140592719148199e-01
-4.959351425524215901e-02
8.880644611266082927e-03
2.592316762544745121e-03
-3.208840537922239694e-02
-1.379805806223398379e-01
-1.472883165185426557e-01
0.000000000000000000e+00
1.284822379955418148e-01
0.000000000000000000e+00
6.439934479424130886e-02
1.222254696648467781e-01
-6.287411792271704880e-02
-1.042685790352462782e-01
0.000000000000000000e+00
2.383767753575839060e-02
2.465522922425673977e-03
0.000000000000000000e+00
0.000000000000000000e+00
0.000000000000000000e+00
5.735322412294556471e-02
2.844612241874654446e-01
0.000000000000000000e+00
0.000000000000000000e+00
0.000000000000000000e+00
0.000000000000000000e+00
-4.284175527792501159e-02
-3.303199361276420998e-01
0.000000000000000000e+00
-1.943853975307681392e-01
0.000000000000000000e+00
0.000000000000000000e+00
0.000000000000000000e+00
1.119500394570602103e-01
0.000000000000000000e+00
1.203297917390829114e-01
0.000000000000000000e+00
0.000000000000000000e+00
4.864916314737612046e-02
3.864765560650219173e-02
-1.251751983613519636e-01
0.000000000000000000e+00
0.000000000000000000e+00
0.000000000000000000e+00
9.948472411927378189e-02
0.000000000000000000e+00
-1.361421276638016542e-01
0.000000000000000000e+00
0.000000000000000000e+00
0.000000000000000000e+00
-5.664655223511450011e-01
0.000000000000000000e+00
0.000000000000000000e+00
-1.391175114566972348e-01
0.000000000000000000e+00
0.000000000000000000e+00
0.000000000000000000e+00
9.616369207644538328e-03
-6.611935453005791941e-02
-1.380371987656657251e-01
-4.008032635244440645e-02
0.000000000000000000e+00
0.000000000000000000e+00
-1.092351744708946193e-01
-1.500589755692131599e-01
0.000000000000000000e+00
0.000000000000000000e+00
1.105451532935827243e-02
0.000000000000000000e+00
-2.160023291834892722e-01
1.038292610749501632e-01
0.000000000000000000e+00
1.258685295304881879e-01
-1.701439193382773551e-01
0.000000000000000000e+00
-5.090476855427239489e-02
-1.686901147740192397e-01
0.000000000000000000e+00
0.000000000000000000e+00
0.000000000000000000e+00
-9.878185470258413203e-02
-2.251749703736355412e-01
-7.489875882301833161e-03
0.000000000000000000e+00
0.000000000000000000e+00
2.952873139637073319e-01
0.000000000000000000e+00
0.000000000000000000e+00
-2.544355587580535705e-01
2.012435066518184212e-01
4.539484926020748157e-01
0.000000000000000000e+00
0.000000000000000000e+00
-1.180219045317393162e-01
0.000000000000000000e+00
0.000000000000000000e+00
2.898827162190516504e-01
6.773033421304452961e-02
1.098052526240930749e-01
0.000000000000000000e+00
0.000000000000000000e+00
4.306785923848312214e-02
0.000000000000000000e+00
1.617083507279227783e-01
-3.285704198933092840e-04
2.480397642086053234e-01
0.000000000000000000e+00
0.000000000000000000e+00
0.000000000000000000e+00
0.000000000000000000e+00
-2.900176339750518695e-01
0.000000000000000000e+00
0.000000000000000000e+00
0.000000000000000000e+00
4.498046630545803337e-01
-1.404071266359587233e-01
0.000000000000000000e+00
3.854973668807310516e-01
0.000000000000000000e+00
0.000000000000000000e+00
0.000000000000000000e+00
9.246194465777121674e-02
-1.897319332627173671e-01
0.000000000000000000e+00
0.000000000000000000e+00
3.173573026105849237e-01
-2.225628658639415558e-01
1.837186650652103403e-01
0.000000000000000000e+00
-2.816119925116185307e-02
0.000000000000000000e+00
-1.315907969526443344e-01
0.000000000000000000e+00
-4.562053497886990328e-01
-4.885276119355570594e-03
-1.295144354410229792e-01
0.000000000000000000e+00
4.313996807195373262e-01
0.000000000000000000e+00
-2.061461787472285145e-01
-4.010946266107335845e-01
0.000000000000000000e+00
-3.814633640561679306e-02
-1.607174704583404917e-03
-1.394051219102825090e-01
0.000000000000000000e+00
-8.182794649678094834e-02
-5.877646509331218433e-02
-1.664607611745768656e-01
0.000000000000000000e+00
0.000000000000000000e+00
0.000000000000000000e+00
2.955404973571670868e-01
-2.998543607487577645e-01
0.000000000000000000e+00
-9.546078413850439537e-02
0.000000000000000000e+00
3.258689102110544356e-02
3.310168580308172070e-01
5.048659505600513464e-01
9.343996560228748915e-01
0.000000000000000000e+00
5.947463064769553664e-01
0.000000000000000000e+00
0.000000000000000000e+00
0.000000000000000000e+00
0.000000000000000000e+00
0.000000000000000000e+00
0.000000000000000000e+00
3.994815701902055260e-01
0.000000000000000000e+00
0.000000000000000000e+00
-1.573939792356437994e-01
0.000000000000000000e+00
0.000000000000000000e+00
1.246148431178612792e-01
0.000000000000000000e+00
0.000000000000000000e+00
0.000000000000000000e+00
0.000000000000000000e+00
0.000000000000000000e+00
-2.234690595314397787e-01
-3.040703063812870144e-01
2.927363250531611061e-01
-2.506449574938564573e-01
0.000000000000000000e+00
-1.821632126847062549e-01
-1.810831255616819901e-01
1.477338909203700645e-01
-1.473535415821513594e-01
0.000000000000000000e+00
0.000000000000000000e+00
0.000000000000000000e+00
0.000000000000000000e+00
-4.161084907292373486e-02
0.000000000000000000e+00
0.000000000000000000e+00
0.000000000000000000e+00
-6.802711135063721493e-02
0.000000000000000000e+00
0.000000000000000000e+00
1.438299423776742414e-01
1.795314269178618083e-01
0.000000000000000000e+00
-8.307884061912604867e-01
0.000000000000000000e+00
0.000000000000000000e+00
3.638488102996460111e-02
0.000000000000000000e+00
8.419476757502736275e-01
-2.213212484501106414e-01
0.000000000000000000e+00
0.000000000000000000e+00
0.000000000000000000e+00
-6.617457371848019243e-02
0.000000000000000000e+00
2.164519831321719268e-01
0.000000000000000000e+00
-1.661974913414285271e-02
1.410600912750868963e-01
0.000000000000000000e+00
0.000000000000000000e+00
0.000000000000000000e+00
-1.720160637049617802e-01
-4.024054632737817522e-02
2.756918416204735475e-02
-3.767213322042198276e-01
0.000000000000000000e+00
-4.812786510535952550e-02
-1.111410647777210797e-01
0.000000000000000000e+00
-2.135071320594802979e-01
2.751541989595998050e-01
0.000000000000000000e+00
-2.335314961072674500e-01
-2.605559388305688229e-01
-1.663674574309949861e-01
-3.377398765362411154e-02
0.000000000000000000e+00
0.000000000000000000e+00
0.000000000000000000e+00
-1.017754425181362499e-01
5.609510297674817902e-01
0.000000000000000000e+00
0.000000000000000000e+00
0.000000000000000000e+00
1.137324801464370677e-01
-5.524802729332608381e-02
0.000000000000000000e+00
0.000000000000000000e+00
1.564982592066673506e-01
-1.309747575936210176e-02
2.569738420361497022e-01
0.000000000000000000e+00
-2.090789858538655843e-01
8.739318699296430917e-03
0.000000000000000000e+00
0.000000000000000000e+00
1.556073211485886065e-01
-1.424094450164182513e-01
0.000000000000000000e+00
3.598004004046757853e-02
0.000000000000000000e+00
0.000000000000000000e+00
0.000000000000000000e+00
-2.192794432960750717e-01
-3.728874010572626879e-02
-8.968000866622062583e-02
2.768275282339154320e-01
0.000000000000000000e+00
1.061200002961307787e-01
0.000000000000000000e+00
-2.190018717805693738e-01
-4.482291620189469972e-02
0.000000000000000000e+00
-1.842381397683658661e-01
-3.739908654451705727e-01
0.000000000000000000e+00
-2.073079819167302287e-02
-6.053518144924221848e-03
4.115289231128221176e-02
0.000000000000000000e+00
6.190084452562992501e-02
0.000000000000000000e+00
-4.164863074016260658e-01
0.000000000000000000e+00
0.000000000000000000e+00
0.000000000000000000e+00
-1.428158773001992898e-01
0.000000000000000000e+00
0.000000000000000000e+00
3.351379779687071320e-02
-1.076286336070137351e+00
0.000000000000000000e+00
0.000000000000000000e+00
0.000000000000000000e+00
-1.789940598980237219e-01
3.202637332388006408e-01
-9.123980400593538487e-02
8.105711693673714469e-02
2.976163475176499817e-01
0.000000000000000000e+00
0.000000000000000000e+00
-2.119476857640546497e-01
6.186350635928584973e-02
0.000000000000000000e+00
0.000000000000000000e+00
-4.536544086547294463e-01
0.000000000000000000e+00
4.058713627722715378e-01
0.000000000000000000e+00
2.330782148677302545e-01
-2.764380268084499215e-01
0.000000000000000000e+00
-4.517020175933900705e-01
0.000000000000000000e+00
-1.256838252977817705e-01
0.000000000000000000e+00
0.000000000000000000e+00
0.000000000000000000e+00
-2.672690339931089176e-01
0.000000000000000000e+00
0.000000000000000000e+00
-6.850364617564429215e-02
0.000000000000000000e+00
0.000000000000000000e+00
0.000000000000000000e+00
2.206350081661180851e-01
0.000000000000000000e+00
0.000000000000000000e+00
-7.294788538604617401e-01
0.000000000000000000e+00
0.000000000000000000e+00
0.000000000000000000e+00
0.000000000000000000e+00
0.000000000000000000e+00
-3.796699073598260865e-01
1.814075905184915904e-01
0.000000000000000000e+00
0.000000000000000000e+00
1.605455361677169401e-01
1.738990759344882786e-01
0.000000000000000000e+00
0.000000000000000000e+00
0.000000000000000000e+00
0.000000000000000000e+00
5.605421933555222030e-02
0.000000000000000000e+00
-3.781056277136854438e-01
0.000000000000000000e+00
0.000000000000000000e+00
-1.636170191755943748e-01
0.000000000000000000e+00
-3.411107034856455389e-01
0.000000000000000000e+00
3.860065226568066277e-01
-7.121946347117709408e-02
0.000000000000000000e+00
2.075310621954730428e-01
1.016847791855540528e+00
1.945057403186339906e-01
1.823367683203019340e-01
0.000000000000000000e+00
-1.932629200490673105e-01
6.651458401043224000e-02
0.000000000000000000e+00
0.000000000000000000e+00
-3.354333035752195963e-02
-5.841026258306949437e-01
0.000000000000000000e+00
0.000000000000000000e+00
0.000000000000000000e+00
1.429501373801161102e-01
-2.770448794635734825e-03
-2.241925042157014436e-01
1.120035632261879958e-02
0.000000000000000000e+00
0.000000000000000000e+00
0.000000000000000000e+00
0.000000000000000000e+00
0.000000000000000000e+00
0.000000000000000000e+00
0.000000000000000000e+00
-1.115808286769369162e-01
0.000000000000000000e+00
-4.803864220888299369e-02
0.000000000000000000e+00
-6.194424761398227286e-01
-1.754756934411170755e-01
0.000000000000000000e+00
-1.812715115344626926e-01
-1.135267272778461706e-01
7.631757709631081625e-03
1.532722961951858698e-01
0.000000000000000000e+00
0.000000000000000000e+00
0.000000000000000000e+00
-3.544361262131901641e-02
0.000000000000000000e+00
0.000000000000000000e+00
1.114105615410577177e-01
0.000000000000000000e+00
0.000000000000000000e+00
0.000000000000000000e+00
0.000000000000000000e+00
0.000000000000000000e+00
-6.970335609467133431e-02
0.000000000000000000e+00
0.000000000000000000e+00
0.000000000000000000e+00
0.000000000000000000e+00
0.000000000000000000e+00
0.000000000000000000e+00
0.000000000000000000e+00
-2.087803964804996540e-02
-2.217122115855607936e-02
0.000000000000000000e+00
5.001456683280653959e-01
0.000000000000000000e+00
0.000000000000000000e+00
-1.465925592136872457e-01
3.855737041708148793e-01
0.000000000000000000e+00
-2.266361409340041377e-01
1.055027791493827333e-01
0.000000000000000000e+00
0.000000000000000000e+00
-1.905631027291012081e-01
0.000000000000000000e+00
3.021731073723613048e-01
-4.482824864347386695e-01
0.000000000000000000e+00
0.000000000000000000e+00
0.000000000000000000e+00
1.649948792198428493e-01
0.000000000000000000e+00
0.000000000000000000e+00
0.000000000000000000e+00
-2.364706702404749394e-01
0.000000000000000000e+00
-4.361081883982054208e-01
0.000000000000000000e+00
0.000000000000000000e+00
1.353116483742361487e-01
0.000000000000000000e+00
0.000000000000000000e+00
0.000000000000000000e+00
0.000000000000000000e+00
-4.019724812860560326e-02
0.000000000000000000e+00
-4.156837509735318292e-01
0.000000000000000000e+00
-4.707527436541977250e-01
0.000000000000000000e+00
0.000000000000000000e+00
0.000000000000000000e+00
0.000000000000000000e+00
-2.041918217591837670e-01
-7.542602337531227608e-02
0.000000000000000000e+00
-1.161790486570282721e-01
-2.278937994408594958e-01
-5.764862222770739120e-01
5.249053150618438607e-02
0.000000000000000000e+00
0.000000000000000000e+00
0.000000000000000000e+00
-3.767958431171780642e-01
1.451944888287959590e-01
0.000000000000000000e+00
0.000000000000000000e+00
2.627400604764268399e-01
0.000000000000000000e+00
7.092754082111277225e-02
0.000000000000000000e+00
0.000000000000000000e+00
0.000000000000000000e+00
1.344076355750982721e-01
0.000000000000000000e+00
0.000000000000000000e+00
0.000000000000000000e+00
3.322732543528642002e-01
-1.653120375839632616e-01
2.551475628907603488e-01
-1.105649776466087301e-02
1.644109976465613077e-02
-1.117835594950106481e-01
0.000000000000000000e+00
1.915850059305818087e-01
0.000000000000000000e+00
-1.341310494981322043e-01
-1.698827809883051432e-01
-1.520806775609190031e-01
0.000000000000000000e+00
0.000000000000000000e+00
-4.056390911508046815e-02
0.000000000000000000e+00
0.000000000000000000e+00
0.000000000000000000e+00
0.000000000000000000e+00
2.968914218514395187e-01
0.000000000000000000e+00
0.000000000000000000e+00
-2.606335832154777973e-02
1.314509487399212473e-02
0.000000000000000000e+00
3.004048535326057090e-01
0.000000000000000000e+00
-4.558555999863506819e-03
0.000000000000000000e+00
0.000000000000000000e+00
-6.520173137119941731e-02
-2.511626475244549406e-01
0.000000000000000000e+00
-2.537969901214457424e-01
4.734577306754885612e-03
1.917895068070140929e-01
1.332353545001881689e-01
0.000000000000000000e+00
0.000000000000000000e+00
0.000000000000000000e+00
0.000000000000000000e+00
0.000000000000000000e+00
-2.219492446254528739e-01
-2.523067478876216407e-01
0.000000000000000000e+00
-3.081950812132330242e-01
0.000000000000000000e+00
0.000000000000000000e+00
0.000000000000000000e+00
-3.785949659016094593e-01
0.000000000000000000e+00
0.000000000000000000e+00
0.000000000000000000e+00
0.000000000000000000e+00
0.000000000000000000e+00
0.000000000000000000e+00
0.000000000000000000e+00
0.000000000000000000e+00
0.000000000000000000e+00
0.000000000000000000e+00
0.000000000000000000e+00
-1.140272624658070222e-02
-1.604739497918038216e-01
3.940760033490641745e-01
0.000000000000000000e+00
0.000000000000000000e+00
0.000000000000000000e+00
1.118259542758590769e-01
0.000000000000000000e+00
0.000000000000000000e+00
0.000000000000000000e+00
-5.204156336553086293e-01
0.000000000000000000e+00
0.000000000000000000e+00
1.866098037506591645e-01
-2.018438362361163474e-01
0.000000000000000000e+00
-2.399005104193909499e-01
0.000000000000000000e+00
-2.970305877999983649e-02
1.464976620682134911e-01
-3.832578887117541466e-01
0.000000000000000000e+00
0.000000000000000000e+00
0.000000000000000000e+00
0.000000000000000000e+00
0.000000000000000000e+00
0.000000000000000000e+00
0.000000000000000000e+00
-1.989850861807765658e-01
0.000000000000000000e+00
-3.407763591505046374e-01
0.000000000000000000e+00
0.000000000000000000e+00
0.000000000000000000e+00
0.000000000000000000e+00
0.000000000000000000e+00
0.000000000000000000e+00
-4.809544330203131546e-01
0.000000000000000000e+00
0.000000000000000000e+00
0.000000000000000000e+00
0.000000000000000000e+00
0.000000000000000000e+00
-2.233867939884856268e-01
0.000000000000000000e+00
0.000000000000000000e+00
0.000000000000000000e+00
0.000000000000000000e+00
3.022380100993307672e-01
0.000000000000000000e+00
0.000000000000000000e+00
0.000000000000000000e+00
1.412246375300259538e-01
0.000000000000000000e+00
0.000000000000000000e+00
3.931197446423922437e-01
5.466015007897895295e-01
0.000000000000000000e+00
1.103572383985437499e-01
0.000000000000000000e+00
0.000000000000000000e+00
5.766595810344877365e-02
-2.358933041888098825e-01
1.510735379715176172e-02
-2.185853409405952574e-01
-8.585269090057459640e-02
-7.398868436358742827e-03
-5.567228995103977729e-01
0.000000000000000000e+00
0.000000000000000000e+00
0.000000000000000000e+00
0.000000000000000000e+00
3.029502996458635633e-01
3.232659235582055479e-01
0.000000000000000000e+00
0.000000000000000000e+00
0.000000000000000000e+00
-1.472272848811307933e-01
-6.545846580724110630e-01
-1.645780512584496813e-01
7.002776525581648134e-03
0.000000000000000000e+00
-1.024324892821766170e-01
0.000000000000000000e+00
-2.411860876061320824e-01
0.000000000000000000e+00
-2.837770344588143312e-02
0.000000000000000000e+00
-9.507657586288851270e-01
0.000000000000000000e+00
-3.384632306993660966e-02
-3.209539737767983514e-01
-3.374089496133135246e-01
0.000000000000000000e+00
1.818985121894080726e-03
2.806084763209937272e-01
0.000000000000000000e+00
0.000000000000000000e+00
-3.144713134167396174e-01
0.000000000000000000e+00
0.000000000000000000e+00
0.000000000000000000e+00
-2.549731811240847912e-01
-2.747337472699433736e-01
-2.347944842272731147e-01
0.000000000000000000e+00
0.000000000000000000e+00
0.000000000000000000e+00
6.139756925226525636e-02
0.000000000000000000e+00
0.000000000000000000e+00
0.000000000000000000e+00
0.000000000000000000e+00
2.079744496515131269e-01
7.636028678064331332e-02
0.000000000000000000e+00
0.000000000000000000e+00
-2.962947758310592317e-01
-1.546120335142900371e-01
0.000000000000000000e+00
1.864265060025416809e-01
0.000000000000000000e+00
0.000000000000000000e+00
0.000000000000000000e+00
0.000000000000000000e+00
-2.727771267581945991e-01
-5.179080541219510669e-01
-1.610856464278204725e-01
0.000000000000000000e+00
0.000000000000000000e+00
0.000000000000000000e+00
0.000000000000000000e+00
0.000000000000000000e+00
0.000000000000000000e+00
1.241146535958655289e-01
0.000000000000000000e+00
-1.505048056289774727e-01
0.000000000000000000e+00
0.000000000000000000e+00
-2.758533686476831726e-01
0.000000000000000000e+00
0.000000000000000000e+00
-2.580260481563611541e-01
0.000000000000000000e+00
0.000000000000000000e+00
-2.772832744978829811e-01
1.838788196270959574e-01
0.000000000000000000e+00
0.000000000000000000e+00
0.000000000000000000e+00
0.000000000000000000e+00
0.000000000000000000e+00
0.000000000000000000e+00
0.000000000000000000e+00
1.320599310207797861e-01
0.000000000000000000e+00
-8.722712574403332364e-02
-1.065249625523072563e-01
0.000000000000000000e+00
2.208922975665733590e-01
0.000000000000000000e+00
-1.371469667851106244e-01
2.644939708432481051e-01
0.000000000000000000e+00
0.000000000000000000e+00
7.518025999021284156e-02
-1.187992544346024720e-01
-2.210586494899397791e-01
0.000000000000000000e+00
0.000000000000000000e+00
-6.596251995923596567e-02
-3.509522681175576975e-01
0.000000000000000000e+00
0.000000000000000000e+00
0.000000000000000000e+00
0.000000000000000000e+00
-1.171322042931507018e-01
0.000000000000000000e+00
0.000000000000000000e+00
-1.685051727131961774e-01
0.000000000000000000e+00
3.339551997598858013e-01
0.000000000000000000e+00
-3.438239342032262807e-02
0.000000000000000000e+00
0.000000000000000000e+00
-1.763525856790609525e-01
-2.869440479915426421e-03
0.000000000000000000e+00
0.000000000000000000e+00
0.000000000000000000e+00
-2.066760248241683584e-01
0.000000000000000000e+00
0.000000000000000000e+00
0.000000000000000000e+00
1.017265881315672083e-01
0.000000000000000000e+00
9.043077108151612031e-02
0.000000000000000000e+00
-1.864053520852367030e-01
-6.319256736231340654e-02
0.000000000000000000e+00
0.000000000000000000e+00
-3.502921238869941001e-01
0.000000000000000000e+00
0.000000000000000000e+00
0.000000000000000000e+00
0.000000000000000000e+00
0.000000000000000000e+00
0.000000000000000000e+00
-5.262186505133491926e-02
-2.659019139335366821e-01
2.906257787046730434e-01
-3.410772040389280224e-02
-6.537794845691863310e-01
3.807028567069171698e-01
0.000000000000000000e+00
0.000000000000000000e+00
2.930427643637059654e-01
0.000000000000000000e+00
2.174873164603666198e-01
0.000000000000000000e+00
-1.350023101132246696e-02
0.000000000000000000e+00
1.648213844760845204e-01
0.000000000000000000e+00
-4.449323864126213113e-02
0.000000000000000000e+00
0.000000000000000000e+00
0.000000000000000000e+00
0.000000000000000000e+00
0.000000000000000000e+00
5.173624148744462165e-02
0.000000000000000000e+00
-7.717385279412090904e-02
0.000000000000000000e+00
4.818695299877255311e-01
0.000000000000000000e+00
-1.596507622560278394e-01
-8.703708029918663658e-02
0.000000000000000000e+00
0.000000000000000000e+00
1.790467989586848052e-01
0.000000000000000000e+00
0.000000000000000000e+00
0.000000000000000000e+00
-4.277279849021231595e-01
0.000000000000000000e+00
-3.525417209836453208e-02
0.000000000000000000e+00
0.000000000000000000e+00
-3.861033382343611042e-01
0.000000000000000000e+00
0.000000000000000000e+00
-2.315383248801857197e-01
0.000000000000000000e+00
-1.249624879497607671e-01
0.000000000000000000e+00
0.000000000000000000e+00
2.400658779269801701e-01
0.000000000000000000e+00
-1.401472902852809455e-01
0.000000000000000000e+00
-1.421177101063700876e-01
0.000000000000000000e+00
-4.379371832580103430e-01
9.134339438360190855e-02
0.000000000000000000e+00
-2.707653151445659368e-03
0.000000000000000000e+00
-4.934761172307200461e-02
0.000000000000000000e+00
-6.589413434599683539e-02
-1.230051825864214229e-02
-1.459284624945168633e-02
1.274173736032357951e+00
0.000000000000000000e+00
0.000000000000000000e+00
-9.997425025850317781e-02
0.000000000000000000e+00
-7.417912692329656776e-01
1.642110314374282259e-02
0.000000000000000000e+00
9.468044471204267731e-01
0.000000000000000000e+00
2.519599051498609410e-01
0.000000000000000000e+00
0.000000000000000000e+00
0.000000000000000000e+00
0.000000000000000000e+00
-2.819787393378792029e-01
3.283406346798121034e-03
7.212651388955045872e-01
0.000000000000000000e+00
6.604911750770312007e-02
-2.260186116268304013e-01
0.000000000000000000e+00
0.000000000000000000e+00
-6.038055201250693699e-02
0.000000000000000000e+00
0.000000000000000000e+00
0.000000000000000000e+00
0.000000000000000000e+00
-4.935506273536292010e-01
1.934955140768995774e-01
7.708619549324575992e-02
0.000000000000000000e+00
1.848002363626041755e-01
0.000000000000000000e+00
-4.785861217905180709e-01
1.053030166888584418e-01
0.000000000000000000e+00
-5.163704864264692107e-01
5.090897588199133975e-03
1.692134497629499412e-01
-3.766484593542184650e-02
4.690203514458078926e-01
-2.707998530480889773e-02
0.000000000000000000e+00
-3.028749378610414711e-01
0.000000000000000000e+00
0.000000000000000000e+00
0.000000000000000000e+00
0.000000000000000000e+00
8.793324032391470757e-01
-2.991379624666766213e-01
0.000000000000000000e+00
0.000000000000000000e+00
0.000000000000000000e+00
0.000000000000000000e+00
3.222134654183975155e-01
0.000000000000000000e+00
-9.365896033508513963e-02
2.068252663678044057e-02
0.000000000000000000e+00
0.000000000000000000e+00
0.000000000000000000e+00
-4.484618340072341058e-01
0.000000000000000000e+00
0.000000000000000000e+00
0.000000000000000000e+00
4.184476834626172509e-02
0.000000000000000000e+00
1.274140912218925913e-02
-2.866018903447161564e-02
0.000000000000000000e+00
0.000000000000000000e+00
0.000000000000000000e+00
-2.888810762944965527e-01
0.000000000000000000e+00
2.396797813487405449e-01
0.000000000000000000e+00
0.000000000000000000e+00
-5.157810416901496484e-03
0.000000000000000000e+00
2.019738155512150746e-01
-1.305478508356014700e-01
-2.654207331592647323e-01
-4.207019633782614898e-01
0.000000000000000000e+00
0.000000000000000000e+00
1.925645922592231496e-01
3.063936632063056845e-02
0.000000000000000000e+00
0.000000000000000000e+00
0.000000000000000000e+00
-1.043387081644531200e-01
6.553294002667469850e-03
0.000000000000000000e+00
0.000000000000000000e+00
0.000000000000000000e+00
-4.501990113906828572e-02
0.000000000000000000e+00
0.000000000000000000e+00
3.176126555467977397e-01
-1.284341270245593740e-02
0.000000000000000000e+00
0.000000000000000000e+00
0.000000000000000000e+00
0.000000000000000000e+00
6.077921818417805211e-01
0.000000000000000000e+00
-2.506407060051521474e-02
2.968726065714621387e-01
0.000000000000000000e+00
0.000000000000000000e+00
-8.977618005757202757e-02
0.000000000000000000e+00
3.622515964071725270e-01
0.000000000000000000e+00
-8.507318940061937840e-03
0.000000000000000000e+00
1.807971288315957104e-01
0.000000000000000000e+00
2.421983769533794517e-01
-4.253551943630468068e-02
-1.891819851899127491e-01
0.000000000000000000e+00
0.000000000000000000e+00
-1.553592742621509593e-01
1.054939045162707062e-01
0.000000000000000000e+00
2.599739172450477032e-01
0.000000000000000000e+00
0.000000000000000000e+00
0.000000000000000000e+00
1.422673565329806156e-01
8.699518660902102463e-01
0.000000000000000000e+00
0.000000000000000000e+00
3.098265156979040230e-02
0.000000000000000000e+00
0.000000000000000000e+00
0.000000000000000000e+00
-5.010778026323198936e-02
0.000000000000000000e+00
0.000000000000000000e+00
0.000000000000000000e+00
0.000000000000000000e+00
0.000000000000000000e+00
0.000000000000000000e+00
0.000000000000000000e+00
0.000000000000000000e+00
-4.235428269168910465e-01
-5.694740422133116597e-01
4.861390880945314907e-01
0.000000000000000000e+00
0.000000000000000000e+00
-3.820238035480859606e-01
0.000000000000000000e+00
0.000000000000000000e+00
7.803107080319161837e-02
0.000000000000000000e+00
0.000000000000000000e+00
0.000000000000000000e+00
0.000000000000000000e+00
0.000000000000000000e+00
8.648522517999140957e-02
0.000000000000000000e+00
0.000000000000000000e+00
0.000000000000000000e+00
5.299234290908476017e-03
-1.480330475737172760e-02
8.892149411388286517e-02
0.000000000000000000e+00
0.000000000000000000e+00
0.000000000000000000e+00
0.000000000000000000e+00
0.000000000000000000e+00
0.000000000000000000e+00
8.629003647656402487e-02
0.000000000000000000e+00
0.000000000000000000e+00
0.000000000000000000e+00
0.000000000000000000e+00
0.000000000000000000e+00
0.000000000000000000e+00
0.000000000000000000e+00
0.000000000000000000e+00
0.000000000000000000e+00
7.527724584667612462e-02
-1.098400617978288474e-01
4.681715895179941467e-02
0.000000000000000000e+00
-1.312148119662085721e-01
-1.226208610954945682e-01
1.486091501347138466e-01
5.368042408224277251e-01
0.000000000000000000e+00
0.000000000000000000e+00
-2.511661786341857772e-01
0.000000000000000000e+00
-1.797270464601766482e-01
0.000000000000000000e+00
-3.938502672741800992e-01
1.042206869406482467e-01
0.000000000000000000e+00
0.000000000000000000e+00
0.000000000000000000e+00
-4.209163239734308171e-01
0.000000000000000000e+00
0.000000000000000000e+00
0.000000000000000000e+00
-4.565582073968661031e-02
-4.389446623671889453e-02
0.000000000000000000e+00
0.000000000000000000e+00
1.063098470460329681e-01
-3.459964059971091799e-01
-1.646630197903510562e-01
0.000000000000000000e+00
-2.611108647912976921e-01
0.000000000000000000e+00
0.000000000000000000e+00
8.334189512526997412e-02
-2.460276033899584658e-01
5.186833045060613295e-02
4.314224620301324031e-01
-1.259624973238150925e-01
2.397159235697585711e-01
0.000000000000000000e+00
4.289301232046587725e-02
-1.167444587259377636e-01
3.127156971528682328e-01
0.000000000000000000e+00
0.000000000000000000e+00
-3.105570563414758803e-02
2.376973286027209420e-01
5.012707909316670846e-02
2.303361589989779898e-02
0.000000000000000000e+00
-4.411825668242540938e-02
0.000000000000000000e+00
3.015153112585851683e-02
0.000000000000000000e+00
0.000000000000000000e+00
0.000000000000000000e+00
1.703640465410460603e-01
-1.450827009914684718e-01
-9.200280339834676635e-02
0.000000000000000000e+00
-2.516500022715307261e-01
0.000000000000000000e+00
0.000000000000000000e+00
0.000000000000000000e+00
-6.504718234850087599e-02
0.000000000000000000e+00
0.000000000000000000e+00
0.000000000000000000e+00
0.000000000000000000e+00
0.000000000000000000e+00
3.571423615690000331e-02
0.000000000000000000e+00
0.000000000000000000e+00
0.000000000000000000e+00
0.000000000000000000e+00
-3.337742031304479218e-01
0.000000000000000000e+00
2.551202951490050830e-01
9.707936007221347474e-02
0.000000000000000000e+00
-3.156699248250384726e-01
3.653691768247830929e-01
7.632155097361318363e-01
0.000000000000000000e+00
0.000000000000000000e+00
5.854240895421407298e-02
0.000000000000000000e+00
0.000000000000000000e+00
0.000000000000000000e+00
0.000000000000000000e+00
0.000000000000000000e+00
0.000000000000000000e+00
-3.506508544648633818e-01
0.000000000000000000e+00
2.170375657261310390e-02
0.000000000000000000e+00
0.000000000000000000e+00
7.079292419507280526e-03
-4.177035492446201648e-01
-2.078581348979604559e-01
3.701035960494896138e-01
-1.261739917926654742e-01
0.000000000000000000e+00
-3.480209604951534086e-01
-3.768523862825433057e-01
0.000000000000000000e+00
0.000000000000000000e+00
-1.417193502398670923e-01
-1.268118990280473479e-01
0.000000000000000000e+00
1.953996245161738754e-01
0.000000000000000000e+00
0.000000000000000000e+00
4.450498268944806657e-02
-1.516519670736605173e-02
0.000000000000000000e+00
0.000000000000000000e+00
3.598526435812727381e-02
0.000000000000000000e+00
1.964901573194600959e-01
0.000000000000000000e+00
0.000000000000000000e+00
0.000000000000000000e+00
0.000000000000000000e+00
-6.504311464513271579e-01
0.000000000000000000e+00
0.000000000000000000e+00
0.000000000000000000e+00
0.000000000000000000e+00
0.000000000000000000e+00
0.000000000000000000e+00
0.000000000000000000e+00
0.000000000000000000e+00
1.141961642585079401e-01
-9.080875841004028282e-02
0.000000000000000000e+00
0.000000000000000000e+00
2.010910651250788495e-01
-4.607506317508370808e-01
0.000000000000000000e+00
-2.014548116060239091e-01
0.000000000000000000e+00
0.000000000000000000e+00
1.445668031708005064e-01
0.000000000000000000e+00
0.000000000000000000e+00
0.000000000000000000e+00
0.000000000000000000e+00
0.000000000000000000e+00
0.000000000000000000e+00
0.000000000000000000e+00
0.000000000000000000e+00
0.000000000000000000e+00
3.121561622924541313e-01
0.000000000000000000e+00
-1.104451322965380039e-01
-3.556013075608694951e-01
2.303783817521818933e-01
0.000000000000000000e+00
0.000000000000000000e+00
-1.539444485547891983e-01
0.000000000000000000e+00
3.653919895913727567e-01
0.000000000000000000e+00
0.000000000000000000e+00
0.000000000000000000e+00
-1.177521716192619222e-02
0.000000000000000000e+00
-9.259601537778849867e-02
-1.333360199822927472e-01
1.003488739309793820e-01
4.058423582734627805e-02
-2.068166682349301122e-01
0.000000000000000000e+00
0.000000000000000000e+00
0.000000000000000000e+00
-4.657229930957533515e-02
0.000000000000000000e+00
0.000000000000000000e+00
0.000000000000000000e+00
-1.581415268135372143e-01
-4.696931319002460303e-01
0.000000000000000000e+00
0.000000000000000000e+00
-9.602860621394591900e-02
0.000000000000000000e+00
0.000000000000000000e+00
0.000000000000000000e+00
0.000000000000000000e+00
0.000000000000000000e+00
0.000000000000000000e+00
-9.885076419256957903e-02
0.000000000000000000e+00
0.000000000000000000e+00
0.000000000000000000e+00
0.000000000000000000e+00
0.000000000000000000e+00
0.000000000000000000e+00
-1.533371250587965140e-01
0.000000000000000000e+00
0.000000000000000000e+00
0.000000000000000000e+00
0.000000000000000000e+00
0.000000000000000000e+00
2.716417378312644959e-01
-3.848327473009572480e-02
0.000000000000000000e+00
-5.396183338146073177e-02
-1.826961629042020419e-02
-1.247767245670104996e-01
0.000000000000000000e+00
3.260813356800713603e-01
0.000000000000000000e+00
0.000000000000000000e+00
-3.655729030448340994e-02
2.384973707626597272e-01
-8.447930330588071524e-01
0.000000000000000000e+00
0.000000000000000000e+00
0.000000000000000000e+00
2.225103191092085431e-01
0.000000000000000000e+00
0.000000000000000000e+00
2.638173522488734268e-01
0.000000000000000000e+00
-2.274256899173789093e-01
0.000000000000000000e+00
0.000000000000000000e+00
0.000000000000000000e+00
5.659072371860811995e-02
0.000000000000000000e+00
0.000000000000000000e+00
-3.229984964410911319e-01
0.000000000000000000e+00
0.000000000000000000e+00
0.000000000000000000e+00
0.000000000000000000e+00
0.000000000000000000e+00
6.687347615323961658e-02
0.000000000000000000e+00
0.000000000000000000e+00
0.000000000000000000e+00
0.000000000000000000e+00
-2.739463811812378191e-01
-1.582396791567922123e-02
-3.080033444045398028e-01
0.000000000000000000e+00
0.000000000000000000e+00
-1.551404561760127421e-01
6.056859964552011033e-02
0.000000000000000000e+00
-2.576924140185479772e-01
0.000000000000000000e+00
0.000000000000000000e+00
0.000000000000000000e+00
1.189465770663530736e-01
-3.006872728758652746e-01
8.528082768949073883e-03
-1.982113308374183758e-01
0.000000000000000000e+00
0.000000000000000000e+00
0.000000000000000000e+00
-1.643843630444149773e-01
1.015381005405594991e-02
0.000000000000000000e+00
-6.186523956799739876e-01
0.000000000000000000e+00
-6.313840072847094753e-02
0.000000000000000000e+00
0.000000000000000000e+00
0.000000000000000000e+00
1.134940400047145664e-01
7.279037010395884855e-02
0.000000000000000000e+00
0.000000000000000000e+00
0.000000000000000000e+00
0.000000000000000000e+00
0.000000000000000000e+00
0.000000000000000000e+00
0.000000000000000000e+00
0.000000000000000000e+00
0.000000000000000000e+00
-8.293304195124541200e-01
-1.509230419422099012e-01
0.000000000000000000e+00
0.000000000000000000e+00
0.000000000000000000e+00
0.000000000000000000e+00
0.000000000000000000e+00
0.000000000000000000e+00
0.000000000000000000e+00
-6.206678809878912045e-02
0.000000000000000000e+00
0.000000000000000000e+00
0.000000000000000000e+00
0.000000000000000000e+00
0.000000000000000000e+00
0.000000000000000000e+00
0.000000000000000000e+00
0.000000000000000000e+00
0.000000000000000000e+00
0.000000000000000000e+00
-1.132215144814986418e-01
-1.109067193939996671e-01
-4.365731264879992302e-01
0.000000000000000000e+00
0.000000000000000000e+00
0.000000000000000000e+00
-4.394864549538237686e-01
0.000000000000000000e+00
0.000000000000000000e+00
0.000000000000000000e+00
2.238593696518540177e-01
0.000000000000000000e+00
0.000000000000000000e+00
-2.956646592323521339e-01
0.000000000000000000e+00
-5.754012122988238706e-03
0.000000000000000000e+00
0.000000000000000000e+00
0.000000000000000000e+00
0.000000000000000000e+00
0.000000000000000000e+00
0.000000000000000000e+00
-2.257813945878990314e-01
0.000000000000000000e+00
0.000000000000000000e+00
8.825895492161327516e-01
0.000000000000000000e+00
0.000000000000000000e+00
0.000000000000000000e+00
0.000000000000000000e+00
-6.119234349418354313e-01
-1.707689162970731089e-01
0.000000000000000000e+00
0.000000000000000000e+00
0.000000000000000000e+00
-2.101133216999688802e-01
0.000000000000000000e+00
0.000000000000000000e+00
0.000000000000000000e+00
0.000000000000000000e+00
0.000000000000000000e+00
-1.194615297167009871e-01
0.000000000000000000e+00
0.000000000000000000e+00
0.000000000000000000e+00
0.000000000000000000e+00
0.000000000000000000e+00
0.000000000000000000e+00
0.000000000000000000e+00
-6.884178763329595885e-02
0.000000000000000000e+00
0.000000000000000000e+00
-3.148103987691643901e-01
0.000000000000000000e+00
0.000000000000000000e+00
-4.633033282834923133e-02
7.905738523274392915e-02
-7.748161865934727333e-02
0.000000000000000000e+00
0.000000000000000000e+00
1.795162652759227373e-01
0.000000000000000000e+00
4.733093128398956351e-01
-7.025454491346959374e-02
0.000000000000000000e+00
0.000000000000000000e+00
1.456310218361184516e-01
0.000000000000000000e+00
-2.594183866711457509e-01
7.575966866239665087e-01
5.186510606728665929e-01
0.000000000000000000e+00
0.000000000000000000e+00
-6.265122786886771766e-02
0.000000000000000000e+00
-2.092991187876741266e-01
0.000000000000000000e+00
0.000000000000000000e+00
2.557155034050581088e-01
0.000000000000000000e+00
0.000000000000000000e+00
0.000000000000000000e+00
3.397616315406910559e-01
0.000000000000000000e+00
-1.541847376585798735e-01
2.895138412436020769e-01
0.000000000000000000e+00
0.000000000000000000e+00
0.000000000000000000e+00
3.485403532609155919e-01
0.000000000000000000e+00
-2.728741457276743776e-01
0.000000000000000000e+00
0.000000000000000000e+00
0.000000000000000000e+00
0.000000000000000000e+00
8.682654941815400040e-02
0.000000000000000000e+00
-3.520255795427330581e-01
0.000000000000000000e+00
0.000000000000000000e+00
0.000000000000000000e+00
-4.692398327561837085e-02
0.000000000000000000e+00
0.000000000000000000e+00
-3.005818987081704252e-01
0.000000000000000000e+00
-4.731748296352590588e-02
0.000000000000000000e+00
0.000000000000000000e+00
3.202588389484420928e-01
0.000000000000000000e+00
0.000000000000000000e+00
0.000000000000000000e+00
0.000000000000000000e+00
0.000000000000000000e+00
0.000000000000000000e+00
2.104457407036436078e-01
0.000000000000000000e+00
0.000000000000000000e+00
0.000000000000000000e+00
0.000000000000000000e+00
0.000000000000000000e+00
0.000000000000000000e+00
0.000000000000000000e+00
-3.585133977697020913e-01
5.405316851516647203e-01
0.000000000000000000e+00
1.686629186107900247e-01
0.000000000000000000e+00
0.000000000000000000e+00
1.294527145640856670e-02
2.594306548445460825e-01
0.000000000000000000e+00
0.000000000000000000e+00
0.000000000000000000e+00
0.000000000000000000e+00
0.000000000000000000e+00
0.000000000000000000e+00
7.717602262994872030e-04
0.000000000000000000e+00
0.000000000000000000e+00
-2.140638958668134723e-02
0.000000000000000000e+00
0.000000000000000000e+00
-2.821194982030086895e-01
-7.682322674041698607e-02
0.000000000000000000e+00
1.817540415795419750e-01
0.000000000000000000e+00
0.000000000000000000e+00
0.000000000000000000e+00
0.000000000000000000e+00
0.000000000000000000e+00
-1.063405189410469992e-01
0.000000000000000000e+00
0.000000000000000000e+00
0.000000000000000000e+00
1.513010547445379494e-01
0.000000000000000000e+00
1.130530829316522379e+00
0.000000000000000000e+00
0.000000000000000000e+00
-1.381955347435424586e-01
0.000000000000000000e+00
0.000000000000000000e+00
0.000000000000000000e+00
0.000000000000000000e+00
0.000000000000000000e+00
0.000000000000000000e+00
0.000000000000000000e+00
-2.430085268709604729e-01
-3.871272321595427557e-01
0.000000000000000000e+00
0.000000000000000000e+00
0.000000000000000000e+00
2.367508042021662304e-02
-8.332844056053728687e-02
0.000000000000000000e+00
-6.388096238253458681e-02
-2.744630756356684631e-01
0.000000000000000000e+00
0.000000000000000000e+00
0.000000000000000000e+00
0.000000000000000000e+00
0.000000000000000000e+00
-2.341085512420859049e-01
-1.080571507302853229e-01
2.619935210483284593e-01
0.000000000000000000e+00
1.824175958215610294e-01
0.000000000000000000e+00
3.810100718253024432e-01
-1.366159282785135709e-01
1.598940265235272162e-01
0.000000000000000000e+00
0.000000000000000000e+00
0.000000000000000000e+00
0.000000000000000000e+00
0.000000000000000000e+00
-1.765845215782992639e-01
-3.738936787553331920e-01
-2.325920455707955470e-01
0.000000000000000000e+00
3.083856647218939373e-01
2.189849635150302731e-01
0.000000000000000000e+00
0.000000000000000000e+00
0.000000000000000000e+00
0.000000000000000000e+00
0.000000000000000000e+00
0.000000000000000000e+00
0.000000000000000000e+00
0.000000000000000000e+00
0.000000000000000000e+00
5.246052523916733962e-02
-7.113462505588711293e-01
2.691586786262283315e-01
0.000000000000000000e+00
0.000000000000000000e+00
0.000000000000000000e+00
0.000000000000000000e+00
9.477941508472069454e-02
0.000000000000000000e+00
0.000000000000000000e+00
0.000000000000000000e+00
0.000000000000000000e+00
0.000000000000000000e+00
-3.941564003554910711e-02
0.000000000000000000e+00
0.000000000000000000e+00
0.000000000000000000e+00
3.378017745138571226e-01
4.637266860199463769e-01
0.000000000000000000e+00
0.000000000000000000e+00
0.000000000000000000e+00
0.000000000000000000e+00
-4.809567501992159655e-01
0.000000000000000000e+00
-4.235398407147735744e-01
0.000000000000000000e+00
-4.697720066693208962e-01
0.000000000000000000e+00
0.000000000000000000e+00
3.499657272078408043e-01
5.413707908453698620e-02
0.000000000000000000e+00
3.287900765126495206e-01
0.000000000000000000e+00
0.000000000000000000e+00
0.000000000000000000e+00
0.000000000000000000e+00
5.702843056099299313e-01
0.000000000000000000e+00
1.363389648489153443e-03
-1.881430430522970099e-01
-1.848674290732319203e-01
5.155604578613970368e-01
0.000000000000000000e+00
-1.033336095674331212e-01
1.611593098422709203e-01
-3.082663540658793222e-01
0.000000000000000000e+00
0.000000000000000000e+00
0.000000000000000000e+00
3.165986345631121024e-01
-6.909376019411693770e-01
0.000000000000000000e+00
0.000000000000000000e+00
-2.097086846863858711e-01
-8.938441616372420906e-02
0.000000000000000000e+00
0.000000000000000000e+00
0.000000000000000000e+00
0.000000000000000000e+00
-5.112863500836019037e-01
0.000000000000000000e+00
3.888211547731304507e-02
-1.141377774363852154e-01
0.000000000000000000e+00
0.000000000000000000e+00
0.000000000000000000e+00
-4.455316537391482840e-02
0.000000000000000000e+00
0.000000000000000000e+00
3.893328916380098814e-01
1.307813492101305430e-01
1.359470212318968363e-01
0.000000000000000000e+00
-2.512765855755171862e-01
0.000000000000000000e+00
0.000000000000000000e+00
-3.851118792896176535e-01
1.252637863380820227e-01
0.000000000000000000e+00
0.000000000000000000e+00
0.000000000000000000e+00
0.000000000000000000e+00
0.000000000000000000e+00
0.000000000000000000e+00
-2.037625189894151367e-01
0.000000000000000000e+00
-9.847071459722267495e-02
2.770186702417670177e-01
0.000000000000000000e+00
0.000000000000000000e+00
-1.917433738925166942e-01
-1.715461374662931304e-01
0.000000000000000000e+00
-6.933086955217072633e-01
0.000000000000000000e+00
-1.716831229046928697e-01
0.000000000000000000e+00
0.000000000000000000e+00
0.000000000000000000e+00
4.876204662093570064e-01
1.600322229603740709e+00
0.000000000000000000e+00
0.000000000000000000e+00
-2.020386415063287477e-01
0.000000000000000000e+00
0.000000000000000000e+00
0.000000000000000000e+00
0.000000000000000000e+00
0.000000000000000000e+00
0.000000000000000000e+00
0.000000000000000000e+00
6.941801143177446232e-01
0.000000000000000000e+00
0.000000000000000000e+00
0.000000000000000000e+00
0.000000000000000000e+00
0.000000000000000000e+00
9.057367128047465188e-03
0.000000000000000000e+00
-5.686266882179018545e-01
3.405996626091647439e-01
0.000000000000000000e+00
0.000000000000000000e+00
0.000000000000000000e+00
0.000000000000000000e+00
0.000000000000000000e+00
0.000000000000000000e+00
0.000000000000000000e+00
0.000000000000000000e+00
1.040518090539237356e-01
3.222318210788037429e-02
0.000000000000000000e+00
1.943503560139605013e-01
0.000000000000000000e+00
0.000000000000000000e+00
0.000000000000000000e+00
0.000000000000000000e+00
-4.011963274543393909e-02
0.000000000000000000e+00
-5.162302443144141106e-01
0.000000000000000000e+00
1.194300416037963330e-01
-5.177826404861559650e-01
0.000000000000000000e+00
0.000000000000000000e+00
0.000000000000000000e+00
0.000000000000000000e+00
0.000000000000000000e+00
0.000000000000000000e+00
0.000000000000000000e+00
-2.052184569841213058e-01
0.000000000000000000e+00
-7.372437629887339250e-02
2.653049078803402794e-01
-2.415396543153067732e-01
1.693031648770306485e-01
0.000000000000000000e+00
1.078917586314246668e-01
0.000000000000000000e+00
0.000000000000000000e+00
0.000000000000000000e+00
-3.009675993461145560e-01
0.000000000000000000e+00
0.000000000000000000e+00
0.000000000000000000e+00
0.000000000000000000e+00
0.000000000000000000e+00
4.705053740608594048e-01
0.000000000000000000e+00
1.120599414862233495e-01
0.000000000000000000e+00
1.822222374713108328e-01
0.000000000000000000e+00
-2.692151532626513299e-02
0.000000000000000000e+00
0.000000000000000000e+00
0.000000000000000000e+00
0.000000000000000000e+00
0.000000000000000000e+00
0.000000000000000000e+00
-4.034384192653424073e-01
0.000000000000000000e+00
-3.824018370233250863e-02
2.013050215504667839e-01
0.000000000000000000e+00
0.000000000000000000e+00
-1.578336550071989530e-01
0.000000000000000000e+00
0.000000000000000000e+00
0.000000000000000000e+00
0.000000000000000000e+00
1.296751311663368877e-01
3.131304014277538905e-01
-5.742913270082325994e-01
2.860960514466456481e-03
0.000000000000000000e+00
0.000000000000000000e+00
0.000000000000000000e+00
-6.700128004594909162e-03
-3.861298616191546906e-01
0.000000000000000000e+00
0.000000000000000000e+00
-3.182796406533413558e-01
0.000000000000000000e+00
6.620602247863328627e-01
0.000000000000000000e+00
4.542803236685402646e-01
0.000000000000000000e+00
0.000000000000000000e+00
0.000000000000000000e+00
1.364872540323683603e-01
2.561543594211136421e-01
0.000000000000000000e+00
0.000000000000000000e+00
0.000000000000000000e+00
0.000000000000000000e+00
0.000000000000000000e+00
0.000000000000000000e+00
0.000000000000000000e+00
0.000000000000000000e+00
0.000000000000000000e+00
0.000000000000000000e+00
8.006469439537079735e-02
0.000000000000000000e+00
-2.019335173210098089e-01
0.000000000000000000e+00
0.000000000000000000e+00
0.000000000000000000e+00
0.000000000000000000e+00
0.000000000000000000e+00
2.149179648811617993e-01
0.000000000000000000e+00
0.000000000000000000e+00
0.000000000000000000e+00
0.000000000000000000e+00
0.000000000000000000e+00
0.000000000000000000e+00
0.000000000000000000e+00
0.000000000000000000e+00
-3.260432260423337669e-02
0.000000000000000000e+00
0.000000000000000000e+00
-7.971462010583929558e-02
-6.859588268068835815e-01
0.000000000000000000e+00
-1.457108629651140963e-01
-4.648155846773430189e-01
0.000000000000000000e+00
0.000000000000000000e+00
-4.991931526083230319e-01
0.000000000000000000e+00
0.000000000000000000e+00
-1.973454814928383809e-03
2.768461692164065138e-02
0.000000000000000000e+00
0.000000000000000000e+00
0.000000000000000000e+00
2.129605712142488838e-01
1.345815715042614560e-02
5.363481135842586012e-01
1.280317724986570260e+00
0.000000000000000000e+00
2.259980455381659648e-01
0.000000000000000000e+00
0.000000000000000000e+00
0.000000000000000000e+00
1.025500308558170703e-02
0.000000000000000000e+00
-1.025320183961563991e+00
0.000000000000000000e+00
-7.103702621185117860e-02
-2.142341910338064481e-01
0.000000000000000000e+00
-8.317748258907375902e-02
0.000000000000000000e+00
0.000000000000000000e+00
0.000000000000000000e+00
0.000000000000000000e+00
0.000000000000000000e+00
0.000000000000000000e+00
-5.896583942153729545e-03
0.000000000000000000e+00
0.000000000000000000e+00
0.000000000000000000e+00
0.000000000000000000e+00
0.000000000000000000e+00
0.000000000000000000e+00
2.793178083462178329e-01
6.303490525472955630e-01
0.000000000000000000e+00
0.000000000000000000e+00
-7.208070927557945762e-01
-1.770901079275539747e-01
0.000000000000000000e+00
0.000000000000000000e+00
0.000000000000000000e+00
0.000000000000000000e+00
2.304128909281049145e-02
-1.354174281145599512e-01
0.000000000000000000e+00
0.000000000000000000e+00
0.000000000000000000e+00
0.000000000000000000e+00
-2.495456026170584096e-01
0.000000000000000000e+00
3.523640615774749074e-01
0.000000000000000000e+00
-3.364110555930394791e-02
-3.518602600427947480e-01
0.000000000000000000e+00
-6.013582656762260781e-01
-2.870124214799459339e-01
0.000000000000000000e+00
0.000000000000000000e+00
1.565099207649415514e-01
0.000000000000000000e+00
0.000000000000000000e+00
-1.144541111131439914e-01
-1.390489203892358028e-01
-1.048570702285322731e-01
0.000000000000000000e+00
-3.899427510842992661e-02
0.000000000000000000e+00
0.000000000000000000e+00
1.382719312223197050e-01
0.000000000000000000e+00
-4.878710984726077893e-01
-3.266641590580041110e-01
1.311951979025623438e-01
0.000000000000000000e+00
0.000000000000000000e+00
5.866864571175029602e-02
5.531733529067514032e-01
0.000000000000000000e+00
-1.883963197679066892e-01
0.000000000000000000e+00
0.000000000000000000e+00
0.000000000000000000e+00
0.000000000000000000e+00
0.000000000000000000e+00
0.000000000000000000e+00
0.000000000000000000e+00
-2.374964858234714093e-02
0.000000000000000000e+00
0.000000000000000000e+00
0.000000000000000000e+00
0.000000000000000000e+00
0.000000000000000000e+00
0.000000000000000000e+00
-2.991399688170452102e-03
0.000000000000000000e+00
-1.376560394213044991e-01
0.000000000000000000e+00
0.000000000000000000e+00
-1.661327611487458389e-01
0.000000000000000000e+00
0.000000000000000000e+00
2.284036958881658086e-01
0.000000000000000000e+00
0.000000000000000000e+00
0.000000000000000000e+00
0.000000000000000000e+00
0.000000000000000000e+00
-3.283738255767439107e-02
0.000000000000000000e+00
-6.267323856721465636e-02
0.000000000000000000e+00
8.958861878272704471e-02
0.000000000000000000e+00
2.588251845232475423e-01
3.806409276294632771e-01
7.693673569510661725e-02
0.000000000000000000e+00
3.140469604262097203e-01
0.000000000000000000e+00
0.000000000000000000e+00
0.000000000000000000e+00
-2.336754256181179934e-01
-9.853029934831489256e-02
1.383237747874949408e-01
0.000000000000000000e+00
0.000000000000000000e+00
-2.913758254390304558e-01
0.000000000000000000e+00
0.000000000000000000e+00
0.000000000000000000e+00
0.000000000000000000e+00
0.000000000000000000e+00
0.000000000000000000e+00
0.000000000000000000e+00
0.000000000000000000e+00
-1.421165451454561857e-01
-1.678081158714378462e-01
6.321775730150902550e-01
0.000000000000000000e+00
0.000000000000000000e+00
0.000000000000000000e+00
0.000000000000000000e+00
0.000000000000000000e+00
0.000000000000000000e+00
1.277310660870817904e-01
0.000000000000000000e+00
1.230127245437082906e-01
7.199347239484700511e-02
0.000000000000000000e+00
5.001524989300652931e-03
0.000000000000000000e+00
0.000000000000000000e+00
-2.772842429246677454e-01
0.000000000000000000e+00
0.000000000000000000e+00
0.000000000000000000e+00
-8.439694114867314634e-02
0.000000000000000000e+00
4.303435872391282030e-02
-2.246478199673161702e-01
0.000000000000000000e+00
-9.740797527991208737e-02
0.000000000000000000e+00
0.000000000000000000e+00
0.000000000000000000e+00
0.000000000000000000e+00
9.839191725251555942e-01
0.000000000000000000e+00
0.000000000000000000e+00
0.000000000000000000e+00
0.000000000000000000e+00
-4.059204053096711340e-02
2.697162695378373387e-01
-3.596496525008703871e-01
-8.980365253576523543e-02
0.000000000000000000e+00
0.000000000000000000e+00
0.000000000000000000e+00
-8.274840946276105225e-01
0.000000000000000000e+00
0.000000000000000000e+00
0.000000000000000000e+00
0.000000000000000000e+00
-1.429289870587555356e-01
0.000000000000000000e+00
0.000000000000000000e+00
0.000000000000000000e+00
0.000000000000000000e+00
4.864390222535502906e-01
0.000000000000000000e+00
0.000000000000000000e+00
6.133699029610661935e-01
0.000000000000000000e+00
0.000000000000000000e+00
0.000000000000000000e+00
0.000000000000000000e+00
0.000000000000000000e+00
-1.786365814342630864e-01
0.000000000000000000e+00
0.000000000000000000e+00
0.000000000000000000e+00
3.389950776172466207e-01
-1.340261109716337495e-01
-1.870176064171946151e-01
0.000000000000000000e+00
0.000000000000000000e+00
0.000000000000000000e+00
0.000000000000000000e+00
0.000000000000000000e+00
0.000000000000000000e+00
1.787018868313754866e-02
1.500629386596495918e-01
6.250103347361913864e-01
0.000000000000000000e+00
0.000000000000000000e+00
0.000000000000000000e+00
0.000000000000000000e+00
0.000000000000000000e+00
1.437727356870817930e-01
0.000000000000000000e+00
0.000000000000000000e+00
0.000000000000000000e+00
0.000000000000000000e+00
-1.386518795343847921e-01
2.339250760381234029e-01
0.000000000000000000e+00
-1.817666389380248881e-01
0.000000000000000000e+00
0.000000000000000000e+00
0.000000000000000000e+00
0.000000000000000000e+00
0.000000000000000000e+00
8.013415522851437267e-02
3.306589550491378926e-02
0.000000000000000000e+00
0.000000000000000000e+00
0.000000000000000000e+00
0.000000000000000000e+00
0.000000000000000000e+00
0.000000000000000000e+00
-7.098990790380623264e-03
0.000000000000000000e+00
0.000000000000000000e+00
0.000000000000000000e+00
-1.645184546257132674e-01
0.000000000000000000e+00
0.000000000000000000e+00
0.000000000000000000e+00
0.000000000000000000e+00
0.000000000000000000e+00
0.000000000000000000e+00
0.000000000000000000e+00
0.000000000000000000e+00
0.000000000000000000e+00
0.000000000000000000e+00
3.928077981693172127e-01
0.000000000000000000e+00
-4.577608207874303003e-01
1.132202470450542758e-01
-2.736427136292444717e-01
-1.579187908952290470e-02
0.000000000000000000e+00
0.000000000000000000e+00
2.011422686546319658e-02
0.000000000000000000e+00
0.000000000000000000e+00
3.762136141991716254e-02
0.000000000000000000e+00
-4.846313873403252509e-02
0.000000000000000000e+00
0.000000000000000000e+00
-1.380548678933987417e-01
-1.669905041394147138e-01
0.000000000000000000e+00
-5.554197193031105151e-01
-2.023421633323429225e-01
0.000000000000000000e+00
-1.691229950027264839e-01
-2.298098456298986181e-01
-1.291453938365562382e-01
0.000000000000000000e+00
0.000000000000000000e+00
0.000000000000000000e+00
6.639625845938098569e-01
0.000000000000000000e+00
0.000000000000000000e+00
0.000000000000000000e+00
5.629784131194801589e-01
0.000000000000000000e+00
-6.525033897702760266e-02
-1.072237303872193515e+00
0.000000000000000000e+00
0.000000000000000000e+00
-8.421314300403869024e-02
0.000000000000000000e+00
0.000000000000000000e+00
0.000000000000000000e+00
3.599960824911233037e-01
-2.374481326059383612e-01
0.000000000000000000e+00
3.191036466181656484e-01
2.465149134490356164e-02
-4.317909428039458097e-01
9.191045323893309860e-02
0.000000000000000000e+00
0.000000000000000000e+00
0.000000000000000000e+00
5.505293198747144290e-01
0.000000000000000000e+00
0.000000000000000000e+00
0.000000000000000000e+00
0.000000000000000000e+00
0.000000000000000000e+00
0.000000000000000000e+00
3.521248046354607530e-01
0.000000000000000000e+00
0.000000000000000000e+00
0.000000000000000000e+00
-1.240057156301631047e-01
0.000000000000000000e+00
0.000000000000000000e+00
1.345245177327888397e-01
0.000000000000000000e+00
0.000000000000000000e+00
-1.903069865527705351e-02
-4.384031629876520841e-01
0.000000000000000000e+00
-8.680264905318432755e-02
0.000000000000000000e+00
0.000000000000000000e+00
0.000000000000000000e+00
0.000000000000000000e+00
-1.088695557501709599e-01
0.000000000000000000e+00
4.064367945177193575e-01
0.000000000000000000e+00
0.000000000000000000e+00
0.000000000000000000e+00
0.000000000000000000e+00
0.000000000000000000e+00
-2.346378373426719621e-01
-1.612454150698419963e-01
0.000000000000000000e+00
0.000000000000000000e+00
0.000000000000000000e+00
3.599493707073748994e-03
-6.649615984190933304e-02
1.382787316117882470e-01
0.000000000000000000e+00
-4.810779188772510984e-01
-3.608883322178249586e-02
-1.970140337630210958e-01
0.000000000000000000e+00
0.000000000000000000e+00
5.955591775274495653e-02
3.974445156550202030e-01
0.000000000000000000e+00
-1.642047001549712393e-01
0.000000000000000000e+00
0.000000000000000000e+00
0.000000000000000000e+00
-1.938128220350188724e-01
0.000000000000000000e+00
0.000000000000000000e+00
0.000000000000000000e+00
0.000000000000000000e+00
0.000000000000000000e+00
0.000000000000000000e+00
0.000000000000000000e+00
0.000000000000000000e+00
0.000000000000000000e+00
8.103833310820464098e-01
0.000000000000000000e+00
0.000000000000000000e+00
-1.068799448032293209e-01
0.000000000000000000e+00
3.489888240560489185e-01
0.000000000000000000e+00
0.000000000000000000e+00
0.000000000000000000e+00
0.000000000000000000e+00
0.000000000000000000e+00
0.000000000000000000e+00
0.000000000000000000e+00
2.103711081689596807e-01
-1.977613491779023902e-01
-4.134410554488798795e-02
0.000000000000000000e+00
-5.512387446971485083e-01
0.000000000000000000e+00
0.000000000000000000e+00
-5.609971813881962088e-01
-2.630670937411067056e-01
0.000000000000000000e+00
0.000000000000000000e+00
0.000000000000000000e+00
-3.112701135888885640e-01
0.000000000000000000e+00
0.000000000000000000e+00
0.000000000000000000e+00
0.000000000000000000e+00
6.111458856281531959e-01
0.000000000000000000e+00
0.000000000000000000e+00
0.000000000000000000e+00
-1.494456113756457982e-01
-1.429992251647205226e-01
0.000000000000000000e+00
0.000000000000000000e+00
0.000000000000000000e+00
0.000000000000000000e+00
0.000000000000000000e+00
4.847944595384207078e-01
0.000000000000000000e+00
0.000000000000000000e+00
0.000000000000000000e+00
0.000000000000000000e+00
0.000000000000000000e+00
1.716126274445871000e-02
-3.161296410170055249e-01
0.000000000000000000e+00
0.000000000000000000e+00
0.000000000000000000e+00
0.000000000000000000e+00
-6.299701867805630462e-01
0.000000000000000000e+00
0.000000000000000000e+00
0.000000000000000000e+00
0.000000000000000000e+00
0.000000000000000000e+00
-4.256473101806446668e-01
0.000000000000000000e+00
0.000000000000000000e+00
-1.669882191075851008e-01
-3.195436044584103186e-02
0.000000000000000000e+00
-8.508530381352803762e-02
0.000000000000000000e+00
0.000000000000000000e+00
0.000000000000000000e+00
0.000000000000000000e+00
0.000000000000000000e+00
-1.417021886376216011e-01
0.000000000000000000e+00
0.000000000000000000e+00
0.000000000000000000e+00
0.000000000000000000e+00
0.000000000000000000e+00
0.000000000000000000e+00
0.000000000000000000e+00
0.000000000000000000e+00
0.000000000000000000e+00
0.000000000000000000e+00
0.000000000000000000e+00
0.000000000000000000e+00
0.000000000000000000e+00
0.000000000000000000e+00
0.000000000000000000e+00
-5.558355321555035616e-02
-6.449952435467182221e-02
0.000000000000000000e+00
0.000000000000000000e+00
0.000000000000000000e+00
0.000000000000000000e+00
0.000000000000000000e+00
-1.980969622918874462e-01
0.000000000000000000e+00
0.000000000000000000e+00
0.000000000000000000e+00
-1.790542852273461216e-01
0.000000000000000000e+00
0.000000000000000000e+00
0.000000000000000000e+00
0.000000000000000000e+00
2.802414290242095096e-01
0.000000000000000000e+00
9.711022724807455431e-02
0.000000000000000000e+00
0.000000000000000000e+00
-5.539712399783344038e-02
0.000000000000000000e+00
0.000000000000000000e+00
-3.353858178788481359e-01
2.155632959578417662e-01
0.000000000000000000e+00
2.902074863955854123e-01
0.000000000000000000e+00
0.000000000000000000e+00
0.000000000000000000e+00
0.000000000000000000e+00
-4.395088671227173616e-01
0.000000000000000000e+00
0.000000000000000000e+00
0.000000000000000000e+00
0.000000000000000000e+00
0.000000000000000000e+00
3.430029230980689570e-01
0.000000000000000000e+00
0.000000000000000000e+00
2.482113438676438189e-01
0.000000000000000000e+00
0.000000000000000000e+00
0.000000000000000000e+00
0.000000000000000000e+00
0.000000000000000000e+00
3.192836224235922615e-01
0.000000000000000000e+00
-1.371573181255317797e-01
0.000000000000000000e+00
0.000000000000000000e+00
0.000000000000000000e+00
0.000000000000000000e+00
0.000000000000000000e+00
0.000000000000000000e+00
-1.561979429157954458e-01
0.000000000000000000e+00
-1.153461649777524356e-01
0.000000000000000000e+00
0.000000000000000000e+00
0.000000000000000000e+00
3.453294821030232498e-02
-2.947503703899854166e-01
3.860648394070551048e-01
0.000000000000000000e+00
1.354433017440427045e-01
0.000000000000000000e+00
0.000000000000000000e+00
0.000000000000000000e+00
0.000000000000000000e+00
0.000000000000000000e+00
3.593521529244224078e-01
0.000000000000000000e+00
0.000000000000000000e+00
-3.569643620379253646e-01
-4.497694931473632529e-01
0.000000000000000000e+00
0.000000000000000000e+00
0.000000000000000000e+00
0.000000000000000000e+00
0.000000000000000000e+00
0.000000000000000000e+00
0.000000000000000000e+00
0.000000000000000000e+00
0.000000000000000000e+00
0.000000000000000000e+00
-1.567531382755218972e-01
0.000000000000000000e+00
0.000000000000000000e+00
-1.557485859016208840e-01
0.000000000000000000e+00
0.000000000000000000e+00
-7.025791019194804754e-02
0.000000000000000000e+00
-8.923528658275320380e-02
-2.499772350301091850e-01
0.000000000000000000e+00
-5.255730424575306287e-02
-5.667750932570939648e-01
0.000000000000000000e+00
0.000000000000000000e+00
-1.870892747749168250e-01
-3.226765622590472837e-01
0.000000000000000000e+00
0.000000000000000000e+00
0.000000000000000000e+00
0.000000000000000000e+00
0.000000000000000000e+00
0.000000000000000000e+00
0.000000000000000000e+00
-7.886357242754318819e-02
-1.406078723762045103e-02
0.000000000000000000e+00
0.000000000000000000e+00
6.405304837010035446e-02
3.481975402021905697e-01
1.975187102484800283e-01
0.000000000000000000e+00
-1.976635497449774903e-01
0.000000000000000000e+00
-5.373642557636106876e-01
0.000000000000000000e+00
0.000000000000000000e+00
0.000000000000000000e+00
-3.370800017721335418e-01
0.000000000000000000e+00
0.000000000000000000e+00
-2.860207949966381627e-02
-5.347168301957150316e-01
1.158735834437586432e-01
0.000000000000000000e+00
0.000000000000000000e+00
3.610523280099470766e-01
-2.236534792687314421e-01
0.000000000000000000e+00
0.000000000000000000e+00
0.000000000000000000e+00
0.000000000000000000e+00
0.000000000000000000e+00
0.000000000000000000e+00
0.000000000000000000e+00
4.326901302084905365e-02
0.000000000000000000e+00
0.000000000000000000e+00
-4.812821342294379412e-02
0.000000000000000000e+00
0.000000000000000000e+00
-1.618987049800052480e-02
0.000000000000000000e+00
0.000000000000000000e+00
-6.569461963443025410e-02
0.000000000000000000e+00
0.000000000000000000e+00
-2.741606942628668220e-01
0.000000000000000000e+00
-1.235476564713771730e-03
0.000000000000000000e+00
0.000000000000000000e+00
0.000000000000000000e+00
6.766366589354482208e-01
0.000000000000000000e+00
0.000000000000000000e+00
5.308494503128137199e-01
0.000000000000000000e+00
0.000000000000000000e+00
0.000000000000000000e+00
0.000000000000000000e+00
0.000000000000000000e+00
0.000000000000000000e+00
0.000000000000000000e+00
0.000000000000000000e+00
0.000000000000000000e+00
0.000000000000000000e+00
0.000000000000000000e+00
0.000000000000000000e+00
0.000000000000000000e+00
0.000000000000000000e+00
1.074201254178391296e-01
2.864717253036776490e-01
0.000000000000000000e+00
0.000000000000000000e+00
-7.306883152712015383e-02
1.765651129304904587e-01
0.000000000000000000e+00
0.000000000000000000e+00
5.125705710632278214e-03
4.002581151081434363e-02
5.951578981431990961e-02
0.000000000000000000e+00
0.000000000000000000e+00
0.000000000000000000e+00
0.000000000000000000e+00
0.000000000000000000e+00
0.000000000000000000e+00
0.000000000000000000e+00
0.000000000000000000e+00
0.000000000000000000e+00
0.000000000000000000e+00
0.000000000000000000e+00
0.000000000000000000e+00
0.000000000000000000e+00
0.000000000000000000e+00
0.000000000000000000e+00
-1.217768321329313896e-01
0.000000000000000000e+00
0.000000000000000000e+00
0.000000000000000000e+00
-4.688547689290613607e-01
0.000000000000000000e+00
0.000000000000000000e+00
3.033829119061521307e-01
0.000000000000000000e+00
0.000000000000000000e+00
0.000000000000000000e+00
0.000000000000000000e+00
0.000000000000000000e+00
0.000000000000000000e+00
2.383526822716178495e-01
0.000000000000000000e+00
0.000000000000000000e+00
-3.882976235337071702e-01
0.000000000000000000e+00
0.000000000000000000e+00
1.142628959761123608e-01
0.000000000000000000e+00
4.796572483440146306e-01
0.000000000000000000e+00
0.000000000000000000e+00
1.193833194365501865e-01
-9.255259065316358280e-02
0.000000000000000000e+00
0.000000000000000000e+00
-1.483315627353115340e-01
0.000000000000000000e+00
6.606207071073477710e-02
-2.338758971533581310e-01
-3.072986870688120264e-01
0.000000000000000000e+00
0.000000000000000000e+00
0.000000000000000000e+00
3.749062474877832285e-01
0.000000000000000000e+00
0.000000000000000000e+00
1.127658617310492301e-01
0.000000000000000000e+00
-2.418841667658949424e-01
0.000000000000000000e+00
0.000000000000000000e+00
0.000000000000000000e+00
0.000000000000000000e+00
6.145464048729416817e-02
-5.407705779247539146e-01
6.214123717540241953e-01
0.000000000000000000e+00
0.000000000000000000e+00
3.891636976091090716e-01
0.000000000000000000e+00
0.000000000000000000e+00
0.000000000000000000e+00
-1.170304958291442932e-01
0.000000000000000000e+00
0.000000000000000000e+00
0.000000000000000000e+00
0.000000000000000000e+00
0.000000000000000000e+00
0.000000000000000000e+00
4.371014400261027250e-02
0.000000000000000000e+00
0.000000000000000000e+00
0.000000000000000000e+00
1.800219936104899165e+00
0.000000000000000000e+00
-2.529487408193769604e-01
0.000000000000000000e+00
0.000000000000000000e+00
0.000000000000000000e+00
0.000000000000000000e+00
0.000000000000000000e+00
0.000000000000000000e+00
-1.549124004079054373e-01
0.000000000000000000e+00
0.000000000000000000e+00
0.000000000000000000e+00
0.000000000000000000e+00
0.000000000000000000e+00
0.000000000000000000e+00
0.000000000000000000e+00
0.000000000000000000e+00
0.000000000000000000e+00
0.000000000000000000e+00
0.000000000000000000e+00
1.665154436862795462e-01
0.000000000000000000e+00
0.000000000000000000e+00
0.000000000000000000e+00
4.672705882230856478e-01
2.179233831612386874e-01
0.000000000000000000e+00
0.000000000000000000e+00
0.000000000000000000e+00
0.000000000000000000e+00
0.000000000000000000e+00
0.000000000000000000e+00
0.000000000000000000e+00
-1.992782924825647062e-01
0.000000000000000000e+00
0.000000000000000000e+00
0.000000000000000000e+00
0.000000000000000000e+00
0.000000000000000000e+00
-4.079528080825756131e-01
0.000000000000000000e+00
0.000000000000000000e+00
0.000000000000000000e+00
0.000000000000000000e+00
2.130405453130027604e-01
1.126702230725317833e+00
0.000000000000000000e+00
-2.127728225511539284e-01
0.000000000000000000e+00
0.000000000000000000e+00
0.000000000000000000e+00
0.000000000000000000e+00
0.000000000000000000e+00
-2.017925774877715392e-02
0.000000000000000000e+00
-3.869398666327051317e-01
0.000000000000000000e+00
0.000000000000000000e+00
0.000000000000000000e+00
0.000000000000000000e+00
0.000000000000000000e+00
0.000000000000000000e+00
0.000000000000000000e+00
0.000000000000000000e+00
-6.598108254449445154e-01
0.000000000000000000e+00
0.000000000000000000e+00
0.000000000000000000e+00
0.000000000000000000e+00
0.000000000000000000e+00
0.000000000000000000e+00
0.000000000000000000e+00
6.058098713261108603e-01
0.000000000000000000e+00
0.000000000000000000e+00
-1.500488804868828630e-01
2.951757349517707962e-01
0.000000000000000000e+00
0.000000000000000000e+00
0.000000000000000000e+00
0.000000000000000000e+00
0.000000000000000000e+00
-2.661578061405630580e-01
0.000000000000000000e+00
0.000000000000000000e+00
0.000000000000000000e+00
0.000000000000000000e+00
-3.263894387923706869e-02
0.000000000000000000e+00
0.000000000000000000e+00
0.000000000000000000e+00
-7.665332103156944354e-01
0.000000000000000000e+00
0.000000000000000000e+00
0.000000000000000000e+00
0.000000000000000000e+00
0.000000000000000000e+00
0.000000000000000000e+00
0.000000000000000000e+00
-3.173033811404875337e-02
0.000000000000000000e+00
0.000000000000000000e+00
0.000000000000000000e+00
3.556086500114197246e-02
0.000000000000000000e+00
-1.699438520417023979e-01
0.000000000000000000e+00
0.000000000000000000e+00
0.000000000000000000e+00
0.000000000000000000e+00
0.000000000000000000e+00
2.122613866742813216e-01
-4.216317382645441009e-02
-9.834623993775498674e-02
0.000000000000000000e+00
0.000000000000000000e+00
0.000000000000000000e+00
0.000000000000000000e+00
0.000000000000000000e+00
0.000000000000000000e+00
0.000000000000000000e+00
0.000000000000000000e+00
0.000000000000000000e+00
0.000000000000000000e+00
2.137402466624556407e-01
0.000000000000000000e+00
0.000000000000000000e+00
2.915786398996670359e-01
-1.617030445848847697e-01
0.000000000000000000e+00
2.834363881836182708e-02
0.000000000000000000e+00
0.000000000000000000e+00
0.000000000000000000e+00
0.000000000000000000e+00
-1.590668929319042080e-01
0.000000000000000000e+00
0.000000000000000000e+00
0.000000000000000000e+00
0.000000000000000000e+00
0.000000000000000000e+00
0.000000000000000000e+00
0.000000000000000000e+00
0.000000000000000000e+00
-1.256399265824334477e-01
0.000000000000000000e+00
0.000000000000000000e+00
0.000000000000000000e+00
-1.507222017432208738e-01
3.166026479810629679e-01
2.149024019899405391e-01
0.000000000000000000e+00
0.000000000000000000e+00
0.000000000000000000e+00
0.000000000000000000e+00
0.000000000000000000e+00
2.728083403305028853e-01
-5.255934384820500904e-01
0.000000000000000000e+00
-9.893846089531158072e-02
-3.014556797551758427e-01
0.000000000000000000e+00
0.000000000000000000e+00
1.880948393470053548e-01
0.000000000000000000e+00
-4.504406585179760447e-01
9.216086745110830813e-01
0.000000000000000000e+00
0.000000000000000000e+00
0.000000000000000000e+00
0.000000000000000000e+00
0.000000000000000000e+00
0.000000000000000000e+00
-4.578200188904605339e-01
0.000000000000000000e+00
9.237935276724024147e-02
-2.283786598653123612e-01
0.000000000000000000e+00
8.511021702325885507e-02
-1.280535648406492533e-01
0.000000000000000000e+00
0.000000000000000000e+00
0.000000000000000000e+00
0.000000000000000000e+00
0.000000000000000000e+00
0.000000000000000000e+00
-5.775252734246816289e-01
0.000000000000000000e+00
0.000000000000000000e+00
0.000000000000000000e+00
0.000000000000000000e+00
6.632211675936853235e-01
0.000000000000000000e+00
0.000000000000000000e+00
0.000000000000000000e+00
0.000000000000000000e+00
0.000000000000000000e+00
0.000000000000000000e+00
0.000000000000000000e+00
0.000000000000000000e+00
-1.839969178499317182e-01
0.000000000000000000e+00
0.000000000000000000e+00
0.000000000000000000e+00
0.000000000000000000e+00
0.000000000000000000e+00
0.000000000000000000e+00
1.470928450593786130e-01
3.415091446165700872e-02
-7.127101915176910218e-02
1.464431779143658165e-02
0.000000000000000000e+00
0.000000000000000000e+00
0.000000000000000000e+00
0.000000000000000000e+00
0.000000000000000000e+00
0.000000000000000000e+00
0.000000000000000000e+00
3.951518001290560966e-01
0.000000000000000000e+00
-1.596805651185192743e-01
-8.777522970958992476e-02
0.000000000000000000e+00
0.000000000000000000e+00
0.000000000000000000e+00
0.000000000000000000e+00
0.000000000000000000e+00
0.000000000000000000e+00
0.000000000000000000e+00
0.000000000000000000e+00
0.000000000000000000e+00
0.000000000000000000e+00
0.000000000000000000e+00
-3.711984401685199109e-02
0.000000000000000000e+00
0.000000000000000000e+00
0.000000000000000000e+00
-3.295245789631617156e-02
0.000000000000000000e+00
-2.398064444722852462e-01
0.000000000000000000e+00
0.000000000000000000e+00
0.000000000000000000e+00
-1.599865082140305705e-01
0.000000000000000000e+00
-1.290516674929713947e-01
-4.120461841486516286e-01
0.000000000000000000e+00
-1.872278591847390330e-02
1.828442666711546649e-01
0.000000000000000000e+00
2.777681797923962081e-01
0.000000000000000000e+00
0.000000000000000000e+00
0.000000000000000000e+00
0.000000000000000000e+00
0.000000000000000000e+00
-1.132955308232919990e-02
0.000000000000000000e+00
0.000000000000000000e+00
0.000000000000000000e+00
0.000000000000000000e+00
0.000000000000000000e+00
0.000000000000000000e+00
0.000000000000000000e+00
0.000000000000000000e+00
4.771171074327782424e-01
0.000000000000000000e+00
3.511606919571057944e-02
0.000000000000000000e+00
0.000000000000000000e+00
0.000000000000000000e+00
0.000000000000000000e+00
0.000000000000000000e+00
0.000000000000000000e+00
0.000000000000000000e+00
0.000000000000000000e+00
0.000000000000000000e+00
0.000000000000000000e+00
0.000000000000000000e+00
0.000000000000000000e+00
0.000000000000000000e+00
0.000000000000000000e+00
0.000000000000000000e+00
0.000000000000000000e+00
0.000000000000000000e+00
0.000000000000000000e+00
2.973131795279361222e-01
0.000000000000000000e+00
1.620014536468684374e-01
0.000000000000000000e+00
0.000000000000000000e+00
0.000000000000000000e+00
0.000000000000000000e+00
0.000000000000000000e+00
0.000000000000000000e+00
0.000000000000000000e+00
0.000000000000000000e+00
0.000000000000000000e+00
0.000000000000000000e+00
0.000000000000000000e+00
0.000000000000000000e+00
0.000000000000000000e+00
3.051576305659648991e-01
5.156834249000109838e-02
0.000000000000000000e+00
0.000000000000000000e+00
0.000000000000000000e+00
0.000000000000000000e+00
0.000000000000000000e+00
-4.870072009024502546e-01
0.000000000000000000e+00
-2.999758141511362775e-01
0.000000000000000000e+00
0.000000000000000000e+00
0.000000000000000000e+00
0.000000000000000000e+00
0.000000000000000000e+00
0.000000000000000000e+00
0.000000000000000000e+00
-3.024503005300701597e-01
0.000000000000000000e+00
0.000000000000000000e+00
-1.110058814588133075e-01
0.000000000000000000e+00
0.000000000000000000e+00
0.000000000000000000e+00
0.000000000000000000e+00
0.000000000000000000e+00
0.000000000000000000e+00
0.000000000000000000e+00
2.138024597023370776e-01
-3.592010616119158395e-01
0.000000000000000000e+00
0.000000000000000000e+00
-3.367112780569024300e-01
-3.017225209287810808e-02
-5.726111301373169038e-01
-1.489148860521403162e-01
-1.210011013783258704e-01
0.000000000000000000e+00
0.000000000000000000e+00
0.000000000000000000e+00
0.000000000000000000e+00
0.000000000000000000e+00
-1.126525789375848186e-01
0.000000000000000000e+00
-4.436346800880693227e-03
2.726670452583580539e-01
0.000000000000000000e+00
0.000000000000000000e+00
0.000000000000000000e+00
0.000000000000000000e+00
0.000000000000000000e+00
4.860313373918110913e-01
-1.610810144594852222e-01
0.000000000000000000e+00
0.000000000000000000e+00
0.000000000000000000e+00
0.000000000000000000e+00
0.000000000000000000e+00
0.000000000000000000e+00
3.131596830667832121e-02
0.000000000000000000e+00
0.000000000000000000e+00
-1.853410853165108341e-01
0.000000000000000000e+00
-1.270318513442281194e-02
0.000000000000000000e+00
-1.250392584130691209e-01
0.000000000000000000e+00
1.371224341239255240e-01
0.000000000000000000e+00
0.000000000000000000e+00
0.000000000000000000e+00
-3.687189204177214741e-01
0.000000000000000000e+00
0.000000000000000000e+00
0.000000000000000000e+00
0.000000000000000000e+00
0.000000000000000000e+00
0.000000000000000000e+00
0.000000000000000000e+00
0.000000000000000000e+00
-3.945256263594691670e-02
-4.374681784028692788e-01
0.000000000000000000e+00
0.000000000000000000e+00
0.000000000000000000e+00
0.000000000000000000e+00
0.000000000000000000e+00
0.000000000000000000e+00
2.393049507838995171e-01
0.000000000000000000e+00
0.000000000000000000e+00
0.000000000000000000e+00
0.000000000000000000e+00
0.000000000000000000e+00
0.000000000000000000e+00
0.000000000000000000e+00
0.000000000000000000e+00
0.000000000000000000e+00
0.000000000000000000e+00
0.000000000000000000e+00
0.000000000000000000e+00
0.000000000000000000e+00
0.000000000000000000e+00
0.000000000000000000e+00
-1.598308630600944191e-01
0.000000000000000000e+00
0.000000000000000000e+00
1.474253644648561290e-01
0.000000000000000000e+00
-1.062422193475066716e-02
0.000000000000000000e+00
0.000000000000000000e+00
-6.969638460680681602e-01
0.000000000000000000e+00
0.000000000000000000e+00
-2.056855175150700543e-01
0.000000000000000000e+00
0.000000000000000000e+00
0.000000000000000000e+00
0.000000000000000000e+00
0.000000000000000000e+00
0.000000000000000000e+00
0.000000000000000000e+00
-7.032486136585901493e-01
0.000000000000000000e+00
0.000000000000000000e+00
0.000000000000000000e+00
0.000000000000000000e+00
0.000000000000000000e+00
0.000000000000000000e+00
0.000000000000000000e+00
-1.259711766832113111e-01
0.000000000000000000e+00
-7.362054170580920043e-02
0.000000000000000000e+00
0.000000000000000000e+00
0.000000000000000000e+00
0.000000000000000000e+00
0.000000000000000000e+00
0.000000000000000000e+00
0.000000000000000000e+00
4.512041417789913189e-01
0.000000000000000000e+00
0.000000000000000000e+00
0.000000000000000000e+00
0.000000000000000000e+00
0.000000000000000000e+00
-3.228584275285439203e-02
0.000000000000000000e+00
5.536403993195644357e-01
0.000000000000000000e+00
0.000000000000000000e+00
-5.855477537331295057e-01
-9.677264601373464226e-02
0.000000000000000000e+00
-3.378417694797921644e-01
0.000000000000000000e+00
0.000000000000000000e+00
0.000000000000000000e+00
-3.799154594243695504e-01
0.000000000000000000e+00
0.000000000000000000e+00
0.000000000000000000e+00
0.000000000000000000e+00
-1.922853883570623534e-01
-6.298910222944453796e-02
0.000000000000000000e+00
0.000000000000000000e+00
0.000000000000000000e+00
0.000000000000000000e+00
1.318379056923779380e-01
0.000000000000000000e+00
0.000000000000000000e+00
0.000000000000000000e+00
0.000000000000000000e+00
0.000000000000000000e+00
-7.599841772510679272e-02
0.000000000000000000e+00
-8.848241947608531666e-02
0.000000000000000000e+00
0.000000000000000000e+00
0.000000000000000000e+00
5.987691512900681357e-01
0.000000000000000000e+00
0.000000000000000000e+00
0.000000000000000000e+00
0.000000000000000000e+00
0.000000000000000000e+00
0.000000000000000000e+00
-1.797915705514799567e-01
-2.923833333653785838e-01
0.000000000000000000e+00
0.000000000000000000e+00
3.468440714972523264e-01
0.000000000000000000e+00
2.267413853568353843e-01
0.000000000000000000e+00
0.000000000000000000e+00
0.000000000000000000e+00
0.000000000000000000e+00
0.000000000000000000e+00
-9.678185783801990238e-02
0.000000000000000000e+00
0.000000000000000000e+00
0.000000000000000000e+00
-1.904552764875382942e-01
0.000000000000000000e+00
-1.835106676361678013e-02
0.000000000000000000e+00
0.000000000000000000e+00
0.000000000000000000e+00
0.000000000000000000e+00
-4.312356270544122072e-01
0.000000000000000000e+00
0.000000000000000000e+00
0.000000000000000000e+00
0.000000000000000000e+00
-9.866648113761540273e-01
0.000000000000000000e+00
0.000000000000000000e+00
0.000000000000000000e+00
4.685642243270231322e-02
2.161874851993042246e-01
-4.068594721283881332e-01
0.000000000000000000e+00
0.000000000000000000e+00
0.000000000000000000e+00
-1.976137148155784617e-01
0.000000000000000000e+00
0.000000000000000000e+00
0.000000000000000000e+00
3.354523593021731531e-01
0.000000000000000000e+00
-2.409779754438973465e-01
0.000000000000000000e+00
0.000000000000000000e+00
0.000000000000000000e+00
0.000000000000000000e+00
0.000000000000000000e+00
3.557199262614669233e-01
0.000000000000000000e+00
4.611984553703497025e-01
0.000000000000000000e+00
0.000000000000000000e+00
0.000000000000000000e+00
0.000000000000000000e+00
0.000000000000000000e+00
0.000000000000000000e+00
0.000000000000000000e+00
0.000000000000000000e+00
0.000000000000000000e+00
0.000000000000000000e+00
0.000000000000000000e+00
0.000000000000000000e+00
0.000000000000000000e+00
1.348008646784631670e-01
0.000000000000000000e+00
0.000000000000000000e+00
0.000000000000000000e+00
5.821101942558354336e-02
0.000000000000000000e+00
0.000000000000000000e+00
0.000000000000000000e+00
3.534162704308154712e-01
0.000000000000000000e+00
0.000000000000000000e+00
0.000000000000000000e+00
0.000000000000000000e+00
-7.241505266523995399e-02
0.000000000000000000e+00
0.000000000000000000e+00
0.000000000000000000e+00
0.000000000000000000e+00
0.000000000000000000e+00
0.000000000000000000e+00
0.000000000000000000e+00
0.000000000000000000e+00
0.000000000000000000e+00
-1.687049474346248579e-01
0.000000000000000000e+00
0.000000000000000000e+00
2.025246874794213725e-01
0.000000000000000000e+00
0.000000000000000000e+00
0.000000000000000000e+00
0.000000000000000000e+00
-1.282722220987279373e-02
0.000000000000000000e+00
9.941159820764986985e-03
0.000000000000000000e+00
0.000000000000000000e+00
0.000000000000000000e+00
0.000000000000000000e+00
0.000000000000000000e+00
-4.618060144584208715e-02
1.240900763702283305e+00
0.000000000000000000e+00
-7.125668556575587287e-02
-9.409069682749200692e-02
0.000000000000000000e+00
0.000000000000000000e+00
0.000000000000000000e+00
0.000000000000000000e+00
0.000000000000000000e+00
0.000000000000000000e+00
0.000000000000000000e+00
4.874624438041938457e-01
0.000000000000000000e+00
0.000000000000000000e+00
0.000000000000000000e+00
0.000000000000000000e+00
0.000000000000000000e+00
-9.481338983486622962e-02
0.000000000000000000e+00
0.000000000000000000e+00
0.000000000000000000e+00
4.478136238323354168e-01
0.000000000000000000e+00
0.000000000000000000e+00
0.000000000000000000e+00
-5.601486688036474426e-01
3.792525685695388171e-01
-4.315325742514514173e-02
-3.648596002218397819e-03
-5.793132210149855021e-01
0.000000000000000000e+00
0.000000000000000000e+00
0.000000000000000000e+00
0.000000000000000000e+00
0.000000000000000000e+00
0.000000000000000000e+00
-6.806297636254260430e-02
0.000000000000000000e+00
0.000000000000000000e+00
1.280646444133271833e-01
0.000000000000000000e+00
7.037855790042102898e-03
0.000000000000000000e+00
0.000000000000000000e+00
3.944171000547259665e-01
0.000000000000000000e+00
0.000000000000000000e+00
0.000000000000000000e+00
0.000000000000000000e+00
-4.925107529993112514e-03
0.000000000000000000e+00
0.000000000000000000e+00
0.000000000000000000e+00
0.000000000000000000e+00
0.000000000000000000e+00
-5.977930627605988478e-01
0.000000000000000000e+00
0.000000000000000000e+00
0.000000000000000000e+00
0.000000000000000000e+00
0.000000000000000000e+00
0.000000000000000000e+00
0.000000000000000000e+00
2.536138764803352319e-01
0.000000000000000000e+00
-6.052474855781595636e-02
0.000000000000000000e+00
0.000000000000000000e+00
-2.486286974354338652e-01
0.000000000000000000e+00
4.744923671959495048e-01
0.000000000000000000e+00
0.000000000000000000e+00
0.000000000000000000e+00
0.000000000000000000e+00
0.000000000000000000e+00
0.000000000000000000e+00
0.000000000000000000e+00
0.000000000000000000e+00
0.000000000000000000e+00
-1.639454543817552845e-01
0.000000000000000000e+00
-7.856866236307420703e-02
0.000000000000000000e+00
0.000000000000000000e+00
-9.486554625059630264e-02
0.000000000000000000e+00
0.000000000000000000e+00
0.000000000000000000e+00
-3.742876065437596850e-02
0.000000000000000000e+00
0.000000000000000000e+00
0.000000000000000000e+00
0.000000000000000000e+00
0.000000000000000000e+00
0.000000000000000000e+00
4.504670050891235351e-03
-1.737460954530400947e-01
0.000000000000000000e+00
0.000000000000000000e+00
0.000000000000000000e+00
0.000000000000000000e+00
0.000000000000000000e+00
3.337358597849084951e-01
0.000000000000000000e+00
0.000000000000000000e+00
0.000000000000000000e+00
0.000000000000000000e+00
-6.863778223575754678e-02
0.000000000000000000e+00
0.000000000000000000e+00
0.000000000000000000e+00
0.000000000000000000e+00
0.000000000000000000e+00
0.000000000000000000e+00
0.000000000000000000e+00
-8.516879043699638885e-01
-1.520094580859143174e-01
0.000000000000000000e+00
0.000000000000000000e+00
0.000000000000000000e+00
-9.545399352423054873e-02
0.000000000000000000e+00
0.000000000000000000e+00
0.000000000000000000e+00
0.000000000000000000e+00
-2.349991662428056460e-01
0.000000000000000000e+00
0.000000000000000000e+00
0.000000000000000000e+00
0.000000000000000000e+00
0.000000000000000000e+00
0.000000000000000000e+00
4.979391970881711371e-01
0.000000000000000000e+00
0.000000000000000000e+00
0.000000000000000000e+00
-1.772766724817597395e-01
0.000000000000000000e+00
0.000000000000000000e+00
0.000000000000000000e+00
0.000000000000000000e+00
0.000000000000000000e+00
0.000000000000000000e+00
0.000000000000000000e+00
0.000000000000000000e+00
0.000000000000000000e+00
1.548213992446180742e-01
-7.875042808694845409e-01
0.000000000000000000e+00
-4.078557516867972743e-01
0.000000000000000000e+00
0.000000000000000000e+00
3.863045674819745035e-01
0.000000000000000000e+00
0.000000000000000000e+00
0.000000000000000000e+00
0.000000000000000000e+00
0.000000000000000000e+00
0.000000000000000000e+00
0.000000000000000000e+00
0.000000000000000000e+00
0.000000000000000000e+00
0.000000000000000000e+00
-4.801513465531363489e-01
-8.118678745991091128e-02
0.000000000000000000e+00
0.000000000000000000e+00
0.000000000000000000e+00
0.000000000000000000e+00
-4.797145173553297171e-01
2.500266406143222125e-02
0.000000000000000000e+00
0.000000000000000000e+00
0.000000000000000000e+00
0.000000000000000000e+00
-6.651976252677563872e-01
0.000000000000000000e+00
0.000000000000000000e+00
0.000000000000000000e+00
0.000000000000000000e+00
0.000000000000000000e+00
0.000000000000000000e+00
0.000000000000000000e+00
0.000000000000000000e+00
0.000000000000000000e+00
-3.934428089543098861e-01
0.000000000000000000e+00
3.245384051630532257e-02
1.641140180046193053e-01
0.000000000000000000e+00
0.000000000000000000e+00
0.000000000000000000e+00
0.000000000000000000e+00
0.000000000000000000e+00
0.000000000000000000e+00
0.000000000000000000e+00
0.000000000000000000e+00
-1.678507166075148271e-01
0.000000000000000000e+00
0.000000000000000000e+00
0.000000000000000000e+00
0.000000000000000000e+00
0.000000000000000000e+00
0.000000000000000000e+00
-2.979374924276020353e-01
-2.949246210135756940e-01
-4.013451505498011329e-01
0.000000000000000000e+00
0.000000000000000000e+00
0.000000000000000000e+00
0.000000000000000000e+00
0.000000000000000000e+00
3.145444050789640289e-01
0.000000000000000000e+00
0.000000000000000000e+00
0.000000000000000000e+00
-2.003783862902123736e-01
0.000000000000000000e+00
0.000000000000000000e+00
-2.106726053171621982e-01
0.000000000000000000e+00
0.000000000000000000e+00
0.000000000000000000e+00
0.000000000000000000e+00
0.000000000000000000e+00
0.000000000000000000e+00
-2.434866582942075974e-01
0.000000000000000000e+00
0.000000000000000000e+00
0.000000000000000000e+00
0.000000000000000000e+00
0.000000000000000000e+00
0.000000000000000000e+00
0.000000000000000000e+00
0.000000000000000000e+00
0.000000000000000000e+00
0.000000000000000000e+00
3.178336203085804779e-01
0.000000000000000000e+00
0.000000000000000000e+00
0.000000000000000000e+00
0.000000000000000000e+00
0.000000000000000000e+00
0.000000000000000000e+00
-9.438202540199704116e-02
0.000000000000000000e+00
-1.878349873786223923e-02
0.000000000000000000e+00
0.000000000000000000e+00
0.000000000000000000e+00
0.000000000000000000e+00
0.000000000000000000e+00
0.000000000000000000e+00
0.000000000000000000e+00
0.000000000000000000e+00
0.000000000000000000e+00
0.000000000000000000e+00
0.000000000000000000e+00
0.000000000000000000e+00
0.000000000000000000e+00
0.000000000000000000e+00
0.000000000000000000e+00
0.000000000000000000e+00
0.000000000000000000e+00
0.000000000000000000e+00
0.000000000000000000e+00
-1.690275279868370117e-01
0.000000000000000000e+00
0.000000000000000000e+00
0.000000000000000000e+00
0.000000000000000000e+00
0.000000000000000000e+00
0.000000000000000000e+00
0.000000000000000000e+00
0.000000000000000000e+00
0.000000000000000000e+00
0.000000000000000000e+00
0.000000000000000000e+00
0.000000000000000000e+00
0.000000000000000000e+00
-2.841966266264408375e-02
-3.021916834420654840e-01
-4.711032507155037963e-01
-1.761005498331031927e-01
0.000000000000000000e+00
0.000000000000000000e+00
0.000000000000000000e+00
0.000000000000000000e+00
5.580953663983594382e-01
0.000000000000000000e+00
1.844066402806539828e-01
0.000000000000000000e+00
0.000000000000000000e+00
0.000000000000000000e+00
0.000000000000000000e+00
0.000000000000000000e+00
0.000000000000000000e+00
0.000000000000000000e+00
0.000000000000000000e+00
0.000000000000000000e+00
0.000000000000000000e+00
-4.590161293016734589e-01
0.000000000000000000e+00
-2.083480760260364995e-01
0.000000000000000000e+00
0.000000000000000000e+00
0.000000000000000000e+00
0.000000000000000000e+00
0.000000000000000000e+00
0.000000000000000000e+00
0.000000000000000000e+00
0.000000000000000000e+00
0.000000000000000000e+00
0.000000000000000000e+00
0.000000000000000000e+00
0.000000000000000000e+00
0.000000000000000000e+00
-2.018337250055260712e-01
0.000000000000000000e+00
0.000000000000000000e+00
0.000000000000000000e+00
2.049334286168809083e-01
9.086816535031405628e-01
0.000000000000000000e+00
0.000000000000000000e+00
0.000000000000000000e+00
0.000000000000000000e+00
0.000000000000000000e+00
0.000000000000000000e+00
0.000000000000000000e+00
0.000000000000000000e+00
0.000000000000000000e+00
0.000000000000000000e+00
0.000000000000000000e+00
0.000000000000000000e+00
0.000000000000000000e+00
0.000000000000000000e+00
0.000000000000000000e+00
0.000000000000000000e+00
-3.594533658456681158e-01
0.000000000000000000e+00
0.000000000000000000e+00
0.000000000000000000e+00
-2.996765646878183365e-01
0.000000000000000000e+00
0.000000000000000000e+00
1.348100970973820645e-01
0.000000000000000000e+00
0.000000000000000000e+00
0.000000000000000000e+00
0.000000000000000000e+00
0.000000000000000000e+00
0.000000000000000000e+00
0.000000000000000000e+00
0.000000000000000000e+00
0.000000000000000000e+00
0.000000000000000000e+00
0.000000000000000000e+00
0.000000000000000000e+00
0.000000000000000000e+00
0.000000000000000000e+00
-1.274082021432899024e-02
0.000000000000000000e+00
0.000000000000000000e+00
-3.402639219828235695e-01
0.000000000000000000e+00
0.000000000000000000e+00
0.000000000000000000e+00
0.000000000000000000e+00
0.000000000000000000e+00
0.000000000000000000e+00
0.000000000000000000e+00
0.000000000000000000e+00
0.000000000000000000e+00
0.000000000000000000e+00
0.000000000000000000e+00
0.000000000000000000e+00
0.000000000000000000e+00
0.000000000000000000e+00
0.000000000000000000e+00
0.000000000000000000e+00
0.000000000000000000e+00
0.000000000000000000e+00
-2.541553889610753333e-02
4.675511487676081157e-01
0.000000000000000000e+00
0.000000000000000000e+00
-6.164916221888189218e-01
0.000000000000000000e+00
0.000000000000000000e+00
0.000000000000000000e+00
0.000000000000000000e+00
1.770630538366831930e-01
0.000000000000000000e+00
0.000000000000000000e+00
0.000000000000000000e+00
2.414952689427870003e-01
0.000000000000000000e+00
0.000000000000000000e+00
0.000000000000000000e+00
-4.949935688101992498e-02
0.000000000000000000e+00
0.000000000000000000e+00
0.000000000000000000e+00
0.000000000000000000e+00
0.000000000000000000e+00
0.000000000000000000e+00
0.000000000000000000e+00
0.000000000000000000e+00
7.440214750733840088e-01
0.000000000000000000e+00
0.000000000000000000e+00
-1.216415902610208100e-01
-1.202072933671337884e-01
0.000000000000000000e+00
0.000000000000000000e+00
0.000000000000000000e+00
0.000000000000000000e+00
0.000000000000000000e+00
0.000000000000000000e+00
0.000000000000000000e+00
0.000000000000000000e+00
0.000000000000000000e+00
0.000000000000000000e+00
8.685451354040409910e-01
0.000000000000000000e+00
0.000000000000000000e+00
0.000000000000000000e+00
0.000000000000000000e+00
0.000000000000000000e+00
0.000000000000000000e+00
3.852856596663454813e-01
0.000000000000000000e+00
0.000000000000000000e+00
0.000000000000000000e+00
0.000000000000000000e+00
-2.596927530687899721e-01
-8.220194169113372862e-01
3.688993984795577163e-01
0.000000000000000000e+00
0.000000000000000000e+00
0.000000000000000000e+00
5.585667666046752883e-02
0.000000000000000000e+00
0.000000000000000000e+00
0.000000000000000000e+00
-7.183470562710281282e-02
0.000000000000000000e+00
0.000000000000000000e+00
0.000000000000000000e+00
0.000000000000000000e+00
0.000000000000000000e+00
0.000000000000000000e+00
0.000000000000000000e+00
3.301734012743109958e-01
0.000000000000000000e+00
0.000000000000000000e+00
-1.628574314343252949e-01
0.000000000000000000e+00
0.000000000000000000e+00
0.000000000000000000e+00
0.000000000000000000e+00
0.000000000000000000e+00
8.547155902806187477e-02
0.000000000000000000e+00
0.000000000000000000e+00
0.000000000000000000e+00
0.000000000000000000e+00
0.000000000000000000e+00
0.000000000000000000e+00
0.000000000000000000e+00
0.000000000000000000e+00
0.000000000000000000e+00
0.000000000000000000e+00
0.000000000000000000e+00
0.000000000000000000e+00
1.020761112302117357e-01
0.000000000000000000e+00
0.000000000000000000e+00
0.000000000000000000e+00
0.000000000000000000e+00
0.000000000000000000e+00
0.000000000000000000e+00
-7.206947212885885141e-03
0.000000000000000000e+00
0.000000000000000000e+00
4.479633246843301442e-01
0.000000000000000000e+00
0.000000000000000000e+00
-6.770727508672373662e-02
8.850583965120316365e-02
0.000000000000000000e+00
0.000000000000000000e+00
8.130456850661191281e-02
0.000000000000000000e+00
0.000000000000000000e+00
0.000000000000000000e+00
0.000000000000000000e+00
0.000000000000000000e+00
0.000000000000000000e+00
0.000000000000000000e+00
0.000000000000000000e+00
0.000000000000000000e+00
0.000000000000000000e+00
-3.405351508048564124e-01
0.000000000000000000e+00
0.000000000000000000e+00
-1.506703180913813445e-01
0.000000000000000000e+00
-1.919924105073137766e-01
-1.526864132189361956e-01
0.000000000000000000e+00
0.000000000000000000e+00
0.000000000000000000e+00
-8.320265880013888449e-03
0.000000000000000000e+00
0.000000000000000000e+00
0.000000000000000000e+00
0.000000000000000000e+00
0.000000000000000000e+00
0.000000000000000000e+00
0.000000000000000000e+00
-3.604376726364068306e-02
0.000000000000000000e+00
0.000000000000000000e+00
0.000000000000000000e+00
-1.486186736633462145e-02
0.000000000000000000e+00
0.000000000000000000e+00
0.000000000000000000e+00
0.000000000000000000e+00
0.000000000000000000e+00
0.000000000000000000e+00
0.000000000000000000e+00
0.000000000000000000e+00
4.109552749725692844e-01
0.000000000000000000e+00
0.000000000000000000e+00
0.000000000000000000e+00
0.000000000000000000e+00
0.000000000000000000e+00
0.000000000000000000e+00
0.000000000000000000e+00
0.000000000000000000e+00
0.000000000000000000e+00
-4.506126389146358768e-01
0.000000000000000000e+00
0.000000000000000000e+00
0.000000000000000000e+00
0.000000000000000000e+00
-3.743431657572202087e-02
0.000000000000000000e+00
0.000000000000000000e+00
0.000000000000000000e+00
0.000000000000000000e+00
0.000000000000000000e+00
0.000000000000000000e+00
0.000000000000000000e+00
0.000000000000000000e+00
3.915080829344411706e-01
-2.167820736178514007e-01
0.000000000000000000e+00
-7.827882788980379258e-01
-2.667526688106849342e-01
0.000000000000000000e+00
0.000000000000000000e+00
0.000000000000000000e+00
0.000000000000000000e+00
0.000000000000000000e+00
0.000000000000000000e+00
0.000000000000000000e+00
0.000000000000000000e+00
0.000000000000000000e+00
0.000000000000000000e+00
0.000000000000000000e+00
0.000000000000000000e+00
0.000000000000000000e+00
-1.827137645713690917e-01
0.000000000000000000e+00
0.000000000000000000e+00
0.000000000000000000e+00
0.000000000000000000e+00
0.000000000000000000e+00
0.000000000000000000e+00
0.000000000000000000e+00
0.000000000000000000e+00
0.000000000000000000e+00
0.000000000000000000e+00
0.000000000000000000e+00
0.000000000000000000e+00
3.833630027770472681e-01
0.000000000000000000e+00
0.000000000000000000e+00
-7.155886918735696045e-02
0.000000000000000000e+00
6.204435885581502559e-03
0.000000000000000000e+00
0.000000000000000000e+00
-3.279494511286514674e-02
0.000000000000000000e+00
0.000000000000000000e+00
0.000000000000000000e+00
0.000000000000000000e+00
0.000000000000000000e+00
-3.588005656958855871e-01
0.000000000000000000e+00
0.000000000000000000e+00
0.000000000000000000e+00
0.000000000000000000e+00
-1.691383525442798630e-01
0.000000000000000000e+00
0.000000000000000000e+00
-3.086867542390087649e-01
0.000000000000000000e+00
0.000000000000000000e+00
0.000000000000000000e+00
0.000000000000000000e+00
-9.113759047586841855e-02
-2.140956260787542365e-01
0.000000000000000000e+00
0.000000000000000000e+00
6.536955121282559400e-01
-1.850655578183544592e-01
-7.720315645913219949e-02
0.000000000000000000e+00
0.000000000000000000e+00
0.000000000000000000e+00
0.000000000000000000e+00
0.000000000000000000e+00
0.000000000000000000e+00
0.000000000000000000e+00
0.000000000000000000e+00
0.000000000000000000e+00
0.000000000000000000e+00
0.000000000000000000e+00
0.000000000000000000e+00
0.000000000000000000e+00
0.000000000000000000e+00
0.000000000000000000e+00
0.000000000000000000e+00
0.000000000000000000e+00
0.000000000000000000e+00
0.000000000000000000e+00
0.000000000000000000e+00
0.000000000000000000e+00
0.000000000000000000e+00
0.000000000000000000e+00
9.490200805759690939e-01
0.000000000000000000e+00
0.000000000000000000e+00
0.000000000000000000e+00
2.244657270132293381e-01
-1.487797573228018533e-01
0.000000000000000000e+00
0.000000000000000000e+00
0.000000000000000000e+00
0.000000000000000000e+00
0.000000000000000000e+00
2.598634978473449153e-01
0.000000000000000000e+00
0.000000000000000000e+00
0.000000000000000000e+00
0.000000000000000000e+00
2.674075919313531613e-01
0.000000000000000000e+00
0.000000000000000000e+00
0.000000000000000000e+00
0.000000000000000000e+00
0.000000000000000000e+00
-2.372052519145734784e-01
0.000000000000000000e+00
0.000000000000000000e+00
0.000000000000000000e+00
-1.099005081687029345e-01
0.000000000000000000e+00
0.000000000000000000e+00
0.000000000000000000e+00
0.000000000000000000e+00
0.000000000000000000e+00
0.000000000000000000e+00
0.000000000000000000e+00
0.000000000000000000e+00
0.000000000000000000e+00
0.000000000000000000e+00
0.000000000000000000e+00
0.000000000000000000e+00
0.000000000000000000e+00
0.000000000000000000e+00
0.000000000000000000e+00
0.000000000000000000e+00
0.000000000000000000e+00
0.000000000000000000e+00
0.000000000000000000e+00
0.000000000000000000e+00
8.112874949545897940e-02
-4.809988092840196683e-01
-3.191744418231164948e-01
0.000000000000000000e+00
0.000000000000000000e+00
0.000000000000000000e+00
0.000000000000000000e+00
0.000000000000000000e+00
0.000000000000000000e+00
-1.395104693338087842e-01
0.000000000000000000e+00
0.000000000000000000e+00
0.000000000000000000e+00
0.000000000000000000e+00
0.000000000000000000e+00
2.308629517796351449e-01
0.000000000000000000e+00
0.000000000000000000e+00
0.000000000000000000e+00
0.000000000000000000e+00
0.000000000000000000e+00
0.000000000000000000e+00
1.623130399013356928e-01
0.000000000000000000e+00
0.000000000000000000e+00
0.000000000000000000e+00
-2.015917129476734945e-02
0.000000000000000000e+00
0.000000000000000000e+00
0.000000000000000000e+00
0.000000000000000000e+00
-4.325328365788886353e-01
-2.294699345778461741e-01
2.197755727456206787e-01
0.000000000000000000e+00
8.248400433623349626e-01
0.000000000000000000e+00
0.000000000000000000e+00
0.000000000000000000e+00
0.000000000000000000e+00
0.000000000000000000e+00
0.000000000000000000e+00
0.000000000000000000e+00
-5.305211342889894904e-02
0.000000000000000000e+00
0.000000000000000000e+00
-5.746828612171521744e-01
0.000000000000000000e+00
0.000000000000000000e+00
0.000000000000000000e+00
0.000000000000000000e+00
0.000000000000000000e+00
0.000000000000000000e+00
-4.565770893497886340e-02
0.000000000000000000e+00
0.000000000000000000e+00
-1.440410077937087641e-01
0.000000000000000000e+00
0.000000000000000000e+00
0.000000000000000000e+00
0.000000000000000000e+00
0.000000000000000000e+00
0.000000000000000000e+00
0.000000000000000000e+00
0.000000000000000000e+00
0.000000000000000000e+00
0.000000000000000000e+00
0.000000000000000000e+00
0.000000000000000000e+00
1.029681658146223588e+00
0.000000000000000000e+00
0.000000000000000000e+00
0.000000000000000000e+00
0.000000000000000000e+00
0.000000000000000000e+00
-5.489082549803502020e-02
0.000000000000000000e+00
0.000000000000000000e+00
0.000000000000000000e+00
0.000000000000000000e+00
0.000000000000000000e+00
-1.613434137153672565e-01
0.000000000000000000e+00
0.000000000000000000e+00
-4.440171138959563002e-02
0.000000000000000000e+00
-1.940207182317344736e-01
0.000000000000000000e+00
0.000000000000000000e+00
0.000000000000000000e+00
0.000000000000000000e+00
0.000000000000000000e+00
0.000000000000000000e+00
0.000000000000000000e+00
0.000000000000000000e+00
0.000000000000000000e+00
-1.670964698540013116e-02
0.000000000000000000e+00
0.000000000000000000e+00
1.777108070324267056e-02
-9.472613913839226032e-03
0.000000000000000000e+00
0.000000000000000000e+00
-4.165136732411367504e-02
1.648801739875726258e-01
-1.763249051595202344e-01
0.000000000000000000e+00
0.000000000000000000e+00
0.000000000000000000e+00
0.000000000000000000e+00
0.000000000000000000e+00
-8.207727741263916299e-02
0.000000000000000000e+00
0.000000000000000000e+00
-3.596895261199241078e-01
0.000000000000000000e+00
0.000000000000000000e+00
-7.639331423581348091e-01
0.000000000000000000e+00
-3.904627674545045612e-02
0.000000000000000000e+00
0.000000000000000000e+00
0.000000000000000000e+00
0.000000000000000000e+00
0.000000000000000000e+00
0.000000000000000000e+00
4.348723885780735043e-02
0.000000000000000000e+00
0.000000000000000000e+00
0.000000000000000000e+00
0.000000000000000000e+00
-7.436173069467169050e-01
0.000000000000000000e+00
0.000000000000000000e+00
-9.021530999117237382e-02
0.000000000000000000e+00
0.000000000000000000e+00
1.724932736575890413e-01
0.000000000000000000e+00
-2.866577814761145926e-01
0.000000000000000000e+00
0.000000000000000000e+00
0.000000000000000000e+00
0.000000000000000000e+00
0.000000000000000000e+00
0.000000000000000000e+00
0.000000000000000000e+00
0.000000000000000000e+00
0.000000000000000000e+00
0.000000000000000000e+00
0.000000000000000000e+00
1.721694940842483784e-02
0.000000000000000000e+00
0.000000000000000000e+00
-8.199134862475239427e-02
0.000000000000000000e+00
-8.960794047657035799e-01
0.000000000000000000e+00
0.000000000000000000e+00
0.000000000000000000e+00
0.000000000000000000e+00
-3.241225386773541328e-02
0.000000000000000000e+00
0.000000000000000000e+00
0.000000000000000000e+00
0.000000000000000000e+00
5.000637934222060821e-01
0.000000000000000000e+00
-8.127157766174092357e-02
0.000000000000000000e+00
0.000000000000000000e+00
0.000000000000000000e+00
0.000000000000000000e+00
0.000000000000000000e+00
2.000312893623518162e-01
0.000000000000000000e+00
-8.127224701806619045e-01
2.734964431913619598e-01
0.000000000000000000e+00
0.000000000000000000e+00
-2.241644076063637192e-01
0.000000000000000000e+00
0.000000000000000000e+00
0.000000000000000000e+00
0.000000000000000000e+00
4.608807828486524705e-02
0.000000000000000000e+00
0.000000000000000000e+00
0.000000000000000000e+00
-9.122251288227342103e-01
0.000000000000000000e+00
1.858319747431758651e-01
0.000000000000000000e+00
-3.870593235684338107e-01
0.000000000000000000e+00
0.000000000000000000e+00
1.816855174348486757e-01
3.637385126994565065e-01
0.000000000000000000e+00
0.000000000000000000e+00
5.642843729903123107e-01
0.000000000000000000e+00
0.000000000000000000e+00
0.000000000000000000e+00
0.000000000000000000e+00
0.000000000000000000e+00
0.000000000000000000e+00
0.000000000000000000e+00
0.000000000000000000e+00
0.000000000000000000e+00
0.000000000000000000e+00
0.000000000000000000e+00
0.000000000000000000e+00
0.000000000000000000e+00
0.000000000000000000e+00
0.000000000000000000e+00
1.964801822765160633e-01
0.000000000000000000e+00
0.000000000000000000e+00
0.000000000000000000e+00
0.000000000000000000e+00
-9.690862610692492496e-02
0.000000000000000000e+00
0.000000000000000000e+00
0.000000000000000000e+00
0.000000000000000000e+00
0.000000000000000000e+00
0.000000000000000000e+00
0.000000000000000000e+00
0.000000000000000000e+00
0.000000000000000000e+00
0.000000000000000000e+00
-6.044078707691241670e-01
0.000000000000000000e+00
0.000000000000000000e+00
-5.766350182884728559e-01
0.000000000000000000e+00
0.000000000000000000e+00
0.000000000000000000e+00
0.000000000000000000e+00
2.141740152276642439e-01
0.000000000000000000e+00
0.000000000000000000e+00
0.000000000000000000e+00
0.000000000000000000e+00
0.000000000000000000e+00
0.000000000000000000e+00
0.000000000000000000e+00
0.000000000000000000e+00
6.477331426549800542e-01
0.000000000000000000e+00
0.000000000000000000e+00
0.000000000000000000e+00
0.000000000000000000e+00
3.384822106804004638e-01
0.000000000000000000e+00
6.880181071970296047e-01
0.000000000000000000e+00
0.000000000000000000e+00
0.000000000000000000e+00
0.000000000000000000e+00
0.000000000000000000e+00
0.000000000000000000e+00
0.000000000000000000e+00
0.000000000000000000e+00
0.000000000000000000e+00
0.000000000000000000e+00
0.000000000000000000e+00
0.000000000000000000e+00
6.427634601329009767e-01
0.000000000000000000e+00
4.634434745450551341e-01
4.598592935676800719e-01
-3.986786478138056311e-01
0.000000000000000000e+00
0.000000000000000000e+00
0.000000000000000000e+00
0.000000000000000000e+00
0.000000000000000000e+00
0.000000000000000000e+00
0.000000000000000000e+00
0.000000000000000000e+00
0.000000000000000000e+00
0.000000000000000000e+00
0.000000000000000000e+00
0.000000000000000000e+00
0.000000000000000000e+00
0.000000000000000000e+00
0.000000000000000000e+00
0.000000000000000000e+00
0.000000000000000000e+00
9.630068920452859726e-02
0.000000000000000000e+00
0.000000000000000000e+00
-8.422060915994659946e-02
0.000000000000000000e+00
0.000000000000000000e+00
0.000000000000000000e+00
1.325036419817995359e-01
0.000000000000000000e+00
0.000000000000000000e+00
-4.896930945313796024e-01
0.000000000000000000e+00
0.000000000000000000e+00
0.000000000000000000e+00
0.000000000000000000e+00
0.000000000000000000e+00
-6.117469044102597647e-02
0.000000000000000000e+00
0.000000000000000000e+00
0.000000000000000000e+00
-1.157399389321349531e-01
0.000000000000000000e+00
0.000000000000000000e+00
0.000000000000000000e+00
0.000000000000000000e+00
0.000000000000000000e+00
0.000000000000000000e+00
0.000000000000000000e+00
0.000000000000000000e+00
0.000000000000000000e+00
0.000000000000000000e+00
0.000000000000000000e+00
8.457380782865054902e-01
0.000000000000000000e+00
0.000000000000000000e+00
0.000000000000000000e+00
0.000000000000000000e+00
0.000000000000000000e+00
0.000000000000000000e+00
2.520879042738414233e-01
0.000000000000000000e+00
0.000000000000000000e+00
0.000000000000000000e+00
3.456925476225745919e-02
4.368730319548024266e-01
0.000000000000000000e+00
0.000000000000000000e+00
0.000000000000000000e+00
0.000000000000000000e+00
0.000000000000000000e+00
-5.001634215195553956e-01
0.000000000000000000e+00
0.000000000000000000e+00
0.000000000000000000e+00
6.460992149908187376e-02
0.000000000000000000e+00
0.000000000000000000e+00
0.000000000000000000e+00
-2.227443917555370911e-01
-3.356207840411117305e-01
3.081530405584037013e-01
1.720952845073996373e-01
0.000000000000000000e+00
0.000000000000000000e+00
0.000000000000000000e+00
0.000000000000000000e+00
0.000000000000000000e+00
0.000000000000000000e+00
0.000000000000000000e+00
0.000000000000000000e+00
0.000000000000000000e+00
0.000000000000000000e+00
0.000000000000000000e+00
0.000000000000000000e+00
2.332499539847487056e-03
0.000000000000000000e+00
0.000000000000000000e+00
-4.000529413994061839e-02
2.651980669060605700e-01
0.000000000000000000e+00
0.000000000000000000e+00
0.000000000000000000e+00
0.000000000000000000e+00
0.000000000000000000e+00
0.000000000000000000e+00
0.000000000000000000e+00
0.000000000000000000e+00
0.000000000000000000e+00
0.000000000000000000e+00
0.000000000000000000e+00
0.000000000000000000e+00
0.000000000000000000e+00
0.000000000000000000e+00
1.649091359432719103e-02
0.000000000000000000e+00
0.000000000000000000e+00
0.000000000000000000e+00
0.000000000000000000e+00
0.000000000000000000e+00
0.000000000000000000e+00
0.000000000000000000e+00
0.000000000000000000e+00
-2.716372301740664352e-01
0.000000000000000000e+00
0.000000000000000000e+00
0.000000000000000000e+00
0.000000000000000000e+00
-7.704451880531648644e-02
0.000000000000000000e+00
0.000000000000000000e+00
0.000000000000000000e+00
0.000000000000000000e+00
0.000000000000000000e+00
0.000000000000000000e+00
-6.043626900324107210e-01
0.000000000000000000e+00
-2.449807120471678701e-01
0.000000000000000000e+00
0.000000000000000000e+00
0.000000000000000000e+00
0.000000000000000000e+00
0.000000000000000000e+00
0.000000000000000000e+00
0.000000000000000000e+00
0.000000000000000000e+00
0.000000000000000000e+00
-5.543014240146246774e-01
0.000000000000000000e+00
0.000000000000000000e+00
1.564433772074670381e-01
0.000000000000000000e+00
0.000000000000000000e+00
0.000000000000000000e+00
0.000000000000000000e+00
0.000000000000000000e+00
0.000000000000000000e+00
0.000000000000000000e+00
0.000000000000000000e+00
3.662045002435633245e-01
-3.202418484430117340e-01
0.000000000000000000e+00
0.000000000000000000e+00
0.000000000000000000e+00
-8.105915713519707966e-01
0.000000000000000000e+00
0.000000000000000000e+00
4.664735230145059530e-01
1.379558212702644837e-01
4.815303358934061029e-01
0.000000000000000000e+00
0.000000000000000000e+00
0.000000000000000000e+00
0.000000000000000000e+00
0.000000000000000000e+00
1.285841450614163550e-01
-3.575945692207594950e-01
0.000000000000000000e+00
0.000000000000000000e+00
0.000000000000000000e+00
-3.242074235039591468e-01
0.000000000000000000e+00
-1.322517788192735522e-01
0.000000000000000000e+00
0.000000000000000000e+00
0.000000000000000000e+00
0.000000000000000000e+00
0.000000000000000000e+00
-1.778065076102520459e-01
0.000000000000000000e+00
0.000000000000000000e+00
-9.387016035165836048e-01
1.331697822832766595e-02
-5.332886336879276712e-01
-1.937043171210393600e-01
0.000000000000000000e+00
0.000000000000000000e+00
0.000000000000000000e+00
0.000000000000000000e+00
0.000000000000000000e+00
0.000000000000000000e+00
0.000000000000000000e+00
0.000000000000000000e+00
0.000000000000000000e+00
0.000000000000000000e+00
0.000000000000000000e+00
-3.113725421311993036e-01
0.000000000000000000e+00
0.000000000000000000e+00
0.000000000000000000e+00
-8.389600105030202426e-02
0.000000000000000000e+00
0.000000000000000000e+00
0.000000000000000000e+00
0.000000000000000000e+00
0.000000000000000000e+00
0.000000000000000000e+00
0.000000000000000000e+00
4.130175861640855151e-01
0.000000000000000000e+00
0.000000000000000000e+00
0.000000000000000000e+00
0.000000000000000000e+00
0.000000000000000000e+00
0.000000000000000000e+00
0.000000000000000000e+00
1.110707735780340835e-02
0.000000000000000000e+00
0.000000000000000000e+00
-3.644393508551674876e-01
0.000000000000000000e+00
0.000000000000000000e+00
0.000000000000000000e+00
0.000000000000000000e+00
0.000000000000000000e+00
0.000000000000000000e+00
0.000000000000000000e+00
0.000000000000000000e+00
0.000000000000000000e+00
0.000000000000000000e+00
0.000000000000000000e+00
0.000000000000000000e+00
0.000000000000000000e+00
0.000000000000000000e+00
0.000000000000000000e+00
0.000000000000000000e+00
0.000000000000000000e+00
0.000000000000000000e+00
0.000000000000000000e+00
0.000000000000000000e+00
0.000000000000000000e+00
0.000000000000000000e+00
4.099405078250531465e-01
0.000000000000000000e+00
0.000000000000000000e+00
0.000000000000000000e+00
0.000000000000000000e+00
0.000000000000000000e+00
0.000000000000000000e+00
0.000000000000000000e+00
0.000000000000000000e+00
0.000000000000000000e+00
0.000000000000000000e+00
0.000000000000000000e+00
0.000000000000000000e+00
0.000000000000000000e+00
0.000000000000000000e+00
0.000000000000000000e+00
0.000000000000000000e+00
0.000000000000000000e+00
0.000000000000000000e+00
0.000000000000000000e+00
0.000000000000000000e+00
0.000000000000000000e+00
0.000000000000000000e+00
0.000000000000000000e+00
0.000000000000000000e+00
0.000000000000000000e+00
0.000000000000000000e+00
0.000000000000000000e+00
0.000000000000000000e+00
0.000000000000000000e+00
0.000000000000000000e+00
0.000000000000000000e+00
0.000000000000000000e+00
0.000000000000000000e+00
0.000000000000000000e+00
0.000000000000000000e+00
8.324741576569582024e-01
0.000000000000000000e+00
0.000000000000000000e+00
0.000000000000000000e+00
0.000000000000000000e+00
0.000000000000000000e+00
0.000000000000000000e+00
-1.543668864706189137e-01
0.000000000000000000e+00
0.000000000000000000e+00
0.000000000000000000e+00
0.000000000000000000e+00
-2.849606425546496458e-01
0.000000000000000000e+00
0.000000000000000000e+00
0.000000000000000000e+00
-4.262814529649841533e-02
0.000000000000000000e+00
0.000000000000000000e+00
0.000000000000000000e+00
-1.059535749060040201e-02
0.000000000000000000e+00
-1.975559739780498592e-01
0.000000000000000000e+00
0.000000000000000000e+00
0.000000000000000000e+00
0.000000000000000000e+00
0.000000000000000000e+00
0.000000000000000000e+00
0.000000000000000000e+00
0.000000000000000000e+00
0.000000000000000000e+00
0.000000000000000000e+00
0.000000000000000000e+00
0.000000000000000000e+00
0.000000000000000000e+00
0.000000000000000000e+00
0.000000000000000000e+00
0.000000000000000000e+00
0.000000000000000000e+00
0.000000000000000000e+00
0.000000000000000000e+00
0.000000000000000000e+00
0.000000000000000000e+00
0.000000000000000000e+00
-5.528003383573160123e-01
0.000000000000000000e+00
0.000000000000000000e+00
0.000000000000000000e+00
0.000000000000000000e+00
0.000000000000000000e+00
-1.040504834711204613e-01
0.000000000000000000e+00
-2.934151258093224968e-01
0.000000000000000000e+00
0.000000000000000000e+00
0.000000000000000000e+00
0.000000000000000000e+00
0.000000000000000000e+00
0.000000000000000000e+00
-2.956825154291641278e-01
0.000000000000000000e+00
-1.435707064999242055e-01
0.000000000000000000e+00
0.000000000000000000e+00
0.000000000000000000e+00
3.737435425701550740e-01
0.000000000000000000e+00
0.000000000000000000e+00
0.000000000000000000e+00
0.000000000000000000e+00
0.000000000000000000e+00
0.000000000000000000e+00
0.000000000000000000e+00
0.000000000000000000e+00
0.000000000000000000e+00
0.000000000000000000e+00
0.000000000000000000e+00
0.000000000000000000e+00
0.000000000000000000e+00
0.000000000000000000e+00
9.098109381475633084e-01
0.000000000000000000e+00
0.000000000000000000e+00
0.000000000000000000e+00
0.000000000000000000e+00
0.000000000000000000e+00
-5.241986285906557325e-02
3.822398604992429116e-01
0.000000000000000000e+00
0.000000000000000000e+00
0.000000000000000000e+00
0.000000000000000000e+00
3.857029031951496045e-01
0.000000000000000000e+00
0.000000000000000000e+00
0.000000000000000000e+00
0.000000000000000000e+00
0.000000000000000000e+00
0.000000000000000000e+00
0.000000000000000000e+00
0.000000000000000000e+00
0.000000000000000000e+00
0.000000000000000000e+00
0.000000000000000000e+00
0.000000000000000000e+00
0.000000000000000000e+00
0.000000000000000000e+00
0.000000000000000000e+00
0.000000000000000000e+00
0.000000000000000000e+00
0.000000000000000000e+00
4.382603341935679686e-01
0.000000000000000000e+00
0.000000000000000000e+00
1.230239680308621741e+00
0.000000000000000000e+00
0.000000000000000000e+00
0.000000000000000000e+00
2.380146744809992776e-01
0.000000000000000000e+00
0.000000000000000000e+00
0.000000000000000000e+00
2.846181137548356964e-03
0.000000000000000000e+00
0.000000000000000000e+00
-8.123381219865435932e-02
0.000000000000000000e+00
0.000000000000000000e+00
-4.767693064728168451e-01
1.360041854385007076e-01
0.000000000000000000e+00
0.000000000000000000e+00
-2.515980276475341879e-02
0.000000000000000000e+00
0.000000000000000000e+00
0.000000000000000000e+00
-1.656240207638987050e-01
0.000000000000000000e+00
0.000000000000000000e+00
0.000000000000000000e+00
0.000000000000000000e+00
0.000000000000000000e+00
0.000000000000000000e+00
-8.552516132720486275e-02
0.000000000000000000e+00
0.000000000000000000e+00
7.690005221941316194e-01
0.000000000000000000e+00
0.000000000000000000e+00
0.000000000000000000e+00
-1.252253028611009615e-02
0.000000000000000000e+00
0.000000000000000000e+00
-2.008175098138581749e+00
0.000000000000000000e+00
-4.404169485069970302e-01
-1.124804432008915667e-01
0.000000000000000000e+00
0.000000000000000000e+00
-3.681982068076984638e-02
-8.584193136109771749e-02
0.000000000000000000e+00
0.000000000000000000e+00
0.000000000000000000e+00
0.000000000000000000e+00
0.000000000000000000e+00
0.000000000000000000e+00
0.000000000000000000e+00
0.000000000000000000e+00
0.000000000000000000e+00
0.000000000000000000e+00
4.477595573442711557e-02
-1.697634143896246950e-02
0.000000000000000000e+00
0.000000000000000000e+00
0.000000000000000000e+00
0.000000000000000000e+00
0.000000000000000000e+00
0.000000000000000000e+00
-1.951922034358845870e-01
-5.079377877544526132e-02
0.000000000000000000e+00
0.000000000000000000e+00
0.000000000000000000e+00
0.000000000000000000e+00
0.000000000000000000e+00
0.000000000000000000e+00
0.000000000000000000e+00
0.000000000000000000e+00
-2.188846843118575913e-01
0.000000000000000000e+00
-9.691639674787207170e-02
0.000000000000000000e+00
0.000000000000000000e+00
0.000000000000000000e+00
0.000000000000000000e+00
1.386613567037144230e-02
0.000000000000000000e+00
0.000000000000000000e+00
0.000000000000000000e+00
0.000000000000000000e+00
0.000000000000000000e+00
0.000000000000000000e+00
0.000000000000000000e+00
0.000000000000000000e+00
0.000000000000000000e+00
0.000000000000000000e+00
0.000000000000000000e+00
0.000000000000000000e+00
0.000000000000000000e+00
0.000000000000000000e+00
0.000000000000000000e+00
0.000000000000000000e+00
0.000000000000000000e+00
0.000000000000000000e+00
0.000000000000000000e+00
-2.700862085735553780e-02
6.737335189307824823e-01
0.000000000000000000e+00
-3.598653795697294711e-01
0.000000000000000000e+00
0.000000000000000000e+00
0.000000000000000000e+00
0.000000000000000000e+00
0.000000000000000000e+00
0.000000000000000000e+00
0.000000000000000000e+00
0.000000000000000000e+00
-5.592573022797726612e-01
0.000000000000000000e+00
0.000000000000000000e+00
0.000000000000000000e+00
1.226065293172030890e-01
0.000000000000000000e+00
0.000000000000000000e+00
-4.124462220204807572e-01
0.000000000000000000e+00
-8.845178260692343475e-01
0.000000000000000000e+00
0.000000000000000000e+00
0.000000000000000000e+00
0.000000000000000000e+00
2.069162805645751446e-01
0.000000000000000000e+00
0.000000000000000000e+00
0.000000000000000000e+00
1.915730060411656166e-01
-5.717168940085163437e-02
0.000000000000000000e+00
0.000000000000000000e+00
0.000000000000000000e+00
8.875804530813374837e-02
0.000000000000000000e+00
0.000000000000000000e+00
-5.640669773902875356e-02
0.000000000000000000e+00
0.000000000000000000e+00
0.000000000000000000e+00
-6.078495968034540731e-01
0.000000000000000000e+00
0.000000000000000000e+00
0.000000000000000000e+00
0.000000000000000000e+00
0.000000000000000000e+00
0.000000000000000000e+00
4.355411589651371762e-01
0.000000000000000000e+00
0.000000000000000000e+00
0.000000000000000000e+00
0.000000000000000000e+00
0.000000000000000000e+00
2.875232579414534889e-02
0.000000000000000000e+00
0.000000000000000000e+00
0.000000000000000000e+00
0.000000000000000000e+00
-1.035416877382089096e+00
0.000000000000000000e+00
1.438060932242566370e-01
0.000000000000000000e+00
0.000000000000000000e+00
0.000000000000000000e+00
0.000000000000000000e+00
0.000000000000000000e+00
0.000000000000000000e+00
2.087887205774889565e-01
0.000000000000000000e+00
0.000000000000000000e+00
0.000000000000000000e+00
-4.207418539338890762e-01
0.000000000000000000e+00
0.000000000000000000e+00
0.000000000000000000e+00
0.000000000000000000e+00
3.843472160329518966e-02
0.000000000000000000e+00
0.000000000000000000e+00
1.375570178645941499e-01
1.270196882012946012e-02
0.000000000000000000e+00
0.000000000000000000e+00
0.000000000000000000e+00
0.000000000000000000e+00
0.000000000000000000e+00
0.000000000000000000e+00
0.000000000000000000e+00
0.000000000000000000e+00
0.000000000000000000e+00
0.000000000000000000e+00
0.000000000000000000e+00
0.000000000000000000e+00
0.000000000000000000e+00
0.000000000000000000e+00
2.889559896620306351e-02
0.000000000000000000e+00
0.000000000000000000e+00
0.000000000000000000e+00
0.000000000000000000e+00
2.781874622034552144e-02
0.000000000000000000e+00
0.000000000000000000e+00
9.629452045656289316e-02
0.000000000000000000e+00
-7.539917938207479908e-01
0.000000000000000000e+00
0.000000000000000000e+00
0.000000000000000000e+00
2.537024717043655578e-02
0.000000000000000000e+00
0.000000000000000000e+00
0.000000000000000000e+00
0.000000000000000000e+00
4.976437623894307549e-01
0.000000000000000000e+00
0.000000000000000000e+00
0.000000000000000000e+00
0.000000000000000000e+00
0.000000000000000000e+00
-1.096110277212466039e-01
2.859204420239875102e-02
0.000000000000000000e+00
0.000000000000000000e+00
5.840476457052691250e-01
9.451380034779007788e-01
0.000000000000000000e+00
0.000000000000000000e+00
0.000000000000000000e+00
0.000000000000000000e+00
0.000000000000000000e+00
0.000000000000000000e+00
0.000000000000000000e+00
-1.321875822952597590e-01
0.000000000000000000e+00
0.000000000000000000e+00
2.440870689445653191e-02
0.000000000000000000e+00
0.000000000000000000e+00
0.000000000000000000e+00
0.000000000000000000e+00
0.000000000000000000e+00
0.000000000000000000e+00
0.000000000000000000e+00
0.000000000000000000e+00
0.000000000000000000e+00
0.000000000000000000e+00
0.000000000000000000e+00
0.000000000000000000e+00
0.000000000000000000e+00
0.000000000000000000e+00
0.000000000000000000e+00
1.831124389116760010e-01
1.157164904493977187e-01
3.667612950508613023e-01
0.000000000000000000e+00
-4.290309463783130717e-01
-1.679951958243264543e-01
0.000000000000000000e+00
0.000000000000000000e+00
0.000000000000000000e+00
0.000000000000000000e+00
0.000000000000000000e+00
0.000000000000000000e+00
0.000000000000000000e+00
0.000000000000000000e+00
0.000000000000000000e+00
0.000000000000000000e+00
0.000000000000000000e+00
0.000000000000000000e+00
0.000000000000000000e+00
0.000000000000000000e+00
0.000000000000000000e+00
-5.465885811858880450e-01
0.000000000000000000e+00
0.000000000000000000e+00
0.000000000000000000e+00
0.000000000000000000e+00
0.000000000000000000e+00
0.000000000000000000e+00
0.000000000000000000e+00
0.000000000000000000e+00
0.000000000000000000e+00
0.000000000000000000e+00
0.000000000000000000e+00
0.000000000000000000e+00
0.000000000000000000e+00
0.000000000000000000e+00
0.000000000000000000e+00
0.000000000000000000e+00
0.000000000000000000e+00
0.000000000000000000e+00
7.225246427339758470e-02
-5.895215810349869329e-03
0.000000000000000000e+00
0.000000000000000000e+00
0.000000000000000000e+00
0.000000000000000000e+00
0.000000000000000000e+00
-1.894400437897282019e-01
0.000000000000000000e+00
0.000000000000000000e+00
0.000000000000000000e+00
-2.772992119905759445e-01
0.000000000000000000e+00
0.000000000000000000e+00
0.000000000000000000e+00
0.000000000000000000e+00
1.118556180108904868e-01
0.000000000000000000e+00
0.000000000000000000e+00
-7.993185684564546589e-01
0.000000000000000000e+00
0.000000000000000000e+00
0.000000000000000000e+00
0.000000000000000000e+00
-1.976391742284531461e-01
0.000000000000000000e+00
0.000000000000000000e+00
0.000000000000000000e+00
0.000000000000000000e+00
0.000000000000000000e+00
0.000000000000000000e+00
0.000000000000000000e+00
0.000000000000000000e+00
3.471915287204420386e-02
0.000000000000000000e+00
0.000000000000000000e+00
0.000000000000000000e+00
0.000000000000000000e+00
0.000000000000000000e+00
0.000000000000000000e+00
0.000000000000000000e+00
0.000000000000000000e+00
0.000000000000000000e+00
0.000000000000000000e+00
0.000000000000000000e+00
0.000000000000000000e+00
0.000000000000000000e+00
0.000000000000000000e+00
0.000000000000000000e+00
0.000000000000000000e+00
0.000000000000000000e+00
0.000000000000000000e+00
0.000000000000000000e+00
0.000000000000000000e+00
0.000000000000000000e+00
-4.462956110309116986e-01
0.000000000000000000e+00
0.000000000000000000e+00
2.831044910334380438e-01
0.000000000000000000e+00
8.623027819572846864e-02
0.000000000000000000e+00
0.000000000000000000e+00
0.000000000000000000e+00
0.000000000000000000e+00
0.000000000000000000e+00
0.000000000000000000e+00
0.000000000000000000e+00
0.000000000000000000e+00
0.000000000000000000e+00
0.000000000000000000e+00
0.000000000000000000e+00
0.000000000000000000e+00
0.000000000000000000e+00
4.622251909099474310e-02
0.000000000000000000e+00
0.000000000000000000e+00
-3.141206040163609936e-01
8.659933817173774695e-02
-1.767282785492319264e-01
0.000000000000000000e+00
0.000000000000000000e+00
0.000000000000000000e+00
0.000000000000000000e+00
-3.637805603685437261e-01
-1.376509590401643335e-01
0.000000000000000000e+00
0.000000000000000000e+00
2.852412474674334564e-02
0.000000000000000000e+00
-1.700814360710464490e-01
0.000000000000000000e+00
0.000000000000000000e+00
0.000000000000000000e+00
0.000000000000000000e+00
0.000000000000000000e+00
0.000000000000000000e+00
-1.287414273807513387e-01
0.000000000000000000e+00
0.000000000000000000e+00
0.000000000000000000e+00
4.593815768203038941e-01
0.000000000000000000e+00
0.000000000000000000e+00
0.000000000000000000e+00
0.000000000000000000e+00
-4.272824395993060631e-02
-3.747222316089972582e-01
0.000000000000000000e+00
0.000000000000000000e+00
0.000000000000000000e+00
0.000000000000000000e+00
0.000000000000000000e+00
0.000000000000000000e+00
0.000000000000000000e+00
0.000000000000000000e+00
0.000000000000000000e+00
0.000000000000000000e+00
0.000000000000000000e+00
0.000000000000000000e+00
0.000000000000000000e+00
0.000000000000000000e+00
0.000000000000000000e+00
0.000000000000000000e+00
0.000000000000000000e+00
0.000000000000000000e+00
-1.598896761523337373e-01
0.000000000000000000e+00
0.000000000000000000e+00
0.000000000000000000e+00
0.000000000000000000e+00
0.000000000000000000e+00
0.000000000000000000e+00
0.000000000000000000e+00
0.000000000000000000e+00
0.000000000000000000e+00
-1.853356532791883560e-01
1.006593297565634010e-02
0.000000000000000000e+00
-4.055558683889561727e-02
0.000000000000000000e+00
0.000000000000000000e+00
-1.228954015691742507e-01
0.000000000000000000e+00
0.000000000000000000e+00
0.000000000000000000e+00
0.000000000000000000e+00
0.000000000000000000e+00
0.000000000000000000e+00
0.000000000000000000e+00
0.000000000000000000e+00
0.000000000000000000e+00
0.000000000000000000e+00
0.000000000000000000e+00
0.000000000000000000e+00
2.852370243117809401e-01
0.000000000000000000e+00
0.000000000000000000e+00
0.000000000000000000e+00
0.000000000000000000e+00
0.000000000000000000e+00
0.000000000000000000e+00
-3.871105614965645869e-01
0.000000000000000000e+00
0.000000000000000000e+00
0.000000000000000000e+00
0.000000000000000000e+00
0.000000000000000000e+00
0.000000000000000000e+00
0.000000000000000000e+00
0.000000000000000000e+00
0.000000000000000000e+00
0.000000000000000000e+00
0.000000000000000000e+00
0.000000000000000000e+00
0.000000000000000000e+00
0.000000000000000000e+00
1.179552961351727630e-01
0.000000000000000000e+00
0.000000000000000000e+00
0.000000000000000000e+00
0.000000000000000000e+00
0.000000000000000000e+00
0.000000000000000000e+00
0.000000000000000000e+00
0.000000000000000000e+00
0.000000000000000000e+00
-5.750794156874381585e-02
0.000000000000000000e+00
-1.289176995180907115e+00
0.000000000000000000e+00
0.000000000000000000e+00
0.000000000000000000e+00
0.000000000000000000e+00
0.000000000000000000e+00
4.562769148045879297e-01
0.000000000000000000e+00
0.000000000000000000e+00
0.000000000000000000e+00
0.000000000000000000e+00
0.000000000000000000e+00
4.065947974917403784e-01
-9.878890787671422424e-02
0.000000000000000000e+00
0.000000000000000000e+00
2.264271864189384420e-01
0.000000000000000000e+00
-2.007397090094548975e-01
0.000000000000000000e+00
0.000000000000000000e+00
0.000000000000000000e+00
-1.384550460992546028e-01
0.000000000000000000e+00
0.000000000000000000e+00
0.000000000000000000e+00
0.000000000000000000e+00
0.000000000000000000e+00
0.000000000000000000e+00
0.000000000000000000e+00
6.892476108862870543e-01
0.000000000000000000e+00
0.000000000000000000e+00
0.000000000000000000e+00
0.000000000000000000e+00
0.000000000000000000e+00
0.000000000000000000e+00
0.000000000000000000e+00
0.000000000000000000e+00
1.718739517699303665e-01
0.000000000000000000e+00
0.000000000000000000e+00
0.000000000000000000e+00
0.000000000000000000e+00
0.000000000000000000e+00
0.000000000000000000e+00
0.000000000000000000e+00
0.000000000000000000e+00
0.000000000000000000e+00
0.000000000000000000e+00
0.000000000000000000e+00
0.000000000000000000e+00
0.000000000000000000e+00
0.000000000000000000e+00
0.000000000000000000e+00
0.000000000000000000e+00
0.000000000000000000e+00
0.000000000000000000e+00
0.000000000000000000e+00
0.000000000000000000e+00
3.257774029146177641e-01
1.139994169945440228e-01
0.000000000000000000e+00
-3.767719695048692141e-02
0.000000000000000000e+00
-4.039438816727315695e-02
0.000000000000000000e+00
0.000000000000000000e+00
-3.737568901647493613e-02
2.568493011908006950e-03
-2.381006321058498354e-01
0.000000000000000000e+00
0.000000000000000000e+00
0.000000000000000000e+00
0.000000000000000000e+00
0.000000000000000000e+00
0.000000000000000000e+00
0.000000000000000000e+00
0.000000000000000000e+00
0.000000000000000000e+00
0.000000000000000000e+00
6.094625707360739643e-03
0.000000000000000000e+00
0.000000000000000000e+00
0.000000000000000000e+00
0.000000000000000000e+00
0.000000000000000000e+00
0.000000000000000000e+00
0.000000000000000000e+00
0.000000000000000000e+00
0.000000000000000000e+00
0.000000000000000000e+00
-4.083235125436666252e-02
0.000000000000000000e+00
0.000000000000000000e+00
0.000000000000000000e+00
0.000000000000000000e+00
0.000000000000000000e+00
0.000000000000000000e+00
7.378730472017996922e-02
0.000000000000000000e+00
3.467078616393068358e-01
0.000000000000000000e+00
0.000000000000000000e+00
-2.977034381298483967e-01
0.000000000000000000e+00
0.000000000000000000e+00
-1.099615595413559049e-01
0.000000000000000000e+00
0.000000000000000000e+00
0.000000000000000000e+00
0.000000000000000000e+00
4.242962300445786705e-01
3.595786727416932504e-01
0.000000000000000000e+00
0.000000000000000000e+00
-3.234880598035931865e-01
0.000000000000000000e+00
0.000000000000000000e+00
0.000000000000000000e+00
0.000000000000000000e+00
0.000000000000000000e+00
0.000000000000000000e+00
0.000000000000000000e+00
0.000000000000000000e+00
7.084383330615549035e-01
-9.221642960030057568e-02
0.000000000000000000e+00
0.000000000000000000e+00
0.000000000000000000e+00
8.184075492092410253e-02
0.000000000000000000e+00
-3.136275965799658477e-02
0.000000000000000000e+00
0.000000000000000000e+00
0.000000000000000000e+00
4.174868069632997614e-01
-7.582458559931566644e-02
9.916083830285987721e-01
0.000000000000000000e+00
0.000000000000000000e+00
0.000000000000000000e+00
0.000000000000000000e+00
0.000000000000000000e+00
0.000000000000000000e+00
0.000000000000000000e+00
0.000000000000000000e+00
0.000000000000000000e+00
0.000000000000000000e+00
0.000000000000000000e+00
0.000000000000000000e+00
0.000000000000000000e+00
0.000000000000000000e+00
-2.818513419569599887e-01
0.000000000000000000e+00
0.000000000000000000e+00
0.000000000000000000e+00
0.000000000000000000e+00
0.000000000000000000e+00
0.000000000000000000e+00
0.000000000000000000e+00
0.000000000000000000e+00
5.276532441584176336e-01
0.000000000000000000e+00
0.000000000000000000e+00
0.000000000000000000e+00
0.000000000000000000e+00
0.000000000000000000e+00
0.000000000000000000e+00
0.000000000000000000e+00
7.698530814296936087e-02
0.000000000000000000e+00
0.000000000000000000e+00
0.000000000000000000e+00
0.000000000000000000e+00
0.000000000000000000e+00
0.000000000000000000e+00
1.240489719289293413e+00
0.000000000000000000e+00
0.000000000000000000e+00
0.000000000000000000e+00
0.000000000000000000e+00
0.000000000000000000e+00
0.000000000000000000e+00
2.933182438030130790e-01
0.000000000000000000e+00
0.000000000000000000e+00
0.000000000000000000e+00
0.000000000000000000e+00
0.000000000000000000e+00
-8.215539923488869578e-02
-7.664992252253778338e-01
0.000000000000000000e+00
0.000000000000000000e+00
0.000000000000000000e+00
-1.698409686850037847e-01
0.000000000000000000e+00
0.000000000000000000e+00
0.000000000000000000e+00
0.000000000000000000e+00
0.000000000000000000e+00
0.000000000000000000e+00
0.000000000000000000e+00
0.000000000000000000e+00
0.000000000000000000e+00
0.000000000000000000e+00
0.000000000000000000e+00
1.353035075238841811e+00
0.000000000000000000e+00
0.000000000000000000e+00
0.000000000000000000e+00
0.000000000000000000e+00
0.000000000000000000e+00
0.000000000000000000e+00
0.000000000000000000e+00
0.000000000000000000e+00
0.000000000000000000e+00
0.000000000000000000e+00
0.000000000000000000e+00
-1.581015315053958120e-02
0.000000000000000000e+00
0.000000000000000000e+00
0.000000000000000000e+00
0.000000000000000000e+00
0.000000000000000000e+00
0.000000000000000000e+00
0.000000000000000000e+00
8.232246856107866551e-01
1.339734184175874754e-01
0.000000000000000000e+00
0.000000000000000000e+00
0.000000000000000000e+00
0.000000000000000000e+00
0.000000000000000000e+00
0.000000000000000000e+00
0.000000000000000000e+00
0.000000000000000000e+00
0.000000000000000000e+00
7.856786488224527520e-01
0.000000000000000000e+00
0.000000000000000000e+00
0.000000000000000000e+00
0.000000000000000000e+00
0.000000000000000000e+00
0.000000000000000000e+00
2.493879178570390098e-01
0.000000000000000000e+00
0.000000000000000000e+00
0.000000000000000000e+00
-3.226375505715855518e-01
0.000000000000000000e+00
0.000000000000000000e+00
0.000000000000000000e+00
0.000000000000000000e+00
0.000000000000000000e+00
-7.826802954991831651e-01
0.000000000000000000e+00
0.000000000000000000e+00
0.000000000000000000e+00
0.000000000000000000e+00
0.000000000000000000e+00
0.000000000000000000e+00
3.431037739369177664e-01
0.000000000000000000e+00
0.000000000000000000e+00
0.000000000000000000e+00
0.000000000000000000e+00
0.000000000000000000e+00
0.000000000000000000e+00
0.000000000000000000e+00
0.000000000000000000e+00
0.000000000000000000e+00
0.000000000000000000e+00
0.000000000000000000e+00
0.000000000000000000e+00
4.487666720285394401e-02
0.000000000000000000e+00
0.000000000000000000e+00
0.000000000000000000e+00
0.000000000000000000e+00
0.000000000000000000e+00
0.000000000000000000e+00
0.000000000000000000e+00
0.000000000000000000e+00
0.000000000000000000e+00
0.000000000000000000e+00
0.000000000000000000e+00
-3.405999341434244321e-01
1.296955307387792286e-02
0.000000000000000000e+00
0.000000000000000000e+00
0.000000000000000000e+00
0.000000000000000000e+00
0.000000000000000000e+00
0.000000000000000000e+00
0.000000000000000000e+00
0.000000000000000000e+00
0.000000000000000000e+00
0.000000000000000000e+00
0.000000000000000000e+00
0.000000000000000000e+00
-2.993367202794658954e-01
-4.068634723661643804e-01
0.000000000000000000e+00
0.000000000000000000e+00
0.000000000000000000e+00
0.000000000000000000e+00
0.000000000000000000e+00
0.000000000000000000e+00
0.000000000000000000e+00
0.000000000000000000e+00
8.598398418297397150e-01
0.000000000000000000e+00
0.000000000000000000e+00
0.000000000000000000e+00
0.000000000000000000e+00
0.000000000000000000e+00
4.666173618638994602e-01
6.594197882790275855e-01
0.000000000000000000e+00
0.000000000000000000e+00
0.000000000000000000e+00
0.000000000000000000e+00
0.000000000000000000e+00
0.000000000000000000e+00
-2.606638646580134999e-01
0.000000000000000000e+00
0.000000000000000000e+00
0.000000000000000000e+00
8.020671257022961298e-02
0.000000000000000000e+00
0.000000000000000000e+00
0.000000000000000000e+00
-8.933071891512289753e-02
0.000000000000000000e+00
0.000000000000000000e+00
6.445934393373320415e-01
0.000000000000000000e+00
0.000000000000000000e+00
9.414015871133644131e-01
0.000000000000000000e+00
7.257932029626239755e-03
0.000000000000000000e+00
0.000000000000000000e+00
0.000000000000000000e+00
0.000000000000000000e+00
0.000000000000000000e+00
0.000000000000000000e+00
0.000000000000000000e+00
0.000000000000000000e+00
0.000000000000000000e+00
0.000000000000000000e+00
0.000000000000000000e+00
0.000000000000000000e+00
0.000000000000000000e+00
3.434601287356821575e-01
0.000000000000000000e+00
-1.336144006721943882e-02
0.000000000000000000e+00
0.000000000000000000e+00
0.000000000000000000e+00
0.000000000000000000e+00
0.000000000000000000e+00
0.000000000000000000e+00
0.000000000000000000e+00
0.000000000000000000e+00
0.000000000000000000e+00
0.000000000000000000e+00
-5.113710362102628082e-01
0.000000000000000000e+00
-1.297036842409775848e-01
0.000000000000000000e+00
3.373064736813676245e-01
3.271801106448327112e-02
0.000000000000000000e+00
0.000000000000000000e+00
0.000000000000000000e+00
0.000000000000000000e+00
0.000000000000000000e+00
0.000000000000000000e+00
3.886257587268771574e-01
0.000000000000000000e+00
0.000000000000000000e+00
0.000000000000000000e+00
0.000000000000000000e+00
-2.742442932094357744e-01
0.000000000000000000e+00
0.000000000000000000e+00
0.000000000000000000e+00
0.000000000000000000e+00
0.000000000000000000e+00
0.000000000000000000e+00
0.000000000000000000e+00
-3.809877717815171039e-01
0.000000000000000000e+00
0.000000000000000000e+00
0.000000000000000000e+00
2.130648811427060252e-01
-2.697050339356201198e-01
0.000000000000000000e+00
0.000000000000000000e+00
0.000000000000000000e+00
0.000000000000000000e+00
-4.843476900476463565e-02
0.000000000000000000e+00
0.000000000000000000e+00
0.000000000000000000e+00
0.000000000000000000e+00
0.000000000000000000e+00
0.000000000000000000e+00
0.000000000000000000e+00
0.000000000000000000e+00
0.000000000000000000e+00
0.000000000000000000e+00
0.000000000000000000e+00
0.000000000000000000e+00
0.000000000000000000e+00
4.238292533399545259e-01
0.000000000000000000e+00
0.000000000000000000e+00
0.000000000000000000e+00
0.000000000000000000e+00
0.000000000000000000e+00
0.000000000000000000e+00
0.000000000000000000e+00
0.000000000000000000e+00
0.000000000000000000e+00
0.000000000000000000e+00
0.000000000000000000e+00
0.000000000000000000e+00
0.000000000000000000e+00
0.000000000000000000e+00
0.000000000000000000e+00
0.000000000000000000e+00
0.000000000000000000e+00
0.000000000000000000e+00
-4.774438956288868940e-01
7.713056352836955565e-01
0.000000000000000000e+00
0.000000000000000000e+00
0.000000000000000000e+00
0.000000000000000000e+00
0.000000000000000000e+00
0.000000000000000000e+00
0.000000000000000000e+00
0.000000000000000000e+00
0.000000000000000000e+00
0.000000000000000000e+00
0.000000000000000000e+00
0.000000000000000000e+00
0.000000000000000000e+00
0.000000000000000000e+00
0.000000000000000000e+00
0.000000000000000000e+00
0.000000000000000000e+00
0.000000000000000000e+00
0.000000000000000000e+00
0.000000000000000000e+00
6.709865204028332697e-02
0.000000000000000000e+00
0.000000000000000000e+00
0.000000000000000000e+00
0.000000000000000000e+00
0.000000000000000000e+00
0.000000000000000000e+00
0.000000000000000000e+00
0.000000000000000000e+00
0.000000000000000000e+00
5.413373665615012209e-01
-2.347072380432460303e-01
5.222222084494115152e-02
0.000000000000000000e+00
0.000000000000000000e+00
0.000000000000000000e+00
0.000000000000000000e+00
0.000000000000000000e+00
-3.025171588695266950e-02
0.000000000000000000e+00
0.000000000000000000e+00
0.000000000000000000e+00
0.000000000000000000e+00
0.000000000000000000e+00
0.000000000000000000e+00
0.000000000000000000e+00
0.000000000000000000e+00
0.000000000000000000e+00
0.000000000000000000e+00
0.000000000000000000e+00
0.000000000000000000e+00
0.000000000000000000e+00
0.000000000000000000e+00
0.000000000000000000e+00
0.000000000000000000e+00
0.000000000000000000e+00
0.000000000000000000e+00
0.000000000000000000e+00
0.000000000000000000e+00
0.000000000000000000e+00
-1.899465737926310793e-01
0.000000000000000000e+00
0.000000000000000000e+00
0.000000000000000000e+00
0.000000000000000000e+00
-7.864189858826966736e-03
0.000000000000000000e+00
0.000000000000000000e+00
0.000000000000000000e+00
0.000000000000000000e+00
0.000000000000000000e+00
0.000000000000000000e+00
0.000000000000000000e+00
0.000000000000000000e+00
0.000000000000000000e+00
0.000000000000000000e+00
3.342443714645860209e-01
0.000000000000000000e+00
0.000000000000000000e+00
0.000000000000000000e+00
0.000000000000000000e+00
0.000000000000000000e+00
0.000000000000000000e+00
0.000000000000000000e+00
0.000000000000000000e+00
0.000000000000000000e+00
-6.953248172555046014e-02
0.000000000000000000e+00
0.000000000000000000e+00
0.000000000000000000e+00
0.000000000000000000e+00
0.000000000000000000e+00
0.000000000000000000e+00
0.000000000000000000e+00
0.000000000000000000e+00
0.000000000000000000e+00
0.000000000000000000e+00
0.000000000000000000e+00
0.000000000000000000e+00
0.000000000000000000e+00
0.000000000000000000e+00
0.000000000000000000e+00
0.000000000000000000e+00
0.000000000000000000e+00
0.000000000000000000e+00
0.000000000000000000e+00
0.000000000000000000e+00
0.000000000000000000e+00
0.000000000000000000e+00
0.000000000000000000e+00
0.000000000000000000e+00
-6.845670912986835666e-02
0.000000000000000000e+00
0.000000000000000000e+00
0.000000000000000000e+00
0.000000000000000000e+00
0.000000000000000000e+00
0.000000000000000000e+00
0.000000000000000000e+00
0.000000000000000000e+00
0.000000000000000000e+00
0.000000000000000000e+00
0.000000000000000000e+00
0.000000000000000000e+00
0.000000000000000000e+00
0.000000000000000000e+00
0.000000000000000000e+00
0.000000000000000000e+00
0.000000000000000000e+00
0.000000000000000000e+00
-7.142293922875027068e-01
0.000000000000000000e+00
0.000000000000000000e+00
0.000000000000000000e+00
0.000000000000000000e+00
-5.837871430911986681e-02
0.000000000000000000e+00
0.000000000000000000e+00
-1.400785629978016922e-01
0.000000000000000000e+00
0.000000000000000000e+00
0.000000000000000000e+00
0.000000000000000000e+00
0.000000000000000000e+00
0.000000000000000000e+00
0.000000000000000000e+00
0.000000000000000000e+00
0.000000000000000000e+00
0.000000000000000000e+00
0.000000000000000000e+00
0.000000000000000000e+00
-2.827072405499200247e-01
0.000000000000000000e+00
0.000000000000000000e+00
0.000000000000000000e+00
0.000000000000000000e+00
0.000000000000000000e+00
0.000000000000000000e+00
0.000000000000000000e+00
0.000000000000000000e+00
0.000000000000000000e+00
0.000000000000000000e+00
0.000000000000000000e+00
0.000000000000000000e+00
0.000000000000000000e+00
0.000000000000000000e+00
0.000000000000000000e+00
7.967423787557369533e-03
9.273492099368718655e-02
0.000000000000000000e+00
0.000000000000000000e+00
0.000000000000000000e+00
0.000000000000000000e+00
0.000000000000000000e+00
0.000000000000000000e+00
0.000000000000000000e+00
0.000000000000000000e+00
0.000000000000000000e+00
0.000000000000000000e+00
0.000000000000000000e+00
0.000000000000000000e+00
0.000000000000000000e+00
0.000000000000000000e+00
0.000000000000000000e+00
9.204892320569636743e-02
0.000000000000000000e+00
0.000000000000000000e+00
0.000000000000000000e+00
0.000000000000000000e+00
-3.867424948164351062e-02
0.000000000000000000e+00
0.000000000000000000e+00
0.000000000000000000e+00
-5.365215767175367523e-01
0.000000000000000000e+00
0.000000000000000000e+00
0.000000000000000000e+00
-1.081621065743225002e-01
0.000000000000000000e+00
0.000000000000000000e+00
0.000000000000000000e+00
0.000000000000000000e+00
0.000000000000000000e+00
0.000000000000000000e+00
0.000000000000000000e+00
0.000000000000000000e+00
0.000000000000000000e+00
0.000000000000000000e+00
0.000000000000000000e+00
0.000000000000000000e+00
0.000000000000000000e+00
0.000000000000000000e+00
0.000000000000000000e+00
0.000000000000000000e+00
0.000000000000000000e+00
0.000000000000000000e+00
0.000000000000000000e+00
3.085091117376876912e-01
0.000000000000000000e+00
0.000000000000000000e+00
0.000000000000000000e+00
0.000000000000000000e+00
0.000000000000000000e+00
0.000000000000000000e+00
0.000000000000000000e+00
0.000000000000000000e+00
-3.631996102388969361e-02
0.000000000000000000e+00
0.000000000000000000e+00
0.000000000000000000e+00
0.000000000000000000e+00
0.000000000000000000e+00
0.000000000000000000e+00
0.000000000000000000e+00
0.000000000000000000e+00
0.000000000000000000e+00
0.000000000000000000e+00
0.000000000000000000e+00
0.000000000000000000e+00
0.000000000000000000e+00
0.000000000000000000e+00
0.000000000000000000e+00
0.000000000000000000e+00
2.899451436132928772e-01
0.000000000000000000e+00
0.000000000000000000e+00
0.000000000000000000e+00
0.000000000000000000e+00
0.000000000000000000e+00
0.000000000000000000e+00
0.000000000000000000e+00
0.000000000000000000e+00
0.000000000000000000e+00
1.336092730034262321e-01
0.000000000000000000e+00
0.000000000000000000e+00
0.000000000000000000e+00
0.000000000000000000e+00
-3.458676782599406918e-01
0.000000000000000000e+00
0.000000000000000000e+00
3.848425347860602308e-01
0.000000000000000000e+00
0.000000000000000000e+00
0.000000000000000000e+00
7.978703037601765635e-02
0.000000000000000000e+00
0.000000000000000000e+00
0.000000000000000000e+00
-1.090548199736312673e+00
0.000000000000000000e+00
0.000000000000000000e+00
0.000000000000000000e+00
0.000000000000000000e+00
1.922805476305613770e-01
-1.158610728454723682e-01
0.000000000000000000e+00
0.000000000000000000e+00
0.000000000000000000e+00
0.000000000000000000e+00
0.000000000000000000e+00
0.000000000000000000e+00
0.000000000000000000e+00
0.000000000000000000e+00
0.000000000000000000e+00
0.000000000000000000e+00
0.000000000000000000e+00
0.000000000000000000e+00
0.000000000000000000e+00
0.000000000000000000e+00
0.000000000000000000e+00
0.000000000000000000e+00
0.000000000000000000e+00
0.000000000000000000e+00
0.000000000000000000e+00
0.000000000000000000e+00
0.000000000000000000e+00
0.000000000000000000e+00
0.000000000000000000e+00
0.000000000000000000e+00
0.000000000000000000e+00
0.000000000000000000e+00
0.000000000000000000e+00
0.000000000000000000e+00
0.000000000000000000e+00
0.000000000000000000e+00
-3.123782797535191169e-01
-2.884359644644698406e-01
0.000000000000000000e+00
0.000000000000000000e+00
0.000000000000000000e+00
-3.372287481413486221e-01
0.000000000000000000e+00
0.000000000000000000e+00
4.453563742939490866e-01
0.000000000000000000e+00
0.000000000000000000e+00
0.000000000000000000e+00
0.000000000000000000e+00
0.000000000000000000e+00
0.000000000000000000e+00
0.000000000000000000e+00
0.000000000000000000e+00
0.000000000000000000e+00
0.000000000000000000e+00
0.000000000000000000e+00
0.000000000000000000e+00
0.000000000000000000e+00
0.000000000000000000e+00
0.000000000000000000e+00
0.000000000000000000e+00
0.000000000000000000e+00
9.074090162413576965e-02
0.000000000000000000e+00
0.000000000000000000e+00
0.000000000000000000e+00
7.075649893330383522e-01
0.000000000000000000e+00
0.000000000000000000e+00
0.000000000000000000e+00
0.000000000000000000e+00
0.000000000000000000e+00
0.000000000000000000e+00
0.000000000000000000e+00
0.000000000000000000e+00
-1.446500371665204177e-01
0.000000000000000000e+00
-6.640811496650920187e-01
0.000000000000000000e+00
0.000000000000000000e+00
-4.337414919315293327e-01
0.000000000000000000e+00
0.000000000000000000e+00
0.000000000000000000e+00
0.000000000000000000e+00
0.000000000000000000e+00
3.661968277211464784e-01
4.138246883466676490e-03
0.000000000000000000e+00
-3.929539059234622989e-01
0.000000000000000000e+00
0.000000000000000000e+00
0.000000000000000000e+00
0.000000000000000000e+00
2.300561142009695248e-02
0.000000000000000000e+00
0.000000000000000000e+00
0.000000000000000000e+00
0.000000000000000000e+00
0.000000000000000000e+00
0.000000000000000000e+00
0.000000000000000000e+00
0.000000000000000000e+00
-4.974589649538529446e-01
0.000000000000000000e+00
0.000000000000000000e+00
0.000000000000000000e+00
-2.222944988026188951e-01
0.000000000000000000e+00
0.000000000000000000e+00
3.429123088641847228e-01
0.000000000000000000e+00
0.000000000000000000e+00
0.000000000000000000e+00
1.315318687279657395e-01
-2.227006994956428065e-01
0.000000000000000000e+00
0.000000000000000000e+00
0.000000000000000000e+00
0.000000000000000000e+00
0.000000000000000000e+00
0.000000000000000000e+00
0.000000000000000000e+00
0.000000000000000000e+00
0.000000000000000000e+00
0.000000000000000000e+00
8.140083182146368168e-01
0.000000000000000000e+00
0.000000000000000000e+00
0.000000000000000000e+00
0.000000000000000000e+00
0.000000000000000000e+00
0.000000000000000000e+00
0.000000000000000000e+00
-7.716514536640692867e-01
0.000000000000000000e+00
0.000000000000000000e+00
0.000000000000000000e+00
0.000000000000000000e+00
0.000000000000000000e+00
0.000000000000000000e+00
0.000000000000000000e+00
0.000000000000000000e+00
0.000000000000000000e+00
0.000000000000000000e+00
0.000000000000000000e+00
0.000000000000000000e+00
0.000000000000000000e+00
0.000000000000000000e+00
0.000000000000000000e+00
0.000000000000000000e+00
0.000000000000000000e+00
0.000000000000000000e+00
0.000000000000000000e+00
0.000000000000000000e+00
0.000000000000000000e+00
0.000000000000000000e+00
0.000000000000000000e+00
0.000000000000000000e+00
0.000000000000000000e+00
-2.051845292267576726e-01
0.000000000000000000e+00
0.000000000000000000e+00
-9.740676124648652012e-02
0.000000000000000000e+00
0.000000000000000000e+00
0.000000000000000000e+00
0.000000000000000000e+00
0.000000000000000000e+00
3.168979488511597387e-01
0.000000000000000000e+00
0.000000000000000000e+00
0.000000000000000000e+00
0.000000000000000000e+00
0.000000000000000000e+00
0.000000000000000000e+00
0.000000000000000000e+00
0.000000000000000000e+00
0.000000000000000000e+00
0.000000000000000000e+00
0.000000000000000000e+00
0.000000000000000000e+00
0.000000000000000000e+00
0.000000000000000000e+00
0.000000000000000000e+00
0.000000000000000000e+00
0.000000000000000000e+00
0.000000000000000000e+00
0.000000000000000000e+00
0.000000000000000000e+00
0.000000000000000000e+00
0.000000000000000000e+00
0.000000000000000000e+00
0.000000000000000000e+00
0.000000000000000000e+00
0.000000000000000000e+00
-6.343332710551916054e-02
0.000000000000000000e+00
0.000000000000000000e+00
0.000000000000000000e+00
0.000000000000000000e+00
0.000000000000000000e+00
0.000000000000000000e+00
0.000000000000000000e+00
0.000000000000000000e+00
0.000000000000000000e+00
0.000000000000000000e+00
0.000000000000000000e+00
0.000000000000000000e+00
0.000000000000000000e+00
0.000000000000000000e+00
0.000000000000000000e+00
0.000000000000000000e+00
0.000000000000000000e+00
0.000000000000000000e+00
0.000000000000000000e+00
1.479846582785308895e+00
0.000000000000000000e+00
0.000000000000000000e+00
0.000000000000000000e+00
0.000000000000000000e+00
0.000000000000000000e+00
0.000000000000000000e+00
-8.692979341071435662e-02
0.000000000000000000e+00
0.000000000000000000e+00
0.000000000000000000e+00
0.000000000000000000e+00
0.000000000000000000e+00
0.000000000000000000e+00
0.000000000000000000e+00
0.000000000000000000e+00
0.000000000000000000e+00
0.000000000000000000e+00
0.000000000000000000e+00
0.000000000000000000e+00
-4.605418788637494903e-02
0.000000000000000000e+00
0.000000000000000000e+00
0.000000000000000000e+00
0.000000000000000000e+00
0.000000000000000000e+00
0.000000000000000000e+00
-1.721178160092462217e-01
0.000000000000000000e+00
0.000000000000000000e+00
0.000000000000000000e+00
0.000000000000000000e+00
0.000000000000000000e+00
0.000000000000000000e+00
0.000000000000000000e+00
0.000000000000000000e+00
0.000000000000000000e+00
0.000000000000000000e+00
0.000000000000000000e+00
0.000000000000000000e+00
0.000000000000000000e+00
0.000000000000000000e+00
0.000000000000000000e+00
0.000000000000000000e+00
0.000000000000000000e+00
0.000000000000000000e+00
4.842072741737978858e-01
0.000000000000000000e+00
0.000000000000000000e+00
0.000000000000000000e+00
0.000000000000000000e+00
0.000000000000000000e+00
0.000000000000000000e+00
0.000000000000000000e+00
0.000000000000000000e+00
-4.264115856910309643e-02
0.000000000000000000e+00
0.000000000000000000e+00
0.000000000000000000e+00
0.000000000000000000e+00
0.000000000000000000e+00
0.000000000000000000e+00
0.000000000000000000e+00
0.000000000000000000e+00
-1.067065652137098697e+00
-4.556016673820274532e-01
0.000000000000000000e+00
0.000000000000000000e+00
0.000000000000000000e+00
1.059211337521191121e+00
0.000000000000000000e+00
0.000000000000000000e+00
0.000000000000000000e+00
0.000000000000000000e+00
0.000000000000000000e+00
0.000000000000000000e+00
0.000000000000000000e+00
0.000000000000000000e+00
0.000000000000000000e+00
0.000000000000000000e+00
0.000000000000000000e+00
0.000000000000000000e+00
0.000000000000000000e+00
1.361099063648764096e-01
6.942136808307897144e-01
0.000000000000000000e+00
0.000000000000000000e+00
0.000000000000000000e+00
0.000000000000000000e+00
0.000000000000000000e+00
-3.457351364889550971e-01
-2.233274140923759143e-01
2.484581979158971901e-02
0.000000000000000000e+00
0.000000000000000000e+00
0.000000000000000000e+00
5.765512616345777053e-01
-1.987781733437302412e-01
0.000000000000000000e+00
0.000000000000000000e+00
-3.367111374788013256e-01
3.134401949166837897e-01
-5.339153861285255154e-01
0.000000000000000000e+00
0.000000000000000000e+00
-2.722818000692861506e-01
0.000000000000000000e+00
0.000000000000000000e+00
0.000000000000000000e+00
0.000000000000000000e+00
2.256777012680402650e-01
0.000000000000000000e+00
0.000000000000000000e+00
8.299564705205049187e-01
0.000000000000000000e+00
0.000000000000000000e+00
0.000000000000000000e+00
0.000000000000000000e+00
0.000000000000000000e+00
-1.149676756260241683e-01
0.000000000000000000e+00
0.000000000000000000e+00
-8.626340795823996821e-01
0.000000000000000000e+00
-1.021746164433218890e-01
0.000000000000000000e+00
0.000000000000000000e+00
0.000000000000000000e+00
0.000000000000000000e+00
0.000000000000000000e+00
0.000000000000000000e+00
0.000000000000000000e+00
0.000000000000000000e+00
0.000000000000000000e+00
0.000000000000000000e+00
0.000000000000000000e+00
0.000000000000000000e+00
0.000000000000000000e+00
0.000000000000000000e+00
0.000000000000000000e+00
0.000000000000000000e+00
0.000000000000000000e+00
0.000000000000000000e+00
0.000000000000000000e+00
0.000000000000000000e+00
0.000000000000000000e+00
0.000000000000000000e+00
0.000000000000000000e+00
0.000000000000000000e+00
0.000000000000000000e+00
2.344843833524869747e-01
0.000000000000000000e+00
0.000000000000000000e+00
0.000000000000000000e+00
0.000000000000000000e+00
0.000000000000000000e+00
0.000000000000000000e+00
0.000000000000000000e+00
0.000000000000000000e+00
0.000000000000000000e+00
0.000000000000000000e+00
0.000000000000000000e+00
1.517052594534341048e-01
0.000000000000000000e+00
0.000000000000000000e+00
0.000000000000000000e+00
0.000000000000000000e+00
3.959125838115363782e-01
0.000000000000000000e+00
0.000000000000000000e+00
0.000000000000000000e+00
1.992588425132799101e-01
0.000000000000000000e+00
0.000000000000000000e+00
0.000000000000000000e+00
0.000000000000000000e+00
0.000000000000000000e+00
0.000000000000000000e+00
0.000000000000000000e+00
0.000000000000000000e+00
0.000000000000000000e+00
0.000000000000000000e+00
0.000000000000000000e+00
0.000000000000000000e+00
0.000000000000000000e+00
1.643060733377663118e-01
0.000000000000000000e+00
0.000000000000000000e+00
-6.445469768102929375e-01
0.000000000000000000e+00
0.000000000000000000e+00
3.234249444554632147e-02
1.887663501191284843e-02
0.000000000000000000e+00
0.000000000000000000e+00
0.000000000000000000e+00
0.000000000000000000e+00
0.000000000000000000e+00
0.000000000000000000e+00
0.000000000000000000e+00
0.000000000000000000e+00
0.000000000000000000e+00
0.000000000000000000e+00
0.000000000000000000e+00
0.000000000000000000e+00
0.000000000000000000e+00
0.000000000000000000e+00
-5.880138685548016997e-02
0.000000000000000000e+00
0.000000000000000000e+00
0.000000000000000000e+00
0.000000000000000000e+00
0.000000000000000000e+00
0.000000000000000000e+00
0.000000000000000000e+00
0.000000000000000000e+00
0.000000000000000000e+00
0.000000000000000000e+00
0.000000000000000000e+00
0.000000000000000000e+00
0.000000000000000000e+00
5.887930357207417087e-01
0.000000000000000000e+00
0.000000000000000000e+00
0.000000000000000000e+00
0.000000000000000000e+00
0.000000000000000000e+00
0.000000000000000000e+00
0.000000000000000000e+00
0.000000000000000000e+00
0.000000000000000000e+00
0.000000000000000000e+00
0.000000000000000000e+00
0.000000000000000000e+00
0.000000000000000000e+00
0.000000000000000000e+00
3.400379749696825216e-01
0.000000000000000000e+00
0.000000000000000000e+00
1.799217762719623082e+00
0.000000000000000000e+00
0.000000000000000000e+00
0.000000000000000000e+00
0.000000000000000000e+00
0.000000000000000000e+00
0.000000000000000000e+00
0.000000000000000000e+00
1.966526304286473348e-01
0.000000000000000000e+00
0.000000000000000000e+00
-3.944698750921000752e-01
0.000000000000000000e+00
0.000000000000000000e+00
0.000000000000000000e+00
0.000000000000000000e+00
0.000000000000000000e+00
0.000000000000000000e+00
0.000000000000000000e+00
0.000000000000000000e+00
0.000000000000000000e+00
0.000000000000000000e+00
0.000000000000000000e+00
0.000000000000000000e+00
0.000000000000000000e+00
0.000000000000000000e+00
0.000000000000000000e+00
0.000000000000000000e+00
0.000000000000000000e+00
0.000000000000000000e+00
0.000000000000000000e+00
0.000000000000000000e+00
0.000000000000000000e+00
0.000000000000000000e+00
0.000000000000000000e+00
0.000000000000000000e+00
0.000000000000000000e+00
-2.451188474126355099e-01
0.000000000000000000e+00
0.000000000000000000e+00
0.000000000000000000e+00
0.000000000000000000e+00
0.000000000000000000e+00
0.000000000000000000e+00
0.000000000000000000e+00
0.000000000000000000e+00
0.000000000000000000e+00
1.808529772178860476e-02
0.000000000000000000e+00
0.000000000000000000e+00
0.000000000000000000e+00
0.000000000000000000e+00
0.000000000000000000e+00
0.000000000000000000e+00
0.000000000000000000e+00
0.000000000000000000e+00
0.000000000000000000e+00
0.000000000000000000e+00
0.000000000000000000e+00
0.000000000000000000e+00
0.000000000000000000e+00
0.000000000000000000e+00
0.000000000000000000e+00
0.000000000000000000e+00
-1.775333620353128083e-01
0.000000000000000000e+00
0.000000000000000000e+00
0.000000000000000000e+00
-5.047051086705087730e-01
0.000000000000000000e+00
0.000000000000000000e+00
3.538625685760156681e-01
0.000000000000000000e+00
0.000000000000000000e+00
0.000000000000000000e+00
4.039762374422171953e-02
0.000000000000000000e+00
0.000000000000000000e+00
0.000000000000000000e+00
0.000000000000000000e+00
-3.524982991171975999e-01
3.320387044016210321e-01
0.000000000000000000e+00
0.000000000000000000e+00
0.000000000000000000e+00
0.000000000000000000e+00
0.000000000000000000e+00
-2.227789473985812563e-01
2.587133928577226016e-01
0.000000000000000000e+00
0.000000000000000000e+00
0.000000000000000000e+00
0.000000000000000000e+00
0.000000000000000000e+00
0.000000000000000000e+00
0.000000000000000000e+00
0.000000000000000000e+00
0.000000000000000000e+00
1.400291456664975120e+00
0.000000000000000000e+00
0.000000000000000000e+00
0.000000000000000000e+00
0.000000000000000000e+00
0.000000000000000000e+00
0.000000000000000000e+00
0.000000000000000000e+00
0.000000000000000000e+00
0.000000000000000000e+00
0.000000000000000000e+00
0.000000000000000000e+00
0.000000000000000000e+00
0.000000000000000000e+00
0.000000000000000000e+00
0.000000000000000000e+00
0.000000000000000000e+00
0.000000000000000000e+00
-8.335962853943623685e-01
0.000000000000000000e+00
0.000000000000000000e+00
0.000000000000000000e+00
1.033843337924544720e-01
0.000000000000000000e+00
0.000000000000000000e+00
0.000000000000000000e+00
0.000000000000000000e+00
0.000000000000000000e+00
0.000000000000000000e+00
-4.746120274632336516e-02
0.000000000000000000e+00
0.000000000000000000e+00
0.000000000000000000e+00
9.791501730806230486e-02
0.000000000000000000e+00
0.000000000000000000e+00
0.000000000000000000e+00
0.000000000000000000e+00
0.000000000000000000e+00
0.000000000000000000e+00
0.000000000000000000e+00
0.000000000000000000e+00
0.000000000000000000e+00
0.000000000000000000e+00
0.000000000000000000e+00
0.000000000000000000e+00
0.000000000000000000e+00
0.000000000000000000e+00
0.000000000000000000e+00
0.000000000000000000e+00
-2.785629372877924115e-01
0.000000000000000000e+00
0.000000000000000000e+00
0.000000000000000000e+00
0.000000000000000000e+00
0.000000000000000000e+00
0.000000000000000000e+00
0.000000000000000000e+00
1.580517206366852667e-01
0.000000000000000000e+00
0.000000000000000000e+00
0.000000000000000000e+00
0.000000000000000000e+00
0.000000000000000000e+00
0.000000000000000000e+00
0.000000000000000000e+00
0.000000000000000000e+00
0.000000000000000000e+00
0.000000000000000000e+00
0.000000000000000000e+00
0.000000000000000000e+00
0.000000000000000000e+00
0.000000000000000000e+00
0.000000000000000000e+00
0.000000000000000000e+00
3.618184997135449055e-01
0.000000000000000000e+00
0.000000000000000000e+00
0.000000000000000000e+00
0.000000000000000000e+00
0.000000000000000000e+00
0.000000000000000000e+00
0.000000000000000000e+00
5.052994864734245972e-01
0.000000000000000000e+00
-2.518136601959179988e-01
0.000000000000000000e+00
0.000000000000000000e+00
0.000000000000000000e+00
0.000000000000000000e+00
0.000000000000000000e+00
0.000000000000000000e+00
0.000000000000000000e+00
0.000000000000000000e+00
0.000000000000000000e+00
0.000000000000000000e+00
0.000000000000000000e+00
0.000000000000000000e+00
0.000000000000000000e+00
0.000000000000000000e+00
0.000000000000000000e+00
0.000000000000000000e+00
0.000000000000000000e+00
0.000000000000000000e+00
1.085470733292710904e-01
0.000000000000000000e+00
0.000000000000000000e+00
0.000000000000000000e+00
0.000000000000000000e+00
0.000000000000000000e+00
0.000000000000000000e+00
0.000000000000000000e+00
0.000000000000000000e+00
0.000000000000000000e+00
0.000000000000000000e+00
1.348193485939474190e+00
0.000000000000000000e+00
0.000000000000000000e+00
0.000000000000000000e+00
0.000000000000000000e+00
0.000000000000000000e+00
0.000000000000000000e+00
0.000000000000000000e+00
0.000000000000000000e+00
0.000000000000000000e+00
0.000000000000000000e+00
0.000000000000000000e+00
9.351524282099969720e-02
0.000000000000000000e+00
0.000000000000000000e+00
0.000000000000000000e+00
0.000000000000000000e+00
0.000000000000000000e+00
0.000000000000000000e+00
0.000000000000000000e+00
1.927177410513023770e-01
0.000000000000000000e+00
0.000000000000000000e+00
-6.830434669732904363e-01
0.000000000000000000e+00
0.000000000000000000e+00
-1.565462169248805699e-02
0.000000000000000000e+00
0.000000000000000000e+00
0.000000000000000000e+00
-3.057307906339220768e-02
1.019873928027913990e-01
0.000000000000000000e+00
0.000000000000000000e+00
0.000000000000000000e+00
0.000000000000000000e+00
0.000000000000000000e+00
0.000000000000000000e+00
4.204746612127568950e-01
-4.789417846262045697e-01
0.000000000000000000e+00
0.000000000000000000e+00
0.000000000000000000e+00
0.000000000000000000e+00
0.000000000000000000e+00
0.000000000000000000e+00
0.000000000000000000e+00
0.000000000000000000e+00
0.000000000000000000e+00
0.000000000000000000e+00
0.000000000000000000e+00
0.000000000000000000e+00
-1.133196572957985010e-01
0.000000000000000000e+00
0.000000000000000000e+00
0.000000000000000000e+00
0.000000000000000000e+00
0.000000000000000000e+00
0.000000000000000000e+00
0.000000000000000000e+00
0.000000000000000000e+00
0.000000000000000000e+00
0.000000000000000000e+00
0.000000000000000000e+00
0.000000000000000000e+00
0.000000000000000000e+00
0.000000000000000000e+00
0.000000000000000000e+00
0.000000000000000000e+00
0.000000000000000000e+00
0.000000000000000000e+00
0.000000000000000000e+00
0.000000000000000000e+00
0.000000000000000000e+00
0.000000000000000000e+00
0.000000000000000000e+00
-5.087370792237013717e-01
0.000000000000000000e+00
0.000000000000000000e+00
0.000000000000000000e+00
-4.081745715381440709e-02
0.000000000000000000e+00
0.000000000000000000e+00
0.000000000000000000e+00
-2.073685048902345479e-02
0.000000000000000000e+00
0.000000000000000000e+00
0.000000000000000000e+00
0.000000000000000000e+00
0.000000000000000000e+00
0.000000000000000000e+00
0.000000000000000000e+00
0.000000000000000000e+00
0.000000000000000000e+00
0.000000000000000000e+00
0.000000000000000000e+00
0.000000000000000000e+00
0.000000000000000000e+00
0.000000000000000000e+00
0.000000000000000000e+00
0.000000000000000000e+00
0.000000000000000000e+00
0.000000000000000000e+00
0.000000000000000000e+00
0.000000000000000000e+00
0.000000000000000000e+00
0.000000000000000000e+00
0.000000000000000000e+00
0.000000000000000000e+00
0.000000000000000000e+00
0.000000000000000000e+00
0.000000000000000000e+00
0.000000000000000000e+00
0.000000000000000000e+00
0.000000000000000000e+00
0.000000000000000000e+00
0.000000000000000000e+00
0.000000000000000000e+00
0.000000000000000000e+00
0.000000000000000000e+00
0.000000000000000000e+00
0.000000000000000000e+00
0.000000000000000000e+00
0.000000000000000000e+00
0.000000000000000000e+00
0.000000000000000000e+00
0.000000000000000000e+00
0.000000000000000000e+00
0.000000000000000000e+00
0.000000000000000000e+00
0.000000000000000000e+00
0.000000000000000000e+00
0.000000000000000000e+00
0.000000000000000000e+00
0.000000000000000000e+00
0.000000000000000000e+00
0.000000000000000000e+00
0.000000000000000000e+00
0.000000000000000000e+00
0.000000000000000000e+00
0.000000000000000000e+00
0.000000000000000000e+00
0.000000000000000000e+00
0.000000000000000000e+00
0.000000000000000000e+00
0.000000000000000000e+00
0.000000000000000000e+00
0.000000000000000000e+00
0.000000000000000000e+00
0.000000000000000000e+00
0.000000000000000000e+00
0.000000000000000000e+00
0.000000000000000000e+00
0.000000000000000000e+00
0.000000000000000000e+00
0.000000000000000000e+00
0.000000000000000000e+00
2.080773131660185460e-01
0.000000000000000000e+00
0.000000000000000000e+00
0.000000000000000000e+00
0.000000000000000000e+00
0.000000000000000000e+00
0.000000000000000000e+00
0.000000000000000000e+00
0.000000000000000000e+00
0.000000000000000000e+00
0.000000000000000000e+00
0.000000000000000000e+00
0.000000000000000000e+00
0.000000000000000000e+00
0.000000000000000000e+00
0.000000000000000000e+00
0.000000000000000000e+00
0.000000000000000000e+00
0.000000000000000000e+00
0.000000000000000000e+00
0.000000000000000000e+00
0.000000000000000000e+00
0.000000000000000000e+00
0.000000000000000000e+00
0.000000000000000000e+00
0.000000000000000000e+00
0.000000000000000000e+00
0.000000000000000000e+00
0.000000000000000000e+00
0.000000000000000000e+00
0.000000000000000000e+00
-4.597773803369367002e-02
0.000000000000000000e+00
0.000000000000000000e+00
1.678458194424327365e-01
0.000000000000000000e+00
0.000000000000000000e+00
0.000000000000000000e+00
0.000000000000000000e+00
0.000000000000000000e+00
0.000000000000000000e+00
0.000000000000000000e+00
0.000000000000000000e+00
0.000000000000000000e+00
0.000000000000000000e+00
0.000000000000000000e+00
0.000000000000000000e+00
0.000000000000000000e+00
0.000000000000000000e+00
-5.924150087997298586e-02
0.000000000000000000e+00
0.000000000000000000e+00
0.000000000000000000e+00
0.000000000000000000e+00
0.000000000000000000e+00
0.000000000000000000e+00
0.000000000000000000e+00
0.000000000000000000e+00
0.000000000000000000e+00
0.000000000000000000e+00
0.000000000000000000e+00
0.000000000000000000e+00
0.000000000000000000e+00
0.000000000000000000e+00
0.000000000000000000e+00
0.000000000000000000e+00
0.000000000000000000e+00
0.000000000000000000e+00
0.000000000000000000e+00
0.000000000000000000e+00
0.000000000000000000e+00
-1.231013258303533364e+00
0.000000000000000000e+00
0.000000000000000000e+00
0.000000000000000000e+00
0.000000000000000000e+00
0.000000000000000000e+00
0.000000000000000000e+00
0.000000000000000000e+00
0.000000000000000000e+00
0.000000000000000000e+00
0.000000000000000000e+00
0.000000000000000000e+00
0.000000000000000000e+00
0.000000000000000000e+00
0.000000000000000000e+00
0.000000000000000000e+00
0.000000000000000000e+00
0.000000000000000000e+00
0.000000000000000000e+00
0.000000000000000000e+00
0.000000000000000000e+00
2.154703180884753044e-01
0.000000000000000000e+00
0.000000000000000000e+00
0.000000000000000000e+00
0.000000000000000000e+00
0.000000000000000000e+00
0.000000000000000000e+00
0.000000000000000000e+00
0.000000000000000000e+00
0.000000000000000000e+00
0.000000000000000000e+00
0.000000000000000000e+00
0.000000000000000000e+00
0.000000000000000000e+00
0.000000000000000000e+00
0.000000000000000000e+00
0.000000000000000000e+00
0.000000000000000000e+00
7.125906057400939186e-01
0.000000000000000000e+00
-4.333121377717961131e-01
0.000000000000000000e+00
0.000000000000000000e+00
0.000000000000000000e+00
2.518589962820563799e-01
0.000000000000000000e+00
0.000000000000000000e+00
0.000000000000000000e+00
0.000000000000000000e+00
0.000000000000000000e+00
0.000000000000000000e+00
0.000000000000000000e+00
4.826244070590931384e-02
0.000000000000000000e+00
0.000000000000000000e+00
0.000000000000000000e+00
0.000000000000000000e+00
0.000000000000000000e+00
0.000000000000000000e+00
0.000000000000000000e+00
0.000000000000000000e+00
0.000000000000000000e+00
0.000000000000000000e+00
-1.231821473248737552e-02
0.000000000000000000e+00
0.000000000000000000e+00
0.000000000000000000e+00
-1.796389346993631786e-01
0.000000000000000000e+00
0.000000000000000000e+00
1.324072157607003308e-01
3.567679333879586467e-01
0.000000000000000000e+00
0.000000000000000000e+00
0.000000000000000000e+00
0.000000000000000000e+00
0.000000000000000000e+00
0.000000000000000000e+00
0.000000000000000000e+00
0.000000000000000000e+00
0.000000000000000000e+00
5.617363399828841086e-02
0.000000000000000000e+00
0.000000000000000000e+00
0.000000000000000000e+00
0.000000000000000000e+00
0.000000000000000000e+00
0.000000000000000000e+00
0.000000000000000000e+00
0.000000000000000000e+00
0.000000000000000000e+00
0.000000000000000000e+00
-6.013484948756402104e-02
0.000000000000000000e+00
7.953999930126259832e-02
0.000000000000000000e+00
0.000000000000000000e+00
0.000000000000000000e+00
0.000000000000000000e+00
0.000000000000000000e+00
-5.773897481646067531e-01
0.000000000000000000e+00
0.000000000000000000e+00
0.000000000000000000e+00
0.000000000000000000e+00
0.000000000000000000e+00
0.000000000000000000e+00
0.000000000000000000e+00
0.000000000000000000e+00
5.198515616317734844e-01
0.000000000000000000e+00
0.000000000000000000e+00
0.000000000000000000e+00
0.000000000000000000e+00
0.000000000000000000e+00
0.000000000000000000e+00
0.000000000000000000e+00
1.407929948769838513e-01
0.000000000000000000e+00
0.000000000000000000e+00
0.000000000000000000e+00
0.000000000000000000e+00
0.000000000000000000e+00
0.000000000000000000e+00
0.000000000000000000e+00
1.795820133234602156e-01
0.000000000000000000e+00
0.000000000000000000e+00
0.000000000000000000e+00
0.000000000000000000e+00
0.000000000000000000e+00
0.000000000000000000e+00
9.219474168048172324e-02
0.000000000000000000e+00
0.000000000000000000e+00
0.000000000000000000e+00
0.000000000000000000e+00
0.000000000000000000e+00
0.000000000000000000e+00
0.000000000000000000e+00
0.000000000000000000e+00
0.000000000000000000e+00
0.000000000000000000e+00
0.000000000000000000e+00
0.000000000000000000e+00
0.000000000000000000e+00
3.721708865112267617e-01
0.000000000000000000e+00
0.000000000000000000e+00
0.000000000000000000e+00
0.000000000000000000e+00
0.000000000000000000e+00
0.000000000000000000e+00
0.000000000000000000e+00
0.000000000000000000e+00
0.000000000000000000e+00
0.000000000000000000e+00
0.000000000000000000e+00
0.000000000000000000e+00
0.000000000000000000e+00
0.000000000000000000e+00
0.000000000000000000e+00
0.000000000000000000e+00
0.000000000000000000e+00
0.000000000000000000e+00
0.000000000000000000e+00
0.000000000000000000e+00
0.000000000000000000e+00
0.000000000000000000e+00
0.000000000000000000e+00
6.202243466595346033e-02
0.000000000000000000e+00
0.000000000000000000e+00
0.000000000000000000e+00
7.763538576156507887e-01
0.000000000000000000e+00
0.000000000000000000e+00
0.000000000000000000e+00
0.000000000000000000e+00
0.000000000000000000e+00
0.000000000000000000e+00
0.000000000000000000e+00
0.000000000000000000e+00
0.000000000000000000e+00
0.000000000000000000e+00
0.000000000000000000e+00
0.000000000000000000e+00
0.000000000000000000e+00
0.000000000000000000e+00
0.000000000000000000e+00
0.000000000000000000e+00
0.000000000000000000e+00
0.000000000000000000e+00
0.000000000000000000e+00
0.000000000000000000e+00
0.000000000000000000e+00
0.000000000000000000e+00
0.000000000000000000e+00
0.000000000000000000e+00
0.000000000000000000e+00
0.000000000000000000e+00
-3.144310934103945049e-02
0.000000000000000000e+00
0.000000000000000000e+00
0.000000000000000000e+00
0.000000000000000000e+00
0.000000000000000000e+00
9.198372180448353141e-01
0.000000000000000000e+00
1.090791452295265460e-02
2.092498391984177197e-01
0.000000000000000000e+00
0.000000000000000000e+00
0.000000000000000000e+00
0.000000000000000000e+00
0.000000000000000000e+00
0.000000000000000000e+00
0.000000000000000000e+00
0.000000000000000000e+00
0.000000000000000000e+00
0.000000000000000000e+00
0.000000000000000000e+00
0.000000000000000000e+00
0.000000000000000000e+00
0.000000000000000000e+00
0.000000000000000000e+00
0.000000000000000000e+00
0.000000000000000000e+00
0.000000000000000000e+00
0.000000000000000000e+00
0.000000000000000000e+00
0.000000000000000000e+00
0.000000000000000000e+00
0.000000000000000000e+00
-2.319478600681024183e-01
0.000000000000000000e+00
0.000000000000000000e+00
0.000000000000000000e+00
0.000000000000000000e+00
0.000000000000000000e+00
0.000000000000000000e+00
0.000000000000000000e+00
0.000000000000000000e+00
-8.725250092844950844e-02
0.000000000000000000e+00
0.000000000000000000e+00
0.000000000000000000e+00
0.000000000000000000e+00
0.000000000000000000e+00
0.000000000000000000e+00
4.620587491053704809e-01
1.079931053287237624e-01
0.000000000000000000e+00
0.000000000000000000e+00
0.000000000000000000e+00
0.000000000000000000e+00
0.000000000000000000e+00
0.000000000000000000e+00
0.000000000000000000e+00
0.000000000000000000e+00
0.000000000000000000e+00
0.000000000000000000e+00
0.000000000000000000e+00
0.000000000000000000e+00
0.000000000000000000e+00
0.000000000000000000e+00
0.000000000000000000e+00
0.000000000000000000e+00
0.000000000000000000e+00
-6.574783403415533634e-02
0.000000000000000000e+00
0.000000000000000000e+00
0.000000000000000000e+00
0.000000000000000000e+00
-9.562131589768763096e-02
0.000000000000000000e+00
0.000000000000000000e+00
0.000000000000000000e+00
0.000000000000000000e+00
0.000000000000000000e+00
0.000000000000000000e+00
0.000000000000000000e+00
0.000000000000000000e+00
0.000000000000000000e+00
0.000000000000000000e+00
0.000000000000000000e+00
0.000000000000000000e+00
-3.532317968153246279e-01
0.000000000000000000e+00
0.000000000000000000e+00
0.000000000000000000e+00
0.000000000000000000e+00
-3.642402849771487205e-01
0.000000000000000000e+00
0.000000000000000000e+00
0.000000000000000000e+00
0.000000000000000000e+00
0.000000000000000000e+00
-2.825253897109520143e-03
2.037775151071654356e-01
0.000000000000000000e+00
0.000000000000000000e+00
0.000000000000000000e+00
0.000000000000000000e+00
0.000000000000000000e+00
0.000000000000000000e+00
0.000000000000000000e+00
-8.648632052639022849e-02
0.000000000000000000e+00
0.000000000000000000e+00
0.000000000000000000e+00
0.000000000000000000e+00
0.000000000000000000e+00
0.000000000000000000e+00
0.000000000000000000e+00
0.000000000000000000e+00
0.000000000000000000e+00
-2.875472667442648400e-01
0.000000000000000000e+00
0.000000000000000000e+00
0.000000000000000000e+00
0.000000000000000000e+00
3.816483435557868620e-01
0.000000000000000000e+00
0.000000000000000000e+00
0.000000000000000000e+00
0.000000000000000000e+00
0.000000000000000000e+00
0.000000000000000000e+00
0.000000000000000000e+00
-7.841264757800929519e-02
0.000000000000000000e+00
0.000000000000000000e+00
0.000000000000000000e+00
0.000000000000000000e+00
0.000000000000000000e+00
0.000000000000000000e+00
0.000000000000000000e+00
0.000000000000000000e+00
0.000000000000000000e+00
0.000000000000000000e+00
0.000000000000000000e+00
0.000000000000000000e+00
0.000000000000000000e+00
2.150615812363886326e-01
0.000000000000000000e+00
0.000000000000000000e+00
0.000000000000000000e+00
0.000000000000000000e+00
0.000000000000000000e+00
0.000000000000000000e+00
3.170639025803281275e-01
0.000000000000000000e+00
0.000000000000000000e+00
0.000000000000000000e+00
0.000000000000000000e+00
0.000000000000000000e+00
0.000000000000000000e+00
0.000000000000000000e+00
0.000000000000000000e+00
0.000000000000000000e+00
-4.190060353788774838e-01
0.000000000000000000e+00
0.000000000000000000e+00
0.000000000000000000e+00
-8.097263484696709535e-02
7.919298464179629071e-02
0.000000000000000000e+00
0.000000000000000000e+00
0.000000000000000000e+00
0.000000000000000000e+00
0.000000000000000000e+00
0.000000000000000000e+00
0.000000000000000000e+00
0.000000000000000000e+00
0.000000000000000000e+00
1.487328049465015123e-01
0.000000000000000000e+00
0.000000000000000000e+00
0.000000000000000000e+00
0.000000000000000000e+00
0.000000000000000000e+00
0.000000000000000000e+00
0.000000000000000000e+00
0.000000000000000000e+00
-4.591023319663706803e-01
0.000000000000000000e+00
0.000000000000000000e+00
0.000000000000000000e+00
0.000000000000000000e+00
0.000000000000000000e+00
0.000000000000000000e+00
0.000000000000000000e+00
4.644876376132824891e-01
0.000000000000000000e+00
0.000000000000000000e+00
0.000000000000000000e+00
6.596278263729037361e-01
0.000000000000000000e+00
-5.989234096864605172e-01
0.000000000000000000e+00
0.000000000000000000e+00
0.000000000000000000e+00
0.000000000000000000e+00
1.037709346720723902e+00
0.000000000000000000e+00
0.000000000000000000e+00
0.000000000000000000e+00
0.000000000000000000e+00
0.000000000000000000e+00
0.000000000000000000e+00
0.000000000000000000e+00
0.000000000000000000e+00
0.000000000000000000e+00
0.000000000000000000e+00
0.000000000000000000e+00
0.000000000000000000e+00
-2.179165791013648046e-01
0.000000000000000000e+00
0.000000000000000000e+00
-2.417211233001522186e-01
0.000000000000000000e+00
0.000000000000000000e+00
0.000000000000000000e+00
0.000000000000000000e+00
0.000000000000000000e+00
0.000000000000000000e+00
0.000000000000000000e+00
0.000000000000000000e+00
0.000000000000000000e+00
0.000000000000000000e+00
0.000000000000000000e+00
0.000000000000000000e+00
0.000000000000000000e+00
0.000000000000000000e+00
0.000000000000000000e+00
0.000000000000000000e+00
0.000000000000000000e+00
0.000000000000000000e+00
0.000000000000000000e+00
0.000000000000000000e+00
0.000000000000000000e+00
0.000000000000000000e+00
0.000000000000000000e+00
0.000000000000000000e+00
0.000000000000000000e+00
0.000000000000000000e+00
0.000000000000000000e+00
0.000000000000000000e+00
0.000000000000000000e+00
0.000000000000000000e+00
0.000000000000000000e+00
0.000000000000000000e+00
-5.639965882406498821e-02
0.000000000000000000e+00
0.000000000000000000e+00
0.000000000000000000e+00
0.000000000000000000e+00
0.000000000000000000e+00
0.000000000000000000e+00
0.000000000000000000e+00
0.000000000000000000e+00
0.000000000000000000e+00
0.000000000000000000e+00
0.000000000000000000e+00
0.000000000000000000e+00
0.000000000000000000e+00
0.000000000000000000e+00
0.000000000000000000e+00
0.000000000000000000e+00
6.266397762000822658e-01
0.000000000000000000e+00
0.000000000000000000e+00
0.000000000000000000e+00
0.000000000000000000e+00
0.000000000000000000e+00
0.000000000000000000e+00
0.000000000000000000e+00
0.000000000000000000e+00
2.424438284008563482e-01
0.000000000000000000e+00
0.000000000000000000e+00
0.000000000000000000e+00
0.000000000000000000e+00
0.000000000000000000e+00
0.000000000000000000e+00
0.000000000000000000e+00
-7.282956275042563876e-02
0.000000000000000000e+00
0.000000000000000000e+00
0.000000000000000000e+00
0.000000000000000000e+00
0.000000000000000000e+00
0.000000000000000000e+00
0.000000000000000000e+00
0.000000000000000000e+00
0.000000000000000000e+00
0.000000000000000000e+00
0.000000000000000000e+00
0.000000000000000000e+00
-1.392498447003711892e-01
0.000000000000000000e+00
0.000000000000000000e+00
0.000000000000000000e+00
0.000000000000000000e+00
0.000000000000000000e+00
0.000000000000000000e+00
0.000000000000000000e+00
0.000000000000000000e+00
0.000000000000000000e+00
0.000000000000000000e+00
1.762579138395637957e-01
-1.405105571736583736e-01
0.000000000000000000e+00
0.000000000000000000e+00
-3.108777041236036598e-01
0.000000000000000000e+00
0.000000000000000000e+00
0.000000000000000000e+00
0.000000000000000000e+00
0.000000000000000000e+00
0.000000000000000000e+00
0.000000000000000000e+00
0.000000000000000000e+00
0.000000000000000000e+00
0.000000000000000000e+00
0.000000000000000000e+00
0.000000000000000000e+00
0.000000000000000000e+00
0.000000000000000000e+00
6.806033969962844710e-01
0.000000000000000000e+00
0.000000000000000000e+00
0.000000000000000000e+00
0.000000000000000000e+00
0.000000000000000000e+00
0.000000000000000000e+00
0.000000000000000000e+00
0.000000000000000000e+00
0.000000000000000000e+00
0.000000000000000000e+00
0.000000000000000000e+00
0.000000000000000000e+00
0.000000000000000000e+00
0.000000000000000000e+00
0.000000000000000000e+00
0.000000000000000000e+00
0.000000000000000000e+00
0.000000000000000000e+00
0.000000000000000000e+00
0.000000000000000000e+00
0.000000000000000000e+00
0.000000000000000000e+00
0.000000000000000000e+00
0.000000000000000000e+00
1.407811473170056220e-03
0.000000000000000000e+00
0.000000000000000000e+00
0.000000000000000000e+00
0.000000000000000000e+00
0.000000000000000000e+00
0.000000000000000000e+00
0.000000000000000000e+00
0.000000000000000000e+00
0.000000000000000000e+00
0.000000000000000000e+00
