2.029295690246310600e-03
-5.816468052103122843e-02
-8.261538442717529865e-03
-3.584994921098789977e-02
-2.299733979439351830e-02
-1.979443537666921403e-03
1.519528538749096748e-02
1.560436396213737975e-01
7.461313087963271883e-03
-2.023270413295198689e-02
-1.694385690367781333e-02
7.171850375528381061e-02
3.010845883921241598e-02
-5.262825824209178827e-02
-4.761554887009898998e-03
8.330920430884160288e-03
6.405495243791066440e-02
5.916406313529636203e-03
-2.677961138958887335e-02
3.991089615582981559e-02
-3.586387119702242384e-03
5.695899552229632956e-02
6.749655897615776390e-02
-5.299588554350666975e-02
-1.874278439247521397e-02
-1.078227624036190609e-02
-8.121074793658602750e-05
2.172478255679510459e-02
1.355508583594599026e-01
2.673964341223752927e-02
1.036095132351208710e-02
4.252392814530579768e-02
-9.798841640147475107e-02
-1.400880147090314068e-02
-1.165827506580328736e-02
-3.250911402112229703e-02
-5.739241700066283897e-02
6.810217463216429457e-02
0.000000000000000000e+00
4.132765253728111488e-02
-9.276629967286412204e-03
3.346292419772955995e-02
3.414536459677189328e-01
5.172742942378749653e-02
-8.141094653999881138e-04
-1.076592751611499081e-02
4.373274171026556023e-02
-6.851100705992202444e-02
-1.507135092530674254e-03
-3.430488899463092489e-02
3.623841375955049599e-02
-1.195581362699377724e-02
7.911749569480581654e-03
3.285026232611071295e-01
-9.748977628646597268e-03
2.008439592112972946e-02
0.000000000000000000e+00
-1.055909770290882829e-02
-4.509277764090858197e-03
-1.502317334645203624e-02
-2.679327744984257714e-02
4.687098832472674087e-02
1.723417419762531821e-01
-7.563281312156396041e-03
-1.793976940906443496e-01
-1.689133621161945098e-01
-5.665716298636334219e-02
-6.186973739322169236e-02
7.719604318405297316e-02
5.317036801836313997e-02
2.803434101735156198e-02
-3.662320289127978662e-03
1.023908527275134255e-02
-3.252959241506857280e-02
-1.360866915402335897e-01
4.391612566386163263e-02
-1.118521627151823766e-01
7.580592963103052750e-02
6.379023513916101673e-02
1.166680519112255898e-01
-4.633340287291003168e-02
-3.298484967418437164e-02
-1.462322924292024373e-01
2.602870336297871678e-02
-1.267965553155313285e-01
-4.103372094518634161e-02
3.948487413737345603e-02
1.736382141847386124e-02
8.363304842621614721e-02
-4.576531046352741439e-02
1.392471670412910589e-01
9.185180773987862771e-03
-1.015802513858256317e-01
-1.346453654990289323e-02
-9.072045738564300799e-02
-1.246351565276060114e-01
8.854573875571553065e-02
9.622039408274687261e-03
-5.042871624059564600e-02
-1.734864412553689325e-02
-1.162816313547009386e-02
1.040218639538154945e-02
-1.119851347648389284e-01
5.428502283849162557e-02
-1.103913438198247804e-01
1.463251684921219398e-03
-4.652754058595500591e-02
6.288860173353763572e-02
6.304745160741888343e-02
2.575009782738579139e-02
-3.256474822239965872e-03
9.804767130428021504e-02
-1.320159720348753063e-01
5.088826573996945574e-02
-1.852110734446729412e-01
1.060779834602702393e-01
-6.660311610184804776e-02
2.677049223398198646e-02
0.000000000000000000e+00
7.168416515847257642e-03
-6.535086745007830100e-02
-1.789814645570611193e-02
-1.803849968961244088e-03
0.000000000000000000e+00
-4.037890919653682603e-02
4.798047139475751510e-02
-2.350655958420163061e-01
-8.618189949838310927e-04
8.452874686874535526e-02
-7.382510603643474556e-02
9.452411047319464465e-02
-7.579176624564447004e-03
3.444568547111196560e-02
9.051392015443474048e-02
-1.649698279730257844e-01
-2.308771206163711190e-02
-5.598878883100941173e-02
9.819365548089580009e-02
-8.297737821804640479e-02
5.183104699492655648e-02
6.272090827586350448e-02
-7.651261818501681189e-02
-6.772304426500013082e-03
-3.620627233219592123e-02
-4.302935833723729731e-02
-9.541146813666705195e-02
1.041757928000712208e-01
-8.165798246078699585e-02
-1.217485414586660236e-01
7.572854315415801507e-02
-5.410688133325840254e-02
2.371747480615948867e-02
-8.330363990782034544e-02
1.441214692973712824e-02
-2.149475799063669534e-01
4.703711853779868161e-03
6.027597433929307840e-04
2.162093138515134849e-01
-4.707850415481382340e-03
3.496546589024578100e-02
-1.761040845552408474e-01
-2.551247067075560274e-02
5.250866555380116762e-02
0.000000000000000000e+00
1.081931465697891920e-01
-7.302329902014785545e-02
-3.835242770582422689e-02
-6.645474607270826506e-02
-2.000549899384626573e-02
-1.183828990019358124e-02
5.458424761908945572e-02
-5.392278316079560790e-02
-1.471956833769757778e-01
4.885707004701733691e-02
1.082760817922915619e-01
-1.088867825660292110e-01
-9.042888303459927987e-03
1.230866043771086833e-02
-1.604025791312371882e-04
-1.959023153500718747e-02
3.105888945915383920e-02
5.332795985016017953e-03
-1.099610479083751174e-01
0.000000000000000000e+00
-2.805778232929119764e-01
-8.157492289234154204e-02
5.702099471108835332e-02
1.136578903034793191e-02
4.100858104262845166e-02
5.917086983241969661e-02
5.746211548126812368e-02
-3.936678578674442791e-02
3.558983992113942674e-02
-2.041043552847157938e-01
-3.808452858302029207e-03
1.323542791018811060e-01
-8.749824444295405124e-02
5.066007781199257515e-02
-2.275244593671256754e-01
2.658403473822190666e-02
-4.994082274885944250e-02
4.418177128043994373e-02
-4.933949554728780940e-01
5.710329091908453170e-02
-1.695979470154361235e-01
-3.608611115048768192e-02
9.642565194817350263e-03
-3.406642089378939127e-04
-9.218846569334136765e-02
-7.839082267573441176e-02
-1.762056064394833255e-01
-1.075492951565076433e-01
-1.844634225970175345e-01
3.005202440341624495e-02
2.047370137592126327e-02
-1.912942500544497978e-02
-1.430985567246506052e-01
0.000000000000000000e+00
9.350755515582993491e-03
-1.168745343093607197e-01
-2.092283651943244172e-02
-1.323683515063779070e-01
-6.406816687864635984e-02
-2.134755512545755823e-02
9.329315234295841586e-02
0.000000000000000000e+00
-2.922689774225213921e-01
-2.406656886063842163e-02
0.000000000000000000e+00
3.296506894251262365e-02
2.981319554952935325e-02
4.214295651221355160e-02
-4.896236468165296452e-02
-6.393429132738256970e-03
4.317495238853411195e-03
-2.466025002772203201e-03
-8.149998418790709021e-02
-3.889330741555674376e-02
-8.942616737647585134e-02
-2.778105360210126884e-01
-1.809804221519230594e-01
0.000000000000000000e+00
-5.325363422937532537e-02
4.660912291185735634e-02
4.458903371493028178e-02
-9.537782674138109429e-02
2.508755607557132047e-02
-5.966870057155097828e-02
5.035757944886457005e-02
2.145924030855936582e-01
-6.556925011328540442e-02
-5.600953602314455437e-02
-1.320401390797701913e-01
-5.040133252173938788e-02
0.000000000000000000e+00
-1.932768090513221904e-02
6.917343095549171282e-04
1.705168978246502098e-01
-2.354356230546942805e-03
6.961313560661727337e-03
-2.544211994901699955e-02
6.923821423840022249e-02
-1.395945627938356415e-01
3.749025426518218934e-02
-1.552669754763237042e-01
-2.293240578139713881e-01
5.583245517929424223e-02
1.761527437870785973e-01
1.120053890371809913e-01
8.113501948227974658e-02
-1.355248170179372026e-02
-4.193421288660291457e-02
-7.580706427603810249e-02
-3.003231326743866503e-01
9.790401473989232550e-02
-9.610736398480815984e-03
6.464504350119361364e-02
-9.487231882783443704e-02
-7.377834303732508370e-02
1.274219623328711783e-02
-1.701862844096825034e-01
8.655626754791942434e-02
-4.830834819828380700e-02
-3.736002553408369464e-03
-3.904953789727282770e-02
-4.191301882114549515e-03
-1.768483356517252802e-01
-1.476780134281034836e-02
3.976881580762570839e-02
1.108839754600910998e-01
-4.249024438940980364e-01
-1.957514296686140576e-01
-5.279010434073483360e-02
-1.693376643223230005e-01
3.859330397643224997e-02
2.279874585985247060e-01
-2.625393445583095592e-02
-1.845476071522557729e-02
-1.149958926337384529e-01
2.701731561286865868e-01
-1.050769976729429289e-01
9.686724291820711374e-02
-1.630847246437952883e-02
6.735583858827640796e-03
0.000000000000000000e+00
-1.936533847035397729e-02
-1.026609497572014834e-01
-9.925328719165677285e-03
-5.378138514685399524e-02
-7.020676144187680545e-02
5.092927334251736576e-02
0.000000000000000000e+00
1.261733416780709549e-01
5.666971967404194760e-02
0.000000000000000000e+00
-4.773269940776884990e-02
-8.650471121363197124e-02
-3.582004075647046010e-02
8.561781202408837166e-02
0.000000000000000000e+00
-9.478829739042800295e-02
8.858453264947675765e-02
0.000000000000000000e+00
1.020625348032288063e-02
-4.723780530676229689e-02
-1.713195366912972084e-01
-2.486403981029434995e-02
3.246951292990521432e-02
-1.731917222282605140e-01
-6.615585088533188808e-03
-8.076748570039747610e-02
-5.843184898952419326e-02
0.000000000000000000e+00
-1.784941162849475182e-01
-4.091065340095302594e-02
2.505169276807513445e-01
1.908659912833095967e-02
-4.381238155735244638e-02
-9.685647064446255283e-02
1.124419217037427032e-02
-1.311553323280565189e-02
2.826997109364691174e-01
7.720527366064970642e-02
-3.069513688970696569e-02
-1.086755310393566487e-01
-5.816347656187829257e-03
1.664869667503003081e-01
0.000000000000000000e+00
-1.181426502535447148e-01
3.940524381807467696e-02
-8.569789100915978231e-02
-4.490683687724847384e-02
5.438900284983406302e-02
-1.958897536619972901e-01
-3.808961502185531645e-02
3.972938875975880885e-02
-2.513372397111551804e-01
-4.483618599845530239e-01
0.000000000000000000e+00
-5.419946780319205570e-02
-1.436196198881072583e-01
0.000000000000000000e+00
-3.264424137632447320e-01
8.439693203750871231e-02
-2.044780295262663139e-02
-4.344866703407522512e-02
3.196834032443864881e-01
-1.698529203327005799e-01
-6.013310822707235159e-02
-1.378072657963884118e-01
1.363986198924087290e-01
3.141756213801245173e-02
-1.800485670634642543e-01
2.461547080914999394e-02
1.023858313276959225e-01
-1.378631339377172672e-02
1.994529281513800212e-01
-6.642014940394086464e-02
-3.276937593488223055e-02
3.252121514182285816e-02
-6.377892581907919356e-02
-3.998424579050299105e-02
-1.285348235015766338e-01
-1.261585708505736092e-01
-4.360407269824694287e-01
-2.357146504522354136e-01
0.000000000000000000e+00
8.651613212417986684e-03
1.514172047995336785e-02
-5.933880294216330176e-02
-2.432734204563125335e-01
-4.690547452192030120e-02
1.924539605651824359e-01
-7.751568221161865557e-02
4.033494304065950858e-02
1.181225507215782899e-01
4.061464225336342687e-02
-4.845891524049786292e-01
-5.071709510645384250e-02
-6.341373029324233468e-02
-2.345085744072491207e-01
9.953432318695219425e-03
1.127399332499844226e-01
-8.561932051690564205e-02
2.403473496541555787e-01
-4.138214745119944693e-01
2.141708547115806632e-02
0.000000000000000000e+00
0.000000000000000000e+00
4.394984745685369676e-01
1.368168213464734939e-01
6.077627399996946705e-02
1.386762722021904759e-01
-1.155725769587773732e-01
8.861859961260896978e-02
-6.473807705095736831e-02
7.368045363228016564e-02
2.258755719491393477e-01
1.026247055167135852e-01
9.539462620807421384e-03
-2.001470433727446652e-02
2.264851661376496295e-01
-1.352904717571338788e-01
-4.247801087634733852e-02
0.000000000000000000e+00
2.512958809209393796e-02
1.043249215338332841e-01
2.105772843535202998e-01
9.668553092174200780e-02
-5.727488733627236067e-02
-1.644879567043442126e-01
0.000000000000000000e+00
5.325863460701059891e-03
1.496951339848100471e-01
2.917790523040398459e-02
6.935961686937822113e-02
1.591455459502159886e-02
-1.944267856741387860e-03
-4.960246672260147649e-02
0.000000000000000000e+00
-4.346172411472865038e-02
-1.356056911415576827e-01
0.000000000000000000e+00
-1.454958743334113826e-02
0.000000000000000000e+00
-4.208797149278046823e-01
-2.289756912631308317e-01
-3.516769877236847197e-02
4.487251084048197482e-03
2.474911310397258021e-02
-9.546249672142390064e-03
-1.491271580520333595e-01
5.479665954754199264e-01
-1.116728974458147672e+00
-1.725471766321085704e-02
-2.558320563859750041e-01
-9.834013620721927806e-02
0.000000000000000000e+00
-5.027782645675686612e-02
-3.158732635022248880e-01
-1.236706139199962237e-02
-6.385995289179029200e-02
-1.241242723515384450e-01
1.183620510954253718e-01
-1.750368073398999025e-01
-2.662381629989477583e-01
-1.174864472461685239e-01
-5.468442089193784744e-03
-1.120062441806205129e-02
-2.011448528735498009e-01
7.223191551098565033e-02
-1.465306613830790472e-01
-1.499186994730527731e-02
-9.379486921115116893e-02
0.000000000000000000e+00
-7.940411379216863463e-02
0.000000000000000000e+00
0.000000000000000000e+00
-2.091527331294460168e-01
1.947317593365331667e-01
1.727664440745634022e-01
7.640025909528676273e-02
1.070680059421323105e-01
-1.925207398576753437e-01
1.093513742844973435e-01
0.000000000000000000e+00
-2.506617140819389355e-02
-4.561931955641485188e-03
-6.397375419554002240e-02
1.025118933265394688e-01
6.664369381035598061e-02
-7.430542941515973221e-02
-6.397696169446326353e-02
-3.969746968870807580e-02
-8.054831871858849149e-04
-9.428490088715808792e-02
6.584639665590451274e-02
-7.143461032306538949e-02
-6.490244512984240377e-02
-9.368662511081107813e-02
2.397342075238320311e-02
-5.818120664219603860e-02
-4.028419720194365006e-01
0.000000000000000000e+00
-8.160390593427188644e-02
-2.812420846743508007e-01
0.000000000000000000e+00
3.431776362278256970e-02
-3.875618837255746102e-02
0.000000000000000000e+00
-2.136217855535818000e-01
-9.468682576915807281e-02
1.040427863413027620e-01
0.000000000000000000e+00
-4.379382730156140824e-02
0.000000000000000000e+00
-1.261860620708815661e-01
9.463721744826174287e-02
-1.167661446579078416e-01
4.857345708237554432e-02
-1.540275529480932860e-02
2.865880013677423940e-02
-1.124171812297598272e-01
-9.134779446997318489e-03
1.966432638574769354e-01
-8.409175449692537496e-01
8.882422745392984376e-03
-1.908824720858738611e-01
1.272544893412174694e-01
-4.121180882781383392e-02
-2.071820498676016711e-02
4.434277494064932379e-02
-1.763664674489743012e-01
2.481931113300316627e-01
-5.784740523257381195e-02
-1.240200782892497411e-01
0.000000000000000000e+00
5.150127079765822735e-01
-1.023097074119830481e-02
9.633993636662725735e-02
0.000000000000000000e+00
-5.155455900975169925e-01
-1.353000831087822903e-02
-4.662677289735824016e-02
-7.066827917608511922e-02
-4.716545445581127316e-02
0.000000000000000000e+00
-3.402192081262365303e-02
0.000000000000000000e+00
1.507464185700719272e-01
-5.526102754568952558e-02
-2.154895820431334055e-02
-5.592359691035929670e-01
-1.649810540588785013e-02
0.000000000000000000e+00
-7.571628482552944517e-02
-5.658108251773199399e-02
1.113550991605015000e-01
-4.666703361253590754e-02
-1.173268276659036047e-01
-4.604936654090902581e-01
-1.102415355121894730e-01
1.530092046978956399e-01
0.000000000000000000e+00
8.519252672286919958e-02
0.000000000000000000e+00
0.000000000000000000e+00
0.000000000000000000e+00
-4.242871995414053687e-01
0.000000000000000000e+00
-1.046461728829210930e-01
0.000000000000000000e+00
0.000000000000000000e+00
-2.398415551184714667e-01
3.865817423221064308e-02
3.335322075490549376e-01
7.329752852696731769e-02
-3.163644462846179617e-02
-2.008398010265735611e-02
-1.221967355370640607e-01
-3.892119790119832889e-02
2.808622254674229130e-02
-1.211773588167668336e-01
-3.038657442883970772e-01
-2.820131637634373280e-03
1.501273863495429239e-01
-7.812015211815030724e-02
-3.612015460239061115e-02
0.000000000000000000e+00
3.911623121151645149e-02
1.370127930789782345e-01
-2.369130330508456284e-01
-1.095188216053816221e-01
9.033224529616412646e-02
5.129724557198142576e-02
-1.953455179900533689e-01
6.768076754654869798e-02
0.000000000000000000e+00
-3.027887281486082993e-02
0.000000000000000000e+00
-8.628358432383749499e-03
-7.781267114422496523e-02
-1.751242777351407487e-01
8.725291763851136806e-02
1.667911154464065890e-02
-2.640495374342169757e-03
0.000000000000000000e+00
-6.379139887976244261e-02
0.000000000000000000e+00
1.234159099593568759e-01
-3.166143448914891800e-02
0.000000000000000000e+00
2.667466668587528678e-01
5.648448499185211302e-01
-1.274766751445579049e-01
0.000000000000000000e+00
-5.285920569301925942e-02
2.577993693050408819e-01
-1.741213799398511619e-01
-3.325605854570747640e-03
3.298878251699609299e-02
3.717348808137665994e-02
0.000000000000000000e+00
9.480139231987934345e-02
-6.154950116938275040e-02
4.198496546311149963e-02
-1.238456876670508411e-01
7.542189999664399291e-01
-4.108715138784089366e-02
-2.156027997022290088e-01
3.721263274911663921e-02
0.000000000000000000e+00
-1.212269063198785496e-01
1.069734483674921605e-01
-6.225958454944532927e-02
-1.452341979260227400e-01
8.018870379150416783e-02
3.637854781544971189e-02
-8.027740432998732301e-01
2.407230180012396581e-01
-3.316226150895729696e-01
8.956994542571168616e-02
-1.418465501898543424e-01
1.454571333337596473e-01
0.000000000000000000e+00
-3.241287709455655253e-01
-2.646811714843381180e-01
1.848520060682547206e-02
0.000000000000000000e+00
-3.117721848502212900e-01
-2.809550553039882187e-03
3.367328183742323011e-01
2.313298855473489568e-01
1.596021180288682839e-01
-1.290046370837723555e-01
4.433898137650684932e-04
-1.446074561937469097e-02
-4.537159808168300668e-02
3.005456890713468776e-01
1.524099292528517391e-01
-1.744652057535871492e-01
6.314897397637080079e-02
0.000000000000000000e+00
-5.968037937005180732e-02
-1.423363254771998487e-01
-1.200962247909855051e-03
-2.464092888800491765e-01
-1.126373854982210265e-01
8.955928020727429995e-02
-2.860957001687690626e-01
1.562258435762436948e-01
2.045713845612477655e-02
1.498620671713543628e-01
1.292888771111777753e-02
1.124891040854816004e-01
0.000000000000000000e+00
0.000000000000000000e+00
-1.050291727105027995e-02
1.545961411534526042e-01
-1.927008513316253169e-01
7.997630731545471439e-02
2.346131819531529356e-02
-3.338806870974311836e-02
5.663899001159231061e-02
1.467848346957012842e-02
0.000000000000000000e+00
-4.215310483850800288e-02
1.377542027360596499e-01
-2.213799745526233431e-01
-5.655086290878044014e-02
-4.294490798473492299e-02
0.000000000000000000e+00
0.000000000000000000e+00
-1.019342740203939418e-01
-2.319315530261938096e-02
-5.023220314289152111e-02
-1.670122276422928154e-01
-9.829556644259671364e-04
9.341749114658919051e-02
-1.487369205855423593e-01
-1.054490196030731380e-01
-2.538506157186000700e-01
3.148193299581026339e-01
4.509348567551337006e-02
-8.583351862071143812e-02
-1.153161246545234692e-01
1.493545887474299616e-01
-1.821928092550111067e-01
-3.988741652228976198e-03
-1.663846554171872771e-01
-3.754477141934467466e-01
0.000000000000000000e+00
-7.403927650342183309e-02
0.000000000000000000e+00
4.390670094587382360e-03
0.000000000000000000e+00
6.879249521447851345e-02
2.646188538010530930e-02
0.000000000000000000e+00
-2.346388746359705790e-01
-1.057345676553277519e-01
3.356440012763853842e-01
-4.201673141168054543e-02
0.000000000000000000e+00
-2.350326948201320876e-01
-2.135214404971632479e-02
8.512628403664705690e-02
-1.752090904822452277e-01
-2.544096938433762587e-03
2.105481140953980451e-02
-2.386605940991513852e-02
-1.987279960260872613e-01
-6.689086353295214948e-02
2.862616148392030935e-01
-4.779088773476876384e-02
-1.136909196766850150e-01
-5.717693656960957244e-02
-1.046039367203772108e-01
1.249445805215259990e-02
0.000000000000000000e+00
3.164717033595727536e-01
-5.824652650846420809e-02
-1.463674278046916966e-01
-1.300557604235557385e-01
-1.343059804903710408e-01
-4.398475412386607802e-02
0.000000000000000000e+00
-1.485511737758024864e-01
-2.349775251833514655e-01
-3.882574291440765019e-02
0.000000000000000000e+00
7.805097232577219712e-02
0.000000000000000000e+00
0.000000000000000000e+00
0.000000000000000000e+00
4.341354746120387742e-02
-2.272263429555258230e-01
2.122895189404463631e-02
-7.958958581786097775e-02
-1.605758896725731633e-01
1.328590728763944240e-01
0.000000000000000000e+00
-7.779735683800913237e-02
6.860035550960583151e-02
-1.311499434734299807e-01
-5.512758882632212004e-02
-4.462051851816540779e-03
-7.445026303753751185e-01
1.622733813745513565e-01
0.000000000000000000e+00
-9.545015380420188850e-03
-1.206205551000581327e-01
-9.668367119574190760e-02
0.000000000000000000e+00
-4.782959409513605487e-02
-1.915143422817875904e-02
0.000000000000000000e+00
7.915907969634465580e-02
0.000000000000000000e+00
0.000000000000000000e+00
-4.844112711286321926e-02
-8.302969121341573222e-02
-1.530005650187271637e-01
2.145617295638146405e-01
-5.201672777916150486e-02
-1.996931620236878646e-01
-3.062158185218940010e-01
1.238370322925856776e-01
3.167155192943210684e-02
2.107451224960402991e-01
-4.043871959696940938e-03
0.000000000000000000e+00
4.494788988596263440e-03
-1.629949810760444040e-01
-3.615247372669045389e-01
3.830702543768336743e-01
1.505848461497171636e-02
5.530253764231177899e-02
0.000000000000000000e+00
-1.803724138040019298e-01
3.002417574336560535e-02
1.433933867968507636e-01
6.477868822201341414e-01
6.291650230125834381e-03
0.000000000000000000e+00
1.478034818763074576e-01
1.226872423333347784e-01
0.000000000000000000e+00
0.000000000000000000e+00
0.000000000000000000e+00
-2.609641050426123043e-01
0.000000000000000000e+00
-4.483951472648201597e-01
-7.973922928533331428e-03
6.025152372787348498e-02
6.554436696825836906e-02
-4.166795747928810079e-02
6.946833637420410379e-02
-9.805641210282889375e-02
-1.045009777744367735e-01
0.000000000000000000e+00
1.856366109463697140e-03
-1.654532078402456419e-01
-4.440230002734142645e-03
5.233490106008146375e-02
5.693409117014514714e-02
2.065604166414780340e-01
-2.015702747010977847e-01
-4.835168079569776012e-01
-7.187221242282640365e-02
-1.873948622862890157e-01
1.793161031201401800e-01
-1.753202186481648550e-01
8.113220947639504521e-02
5.842951200161012465e-02
2.535121769689214002e-02
-2.332764067372898598e-01
2.401363894987712142e-04
-5.112083600137116157e-01
-1.302832236723983073e-01
-3.926803980497749202e-02
0.000000000000000000e+00
8.861972300543688452e-02
-9.681040781885671964e-02
-9.286922700622464444e-02
-8.489692488331171405e-02
-8.998376184228011609e-02
-2.901715281144494427e-03
0.000000000000000000e+00
-1.656184264870145251e-01
-1.977366214589927271e-02
-8.103096630294720493e-02
3.585860975785977733e-01
4.489299084688620767e-02
2.929254177676629892e-02
0.000000000000000000e+00
-2.460937105184713702e-01
0.000000000000000000e+00
0.000000000000000000e+00
1.133933614023885650e-01
-2.258668163824564812e-02
0.000000000000000000e+00
-5.603142565410819120e-01
-1.663261705268229418e-01
1.013305182429772022e-01
0.000000000000000000e+00
5.989282427587580560e-02
-3.214625660308090827e-01
0.000000000000000000e+00
-6.708262407655259801e-03
-1.562711863435909398e-01
-8.471158692535375734e-02
-7.444182926746201190e-02
3.225521352429992772e-02
6.633722537383157647e-02
1.884853916806624730e-01
0.000000000000000000e+00
4.937444616225040300e-02
-4.052983638218581736e-02
2.392169440605944677e-02
1.114851181223520601e-02
8.146293044159556851e-02
0.000000000000000000e+00
-9.264909574325944433e-03
-1.540852387564684012e-01
0.000000000000000000e+00
1.753467634740233649e-01
-4.277307672962150226e-02
2.015143349606224044e-01
1.500868647412980650e-01
-5.817879750076245804e-01
1.383881884201573764e-01
3.767922269873857366e-01
0.000000000000000000e+00
4.212019782731158540e-02
0.000000000000000000e+00
2.181355374252271773e-01
-1.889516887428053793e-01
0.000000000000000000e+00
0.000000000000000000e+00
0.000000000000000000e+00
8.574402958527475027e-01
-1.435560865582192758e-01
1.336151287108654495e-01
0.000000000000000000e+00
0.000000000000000000e+00
1.859980580578387555e-01
5.111465626293111575e-02
-2.569646860690618095e-01
-7.774251679069607568e-02
0.000000000000000000e+00
-4.175821436820308791e-02
-1.371430005418910192e-01
5.995832709676875844e-02
-2.265451850704193748e-01
-3.411892419131200005e-01
5.708874472217290857e-02
-1.384325124341756474e-02
-5.879187700622117152e-01
-1.020079220193336328e-01
-6.827989063459531660e-02
-1.984590281491006580e-01
0.000000000000000000e+00
4.045540722960380697e-02
7.759753891300384676e-02
1.370381619407738394e-01
9.410595696407373506e-03
-5.308589549130592750e-02
-2.454540749635821806e-01
0.000000000000000000e+00
-3.687193357897194240e-02
0.000000000000000000e+00
3.067477305852295971e-02
-8.783508870653386480e-02
-8.647944547395269854e-02
-1.696179623056828789e-01
-1.995348977331551643e-01
-4.308361071115567043e-02
1.678485594533622727e-01
0.000000000000000000e+00
3.058588825381789583e-02
5.445094016953399008e-01
2.330621893161477776e-01
-1.889283631934143837e-01
-5.668523107772912434e-02
-2.571087437897850991e-01
0.000000000000000000e+00
-2.201198207121048689e-01
1.227943051303550560e-02
2.075476055202435388e-02
1.776632527965942565e-01
-2.295168004551261798e-01
2.321574072607491060e-02
-5.701651416226415081e-02
-8.926245582220942998e-02
-2.328852263364208086e-01
-1.809343707089049458e-01
-3.020758234839279396e-02
-1.155773321297438733e-01
2.528433761732408747e-01
9.951827454636064108e-02
8.485611316621290146e-02
-1.655971563955364878e-01
6.858056846899346359e-02
-3.087395432491889524e-01
1.469166287227821055e-01
-1.683768587440021280e-01
1.275827300304559209e-01
2.107815496467198985e-02
0.000000000000000000e+00
1.162661507201653011e-01
-1.131451786045566815e-01
8.850043545792787847e-02
-1.196511102534881556e-02
-1.923241471402787894e-01
3.391041637052157887e-01
6.327632779504364924e-02
-3.888525164899903075e-02
3.273374227326557306e-02
2.729483668489989800e-01
-7.603209825607709030e-04
-7.646158762681170076e-03
-3.866771055608703711e-01
-5.437547303488758921e-01
-7.519925157931491022e-02
-2.604911407426624970e-01
0.000000000000000000e+00
-1.379871403823305087e-01
0.000000000000000000e+00
-3.825281051151542544e-02
5.489516792944029028e-02
-1.698437255732527518e-01
1.263577338119463711e-01
-3.550873403354561364e-01
8.497026240226719651e-02
0.000000000000000000e+00
0.000000000000000000e+00
0.000000000000000000e+00
-8.742304057686342555e-02
1.930101778283882796e-01
-5.406630876826136467e-02
-2.239546578894403284e-01
-1.323973919206779606e-02
-1.815678910703553417e-01
-1.999249043850692686e-01
0.000000000000000000e+00
0.000000000000000000e+00
2.133013522367654125e-01
-4.555303843271684555e-02
1.168500964054470202e-02
-1.199133653723086961e-03
-1.696442591455329385e-01
-3.170896925196263483e-02
-2.661760095437613050e-01
-5.791374345208202268e-01
-1.866841363236602103e-01
-2.205067781382085128e-03
-3.024205649260803402e-02
1.078100195275203399e-01
0.000000000000000000e+00
0.000000000000000000e+00
-9.495072630337959840e-02
-2.233793385979818136e-01
-4.313685406896820562e-01
-5.260508490384458585e-02
-7.940661718745902972e-03
0.000000000000000000e+00
0.000000000000000000e+00
7.751688298941931954e-02
-2.299077799201292294e-01
0.000000000000000000e+00
1.726376602490866941e-01
-6.140306895760541672e-02
0.000000000000000000e+00
0.000000000000000000e+00
1.194164886481438731e-01
-1.563834318586156680e-01
-1.314415533963271820e-01
-3.061159582962248438e-01
-1.008327942521655973e-01
7.219746353571875053e-02
-9.969401766621734107e-03
0.000000000000000000e+00
5.504107531960140964e-02
6.322934551969099093e-02
0.000000000000000000e+00
6.863378880925871672e-02
6.882041361425998705e-02
-1.989338186725588264e-01
-2.167971955913196302e-01
-1.818227879221655241e-01
-3.250187676776020163e-01
-5.885388926757956218e-01
-6.669873461538629311e-02
-7.455053040783160556e-02
5.137892823735705494e-02
0.000000000000000000e+00
3.333657880453969047e-02
-2.252131717401639199e-01
-2.616138065486760950e-02
0.000000000000000000e+00
7.542344162065817148e-02
-2.451533963860587917e-01
-7.589190348375070283e-02
-6.134505183340242807e-02
2.109887251472880865e-01
-1.378746169914303321e-01
1.195690427504498554e-01
-8.923288487272011682e-02
0.000000000000000000e+00
-3.063091523350435635e-02
-9.693556275085835061e-02
-4.280502572329707850e-02
1.467453161623134134e-02
-4.027133332274140942e-01
2.552593476159272234e-01
0.000000000000000000e+00
-4.469987104890530555e-02
0.000000000000000000e+00
1.355361758492533986e-01
-8.749341701969985952e-01
1.849799859508154842e+00
1.551192078018588660e-01
1.739716503092369748e-01
-9.117340994986355973e-02
-5.828532015183300781e-03
4.326397085878413984e-02
1.216600116803201737e-01
-1.267624941270932559e-02
2.897923555188452460e-01
0.000000000000000000e+00
-8.520187181001948051e-02
-2.482853180081321942e-01
0.000000000000000000e+00
0.000000000000000000e+00
0.000000000000000000e+00
-2.653307588305392137e-02
-1.569213024370063603e-01
-5.427741708418435534e-02
1.318226161069319391e-01
0.000000000000000000e+00
4.934053617499300493e-01
-1.295336532114682304e-01
1.087102487977823495e-01
0.000000000000000000e+00
1.964835437652835415e-01
-3.556766000174209075e-01
-7.639336645585484975e-01
0.000000000000000000e+00
-1.013651013016140523e-01
-4.286107096145015394e-01
1.538438211829879221e-01
4.431189216108564755e-01
-1.412129894685555942e-01
1.723922615938817404e-01
-1.908787283197803386e-01
6.462766067426192751e-02
-1.841633407146203369e-02
-3.132988787822759136e-01
-6.985949467164692672e-02
1.240158922628434190e+00
-8.266385028774313193e-02
3.702736123958912107e-02
1.626605025283072575e-02
-8.060704255738289359e-02
2.540110386776436302e-01
0.000000000000000000e+00
-1.980640745680884995e-01
4.875945854883151592e-04
-6.449608698774800253e-02
6.422022564248050513e-02
0.000000000000000000e+00
-8.505426947999978823e-03
-7.099535626537238631e-02
0.000000000000000000e+00
0.000000000000000000e+00
-1.231906523492456718e-01
0.000000000000000000e+00
0.000000000000000000e+00
0.000000000000000000e+00
9.385927592482602722e-02
1.519133052572106679e-01
7.659714926607304186e-02
0.000000000000000000e+00
8.989797911064217883e-03
-4.711898339167511218e-02
-1.995239657142361400e-01
1.406972962097845781e-01
-1.450627071639263299e-01
-1.744011007522398848e-01
0.000000000000000000e+00
1.881068565343278209e-01
-4.561994747324328581e-02
3.063959703892744635e-01
-7.122942068475129895e-02
4.065988717462110102e-02
0.000000000000000000e+00
9.844359208808910189e-02
4.292021704245500835e-02
-5.558273482187255088e-02
-2.148672480445668054e-02
3.693504105996190945e-01
-4.318795797241634787e-02
-2.361735947482837203e-02
9.482167849011555183e-02
-8.215853659468939918e-02
0.000000000000000000e+00
0.000000000000000000e+00
-3.454756311346349196e-01
-2.212783644424263785e-01
-8.423247513236702122e-02
0.000000000000000000e+00
-1.547845195036813004e-01
-6.007370282178742249e-02
5.135884075454940495e-02
6.252621674895017523e-02
0.000000000000000000e+00
3.277597939014110229e-01
5.835316697977162015e-01
1.823784777793069078e-01
-1.841874460110886624e-01
-2.730097149061330719e-01
-4.768617041591990263e-02
0.000000000000000000e+00
0.000000000000000000e+00
-4.003493964166387337e-02
2.449193335548124628e-01
2.628179449637038645e-02
2.017393935623343626e-01
9.257140565377890151e-02
-4.091199887683878433e-01
-3.106024450713349427e-01
-7.133893591375652099e-02
0.000000000000000000e+00
8.840418722121909378e-02
7.404586065594129241e-02
-2.204721372817410596e-01
-2.760291578595333584e-01
-1.321231601090025465e-01
-3.946832394646098141e-01
1.824847972550342756e-01
0.000000000000000000e+00
-3.703156120978903093e-02
2.341992248395094803e-02
-3.120291825484649006e-01
-1.247716280793902122e-01
-2.510246937393154076e-01
-2.035184046367845001e-01
-2.338924404432099757e-01
1.912971878777811052e-02
0.000000000000000000e+00
1.171339768531444864e-01
-2.536006713109655863e-01
-3.045509628781867262e-01
5.146354202490347092e-03
7.068163810565927241e-01
-1.208636340507330403e-01
-3.650925773978809241e-01
6.731908400649222468e-02
-1.626065289094180133e-01
-6.043618867310365794e-02
-2.598884931266502440e-01
1.976872034180722215e-01
-1.332201000955619552e-01
2.651414100898567654e-03
-4.567013983294814644e-02
-2.590730339951970440e-01
-1.219368747967027738e-01
0.000000000000000000e+00
1.670326560156409346e-01
-1.342902948662273444e-01
-4.418795205883869343e-02
8.018232968451984022e-02
0.000000000000000000e+00
8.884956393439320463e-03
0.000000000000000000e+00
-2.002188934994993952e-01
-1.291661709558210303e-01
-4.391486050863559198e-02
-2.293851215669260868e-01
0.000000000000000000e+00
1.050770241649829906e-01
-2.083932727668887097e-01
-2.902334958896753414e-01
-1.385713412837701053e-01
-1.668308579310577855e-01
-1.984408751789273895e-01
-2.126433461309925818e-02
0.000000000000000000e+00
-8.745294570221952279e-02
1.513009715456591769e-02
-4.173655135731520194e-02
0.000000000000000000e+00
-5.236075575092343642e-02
-1.555951607542016002e-01
0.000000000000000000e+00
3.239940570083520849e-02
-1.719974549934041586e-01
-2.008200457213793477e-01
0.000000000000000000e+00
2.152547310429205885e-01
1.084596277972600144e-02
-4.230435912285416405e-02
-2.373977636544207792e-01
5.706067294778028876e-01
-2.734609271846243431e-02
-5.472361570647318318e-01
-4.638715777834551829e-02
8.753468208530235106e-02
0.000000000000000000e+00
-1.464136057488417131e-01
2.192907595593508174e-01
0.000000000000000000e+00
-1.311842466816757757e-01
9.399465736002900196e-02
-6.455245645233001484e-02
-3.008964535175615018e-01
-2.257032704314083579e-03
0.000000000000000000e+00
-2.380470604377368793e-01
-1.392567599786044552e-01
-1.237321255016080035e-01
-8.203936388451495143e-02
0.000000000000000000e+00
0.000000000000000000e+00
-2.491239423478096848e-01
4.584415247672765648e-01
0.000000000000000000e+00
0.000000000000000000e+00
0.000000000000000000e+00
-2.210352529674211586e-01
-6.299144797439558408e-03
0.000000000000000000e+00
0.000000000000000000e+00
0.000000000000000000e+00
-7.978802030102098708e-02
-1.738626408005733981e-01
0.000000000000000000e+00
-7.010851276467458537e-02
-1.280903206453552212e-01
-3.523550404748795883e-02
-1.521233796217180412e-01
0.000000000000000000e+00
-2.893973500440988767e-03
-3.568421145561614383e-01
-1.218935520808310871e-02
-2.765137926723261197e-01
1.012061314862292782e+00
-3.296273372820289205e-01
-2.963560487308545821e-01
-1.351874736150660561e-01
5.906910050876675727e-03
-1.797533970265309256e-01
-1.353770545004904791e-01
1.465525067610152221e-01
-1.655199203083881562e-02
-3.270953316949485878e-01
-4.077644958530520780e-01
-1.759430436693925071e-01
0.000000000000000000e+00
1.245675891318124701e-01
-9.263664232282986521e-02
-1.199378954647812301e-01
0.000000000000000000e+00
-1.812969931389220857e-01
-5.954298131188629634e-02
2.049693008838900966e-03
-2.127161323205674914e-01
1.676215953278109849e-01
-4.485840189254450272e-02
-5.232021055060125103e-02
0.000000000000000000e+00
0.000000000000000000e+00
0.000000000000000000e+00
1.372422780139047338e-01
-1.506226093249533882e-01
-2.428030498840458851e-01
-1.757608767670272576e-01
1.120102043150871252e-01
-2.346194096754624370e-01
-4.793722399740923956e-02
0.000000000000000000e+00
-1.703563396264042018e-01
1.514586348605760809e-02
0.000000000000000000e+00
6.885978655189023412e-02
-6.030625308395771988e-02
-3.254117487777779538e-01
-1.375324262877493375e-01
2.905645187048692679e-01
0.000000000000000000e+00
0.000000000000000000e+00
-2.073716129130493135e-01
3.621050882486600009e-01
0.000000000000000000e+00
1.547880148720703897e-01
5.304571203025933157e-02
5.607106564695010231e-01
-3.504755160917724655e-01
3.173478272489762553e-01
0.000000000000000000e+00
-4.996244756310163487e-02
-7.520098719494222594e-02
-7.376417281902437895e-02
-2.428122372549685881e-01
-3.648294979569067786e-01
-3.216823844862546841e-03
2.486100523410809116e-01
-3.885311914707410552e-01
-1.611329463085715286e-01
-2.865873856732686353e-01
2.335581310403799307e-02
0.000000000000000000e+00
-1.817691041727905465e-01
-7.851172788474478428e-03
-4.145557307764980992e-01
2.046000812879762432e-01
-6.393082024151972020e-02
0.000000000000000000e+00
-6.118834725902361910e-02
0.000000000000000000e+00
1.205142878441363280e-01
-3.572797321870244819e-02
-1.959973594502717464e-01
-1.509264618340813990e-01
0.000000000000000000e+00
-1.010192882592443608e-01
-2.166411682190571841e-01
5.820580602279746413e-02
-2.186432173117890398e-01
0.000000000000000000e+00
-7.159613693181055005e-02
0.000000000000000000e+00
-2.955128883985796429e-01
-9.061612285144442919e-03
-3.759396187021829538e-02
1.856870471121783994e-02
-7.691441048713014428e-02
0.000000000000000000e+00
-5.460385176954309777e-02
-5.052890422924051217e-01
-8.850378553900532796e-02
-1.419365514530287753e-01
1.060419616202714493e-01
-9.780899842256196575e-02
3.628465646692480978e-02
-6.996115765185799418e-02
-6.868956934186164209e-02
8.878891072161720910e-02
2.540044508688832914e-01
-3.261598804393680551e-01
2.527287793041757546e-01
-3.798899848943818047e-02
0.000000000000000000e+00
2.537336973433453394e-02
-5.143671314983486176e-03
-9.988337383640363831e-02
-2.474429317745246437e-01
-1.297110486062042212e-01
-1.758411809802735981e-01
-2.590381462440061733e-01
1.306900616529510784e-01
-1.182016309057387637e-02
1.947684795130734114e-01
-1.040460928585894007e-01
-2.847360520638036463e-01
-7.775192722394978773e-02
0.000000000000000000e+00
-8.194010235423580812e-02
3.078769179352927599e-02
1.927003562777842016e-01
4.351502853000904086e-02
0.000000000000000000e+00
6.547531877264304266e-03
-1.592749223651104828e-01
-1.435305574443736520e-01
-1.624465663791577197e-02
0.000000000000000000e+00
0.000000000000000000e+00
0.000000000000000000e+00
-3.726234150083576058e-01
3.996781764903577505e-01
2.889817573477348467e-01
7.631236539765519356e-02
-4.909751391762360445e-02
1.063910139635376034e-01
-2.531108867619641933e-01
-8.641871076706117427e-02
-4.959222622514246059e-01
1.754555753325510725e-01
-1.210547135385049294e-01
2.971030937248432813e-01
0.000000000000000000e+00
0.000000000000000000e+00
3.903806347040929547e-01
-9.030158177686134491e-02
-9.706329784343079026e-02
-3.284498197945154296e-01
1.918258290500762242e-01
0.000000000000000000e+00
-2.464678998051386422e-03
-3.331139440906429328e-01
1.646525747770164610e-02
-2.414495323579241848e-01
4.698237312151674200e-02
0.000000000000000000e+00
-3.105625354037355734e-01
-2.816786126913756738e-01
0.000000000000000000e+00
-6.329276989772412987e-02
-1.782924902044284998e-01
-1.558581797258836582e-02
-7.010751534053678846e-02
-9.559178490465239375e-02
-1.305125454901030768e-01
-1.908004730971734342e-01
9.805360754806206891e-02
-1.272827729261748197e-01
0.000000000000000000e+00
-1.149586810791406177e-01
-1.072803870853488023e-01
1.181935933995076488e-01
4.950195404168398206e-01
6.254051957589833177e-02
-1.321283728730885121e-01
-1.565757539873338100e-01
1.081605011047485909e-01
-1.267190058932469721e-01
-1.482883536471164831e-01
-5.391623746043477938e-01
-2.604612413636704926e-01
4.641632611774576533e-01
0.000000000000000000e+00
-9.993176986132157325e-02
2.305354715300067248e-01
0.000000000000000000e+00
0.000000000000000000e+00
2.466750963703274180e-01
2.888667968664722085e-01
1.759700754780073040e-01
1.947230994229138257e-01
-4.146933734473459143e-01
1.640897614418473482e+00
5.886386901430139262e-03
-2.620135746866167348e-01
-1.175512946648448881e-01
0.000000000000000000e+00
2.195333578662337359e-01
-2.299244249291889641e-01
-3.693168920709719028e-02
4.926885120744771418e-02
-1.773917340851910787e-02
-2.441868566488646919e-01
-6.868065955419529189e-02
0.000000000000000000e+00
0.000000000000000000e+00
-1.329728602986565700e-01
-2.239714706370153283e-02
-1.971159222997636851e-01
-4.660424713875441216e-02
-2.638716679063096704e-02
4.644493871066252694e-02
-1.770225170622198585e-01
-1.317111512946030349e-01
2.122352792733581128e-03
-8.374391084805459873e-04
0.000000000000000000e+00
0.000000000000000000e+00
0.000000000000000000e+00
0.000000000000000000e+00
-1.200973262640373657e-01
-1.170869401090896406e-01
0.000000000000000000e+00
-8.327024432882834670e-02
2.873775539362107834e-01
2.368519943817044837e-01
1.180697931531532602e-01
-3.277458208100149650e-01
1.014516561004336070e-01
-1.572694176694856283e-01
-3.060696064648681380e-01
3.202957780115814890e-01
-1.316975264729433048e-01
-6.994514696421050282e-02
1.327590201667220304e-01
0.000000000000000000e+00
-5.986584829846104683e-02
0.000000000000000000e+00
-9.358536377213720614e-02
-1.926671541219269947e-03
-3.060135513917944805e-01
5.946841413633028456e-02
-3.497652737937404638e-02
-1.294927584575359114e-01
-7.358304868509488172e-02
6.851630889808095481e-02
-9.446875662851285382e-02
-1.035324461485301606e-01
-5.982797360456247604e-02
0.000000000000000000e+00
0.000000000000000000e+00
-2.637254216799059248e-02
0.000000000000000000e+00
4.198873128233979526e-03
1.729867186601792839e-01
-2.659932968814379683e-01
-1.601458760607218368e-01
0.000000000000000000e+00
-4.837728616165069134e-02
0.000000000000000000e+00
-2.351679010181742802e-01
-1.225739017497936012e-01
0.000000000000000000e+00
0.000000000000000000e+00
0.000000000000000000e+00
-3.232073393948143858e-01
-1.688474061806223836e-01
0.000000000000000000e+00
-4.983707484966658219e-02
0.000000000000000000e+00
1.035697901131986953e-01
-1.828840356106209153e-01
0.000000000000000000e+00
-1.617892043780484457e-01
-6.997128078355408128e-03
0.000000000000000000e+00
4.827588327759947499e-03
-3.548732954243948023e-02
5.573554055104118499e-02
-8.285255253018848978e-03
8.540342408335702129e-02
0.000000000000000000e+00
7.787784222663182016e-03
-4.069085484037542333e-01
3.614024034373810035e-01
-3.831741507898668297e-01
0.000000000000000000e+00
-7.141922651288546975e-01
2.525644726932456119e-01
-4.285809590984430983e-02
-1.275073578455153678e-01
-4.526479524251875164e-02
0.000000000000000000e+00
0.000000000000000000e+00
0.000000000000000000e+00
-2.862067356634049320e-01
0.000000000000000000e+00
0.000000000000000000e+00
-5.243404066331717323e-02
0.000000000000000000e+00
0.000000000000000000e+00
3.224705816122593882e-01
2.190407891757880643e-01
6.828749830522559683e-02
-1.961911894474223650e-01
-1.406909771588894520e-01
4.726590081837700463e-02
-1.993724984011651935e-01
0.000000000000000000e+00
0.000000000000000000e+00
-3.014528678674106149e-02
0.000000000000000000e+00
-1.040906561832438681e-02
-2.350020710431147686e-01
1.985440731013069227e-01
0.000000000000000000e+00
-5.272284279372460580e-02
6.156825757790131831e-02
-3.845002682390025184e-01
-4.016170665875382767e-02
0.000000000000000000e+00
0.000000000000000000e+00
0.000000000000000000e+00
0.000000000000000000e+00
0.000000000000000000e+00
9.007334991426622917e-02
-3.439121912611817766e-01
4.859785669548582522e-03
0.000000000000000000e+00
0.000000000000000000e+00
0.000000000000000000e+00
0.000000000000000000e+00
0.000000000000000000e+00
-6.985452001095064645e-02
-4.341494510767220927e-01
0.000000000000000000e+00
0.000000000000000000e+00
0.000000000000000000e+00
0.000000000000000000e+00
1.554749796661070715e-01
0.000000000000000000e+00
0.000000000000000000e+00
4.706265444261077679e-02
1.353066992313576300e-01
2.998480806978608970e-01
0.000000000000000000e+00
-1.658086448717847536e-02
0.000000000000000000e+00
-5.958286165375294846e-02
-8.953137334608345099e-02
1.603882019972142914e-01
1.676063513319596243e+00
-6.339957284893740774e-02
2.679699791712085721e-01
-4.825324906344458653e-01
2.012801053756047842e-01
2.385407856752784148e-02
4.430890900014513266e-03
1.751488712149099417e-02
-3.429549498249225281e-01
8.799748505562203504e-02
-2.243441263448437209e-03
8.725704091529440376e-02
1.352390914465453065e-01
-1.134375391473204930e-01
-4.968243914264035971e-02
-8.021374929870979387e-02
0.000000000000000000e+00
0.000000000000000000e+00
0.000000000000000000e+00
7.292050574899694437e-02
-8.767538597227138297e-02
-4.711495024344694582e-02
1.500875693138291334e-01
0.000000000000000000e+00
8.968730396228749568e-02
-2.184698132780002466e-01
-1.596636651106056459e-01
-7.183230968707398079e-01
-2.866619397233280964e-01
1.848176308840468740e-01
0.000000000000000000e+00
1.038327210669573036e-01
-4.153796905695271713e-01
-2.390713006047776590e-01
-1.650819832785366606e-02
5.411314488243019333e-02
0.000000000000000000e+00
-4.157820534003264235e-01
-6.172205538014831350e-02
0.000000000000000000e+00
-7.476728894797750602e-01
-4.399787351549970527e-02
0.000000000000000000e+00
-2.922180297709702779e-01
0.000000000000000000e+00
0.000000000000000000e+00
0.000000000000000000e+00
0.000000000000000000e+00
0.000000000000000000e+00
3.641818895756163132e-01
-3.488591399934786730e-01
0.000000000000000000e+00
-5.736596125984477074e-02
-3.581665222478274679e-01
1.971654673841771732e-02
-1.468095104025938374e-02
3.976932921904257068e-01
0.000000000000000000e+00
4.481912612995254952e-02
0.000000000000000000e+00
2.627698170157622415e-01
0.000000000000000000e+00
-2.842178976034478444e-01
-5.601819234734716213e-01
-1.534477448934089792e-02
-2.270873510509665016e-01
-1.280233306977234531e-01
0.000000000000000000e+00
0.000000000000000000e+00
3.137696461581874208e-01
2.995028444404730927e-01
-1.666575964211494953e-01
4.467186198666083657e-02
-1.397053791143593737e-01
1.871275826837985323e-01
0.000000000000000000e+00
0.000000000000000000e+00
-2.753994910279348313e-02
0.000000000000000000e+00
-1.023744528414815419e-01
0.000000000000000000e+00
-9.157843252845261628e-02
0.000000000000000000e+00
3.081693710127082486e-01
4.021110630535561503e-01
1.478090065981423340e-01
-6.702239470795376408e-02
0.000000000000000000e+00
8.770671360154974616e-02
3.289037591498400470e-02
-3.727716107650998478e-01
0.000000000000000000e+00
1.347544165586198328e-01
-7.964142073971386404e-02
0.000000000000000000e+00
-1.890789843342484677e-01
0.000000000000000000e+00
1.529787902347146122e-02
4.684004610004134372e-01
-2.189106331640044978e-01
-2.019883964872898896e-01
0.000000000000000000e+00
-7.380252651282975807e-02
0.000000000000000000e+00
-9.855725451491906264e-02
5.047678406511204585e-01
4.774929726498070015e-01
0.000000000000000000e+00
0.000000000000000000e+00
0.000000000000000000e+00
-2.676521829025395594e-01
1.749905001057027731e-01
0.000000000000000000e+00
-3.567737749423064986e-01
0.000000000000000000e+00
-3.139428175532040233e-01
-1.515163465058090853e-01
0.000000000000000000e+00
0.000000000000000000e+00
-5.062022974850242940e-02
0.000000000000000000e+00
-2.238033300799308414e-02
1.334345860629794767e-01
0.000000000000000000e+00
0.000000000000000000e+00
-2.297503375769106015e-01
-3.169984294777784123e-02
0.000000000000000000e+00
0.000000000000000000e+00
-2.967857334756837107e-01
-7.812605918223453072e-02
-5.991404025949665924e-01
-3.781072673962515007e-01
-1.185756240829967390e-02
-3.192104460249674952e-02
-9.814260439916577816e-02
0.000000000000000000e+00
-4.775325373422966702e-01
3.245933303918214358e-02
-1.580112349097983204e-01
0.000000000000000000e+00
-2.638419481144790857e-01
-1.829177831417280464e-01
0.000000000000000000e+00
1.986299454882422544e-01
0.000000000000000000e+00
3.045113197037094821e-01
-1.158410660737533016e-01
-3.481573240256667368e-01
7.558233470109768648e-01
-1.328530742181079916e-01
0.000000000000000000e+00
0.000000000000000000e+00
1.654192060309135626e-01
0.000000000000000000e+00
-3.575179883493121991e-01
2.456150668952787886e-01
4.399512281444384887e-01
0.000000000000000000e+00
-6.529955822866295723e-02
-2.367953628671912725e-01
-9.398795080500951804e-02
0.000000000000000000e+00
-4.493371300158915949e-02
1.921619226771233147e-01
1.632418706512712425e-01
-2.916441692843815270e-01
-1.080332390857781898e-02
-2.406322850996915619e-01
2.387581915576058311e-01
0.000000000000000000e+00
-8.963905366071847625e-02
0.000000000000000000e+00
4.190716000086065762e-02
-1.966685176185203332e-01
2.882268413295998796e-02
9.140005502102704904e-02
-4.409220265430357499e-01
0.000000000000000000e+00
1.692869958767157235e-01
0.000000000000000000e+00
-9.218268562036571190e-01
8.963198977589778571e-02
-8.400971971158352480e-02
2.727393907885757723e-03
-2.584204243106637267e-02
1.440058435562073247e-01
-1.131406491215295324e-01
-3.284321811414804837e-01
-5.165582726701000577e-02
1.361748048926214871e-01
0.000000000000000000e+00
1.087230401136154295e-02
6.075344066499559215e-03
1.677063421341766156e-02
4.588093663654178866e-02
0.000000000000000000e+00
4.382671262593820088e-02
-5.810363996854056579e-01
0.000000000000000000e+00
-4.894538014684227806e-02
1.000965534438211235e-01
-4.198667658108450745e-02
-7.868204246194555884e-02
-5.612070565891588703e-02
0.000000000000000000e+00
0.000000000000000000e+00
-7.783756438157535609e-03
0.000000000000000000e+00
-8.306779692736941667e-02
-1.402382245577997177e-01
0.000000000000000000e+00
0.000000000000000000e+00
0.000000000000000000e+00
-5.310530662877046421e-02
0.000000000000000000e+00
0.000000000000000000e+00
0.000000000000000000e+00
-5.318641146756985377e-02
-3.420276177014835994e-01
0.000000000000000000e+00
-1.764745068933694927e-01
2.885508438210484528e-01
1.069121198106305799e-02
-3.933219981357370942e-01
-8.982946987013205875e-02
1.607156527878252639e-01
2.205660775595843504e-01
0.000000000000000000e+00
7.885109541763309082e-02
0.000000000000000000e+00
-1.298490436308934459e-01
1.886879310514948116e-02
-2.779971756560144502e-01
0.000000000000000000e+00
9.763634126862028029e-02
-1.017271559484407006e-01
1.252985739324032344e-01
0.000000000000000000e+00
-3.885917444350312500e-01
3.672773938337652311e-01
0.000000000000000000e+00
8.270420397489245193e-03
1.332664938590833459e-01
-2.420944894106846490e-01
0.000000000000000000e+00
4.515134752967026044e-01
2.932417759223467368e-01
-4.599646414260352145e-01
-4.022928059340207807e-01
-2.462249605207082193e-01
2.963007160574316831e-02
-1.986891029048971913e-01
-8.114239273029909272e-02
-3.820375877710379120e-01
-6.141700043501659156e-02
0.000000000000000000e+00
-2.575307942489768465e-02
-1.661850539509402980e-01
0.000000000000000000e+00
9.351774642562032946e-02
-2.478090294989562514e-01
0.000000000000000000e+00
1.239662690031529957e+00
0.000000000000000000e+00
-4.162672990470785150e-02
-9.211519759043063083e-02
1.488099801065618719e-02
-5.402370718099699376e-01
0.000000000000000000e+00
0.000000000000000000e+00
0.000000000000000000e+00
-3.832551689688221130e-01
6.027547713101252119e-02
3.573049200410957811e-03
0.000000000000000000e+00
-9.499282828512422006e-01
0.000000000000000000e+00
0.000000000000000000e+00
-5.627454157566735143e-02
0.000000000000000000e+00
0.000000000000000000e+00
0.000000000000000000e+00
-1.675111749859597710e-01
-5.699846416504045915e-02
-1.270299767369598709e-01
4.678672795610801516e-01
-1.397761092167933428e-01
7.881937091785679028e-02
0.000000000000000000e+00
-1.149618713416750010e-01
9.104458119377124847e-02
0.000000000000000000e+00
-2.562747817496706382e-02
-3.093765617740155127e-01
-3.337989974819571132e-02
-7.645762939974005967e-02
-3.281172446943667609e-01
0.000000000000000000e+00
2.130456992566908958e-01
0.000000000000000000e+00
-2.193573320397459725e-01
1.091316044560311366e-01
6.953959006140468524e-02
9.707048246480863563e-02
5.100683853078118446e-01
0.000000000000000000e+00
0.000000000000000000e+00
0.000000000000000000e+00
-5.763474891495988517e-02
-2.979061096884728088e-01
1.362588293119154463e-02
-1.475549056769567546e-01
8.926506097560489572e-02
1.348404355081931072e-01
3.488229558684753373e-01
-3.064167596216027523e-01
-7.462432446096156288e-03
-1.700020240379436776e-01
-2.743575808049721343e-01
-1.807525907433484846e-01
0.000000000000000000e+00
6.930643573784789346e-02
-1.598554029825588751e-01
-6.332141495042649393e-02
1.085560309937091267e-01
4.444803669840171612e-01
-1.262712213675256656e-01
0.000000000000000000e+00
-4.815286612606046513e-04
-1.294591267481711994e-01
-2.978092337576741799e-02
2.969396025513004744e-01
0.000000000000000000e+00
1.275341649718879644e-01
0.000000000000000000e+00
1.619847345413502060e-01
-1.112298662369121394e-01
0.000000000000000000e+00
0.000000000000000000e+00
1.057724797524304261e-01
-4.734830164176312417e-01
3.378208223193011617e-01
-3.324230585821401438e-03
0.000000000000000000e+00
-6.645473898150636161e-03
0.000000000000000000e+00
3.098854083850289265e-01
-5.982923409538771359e-02
9.316586663791869005e-02
0.000000000000000000e+00
1.448234803304432501e-02
-7.267030951569573849e-02
0.000000000000000000e+00
-2.490455779795945623e-01
-9.481548813464793501e-02
2.184811209895962392e-01
-3.793169700181756587e-01
-7.807706432727423707e-02
6.822489658214996033e-02
0.000000000000000000e+00
1.713015721029683899e-02
0.000000000000000000e+00
0.000000000000000000e+00
0.000000000000000000e+00
-3.110298500124754062e-01
-7.058150530263769540e-02
0.000000000000000000e+00
-3.446948981071125684e-01
0.000000000000000000e+00
0.000000000000000000e+00
3.499241293155117560e-01
-4.031849143273830843e-02
1.815597486746773903e-01
-1.844310523987868766e-02
4.156174002350199737e-01
0.000000000000000000e+00
0.000000000000000000e+00
0.000000000000000000e+00
-6.089585511865121259e-03
0.000000000000000000e+00
0.000000000000000000e+00
0.000000000000000000e+00
-3.860473285094674356e-01
-3.086451243932631927e-01
-3.303983591987390556e-01
0.000000000000000000e+00
0.000000000000000000e+00
8.850409209838204158e-03
-2.749656387852201372e-02
0.000000000000000000e+00
0.000000000000000000e+00
0.000000000000000000e+00
-3.672453193848700392e-01
-1.230722515498969605e+00
7.650358050760966422e-02
0.000000000000000000e+00
0.000000000000000000e+00
0.000000000000000000e+00
9.139092648834374819e-03
0.000000000000000000e+00
-9.472961465543763837e-02
-1.649882039586692273e-01
2.557533906402416624e-01
-5.619695319600432476e-02
0.000000000000000000e+00
-2.234191579862310206e-01
1.945067561543621301e-02
0.000000000000000000e+00
0.000000000000000000e+00
-1.030072515050059756e-01
0.000000000000000000e+00
-6.453320968949717573e-02
-1.797793315263475633e-01
-8.749095229920987593e-02
0.000000000000000000e+00
7.699371387093905117e-01
6.247755721784829103e-02
-3.686655166070723633e-01
5.675401782309939802e-02
-4.580837768831232393e-01
-1.570658702323465827e-01
7.524305302333512968e-02
3.286604692582575926e-01
6.203415608288824490e-02
-1.067397313716346163e+00
0.000000000000000000e+00
-1.204760592963564636e-01
0.000000000000000000e+00
-1.090906257608631686e-03
2.740593111003208904e-01
0.000000000000000000e+00
0.000000000000000000e+00
0.000000000000000000e+00
2.016536084100834653e-02
-1.012114191956827863e-01
0.000000000000000000e+00
-1.279996649898793859e-01
1.300812937543173731e-01
-4.138808703238360670e-03
-4.565684873299175051e-02
-4.903070695953796326e-02
0.000000000000000000e+00
0.000000000000000000e+00
1.120390615677255980e-01
-2.386018221111591564e-01
-1.498741790364863935e-01
2.497127224813581736e-01
0.000000000000000000e+00
0.000000000000000000e+00
-2.767285846562909102e-01
7.465758625421473060e-02
-1.159965646027604075e-01
2.763827927340469226e-01
-3.278980286183148518e-01
-5.611452499594149490e-01
2.627257756844716408e-01
1.919636102315933901e-01
-4.992544052957345602e-02
0.000000000000000000e+00
-6.505610813548953208e-01
2.083791682956923630e-01
0.000000000000000000e+00
2.571554102689264099e-01
1.330876345699065488e-01
0.000000000000000000e+00
0.000000000000000000e+00
-2.926574630822741455e-02
-2.771470246982760677e-01
0.000000000000000000e+00
-4.576290311565536784e-01
-2.134841596907501027e-01
-1.569703377002963640e-01
1.600869543238188086e-01
-1.072067268014372937e-01
1.553983271680844380e-01
6.007335580960282417e-02
-6.493047654063284213e-01
4.790759090122428260e-02
-5.454765205470008503e-03
4.504818536507695925e-02
0.000000000000000000e+00
0.000000000000000000e+00
0.000000000000000000e+00
-1.316779473535435174e-01
-4.671289164089124230e-02
9.849131986379988657e-02
0.000000000000000000e+00
0.000000000000000000e+00
-4.480705557480781365e-01
-1.380170232114752982e-01
-1.549739383945963611e-01
2.363724281657426651e-01
-1.109234777182581816e-01
1.567712780345507650e-01
-2.123723817041522632e-01
-1.471832111375059315e-01
5.753351437152122959e-03
0.000000000000000000e+00
0.000000000000000000e+00
3.184722557951932820e-01
0.000000000000000000e+00
0.000000000000000000e+00
0.000000000000000000e+00
0.000000000000000000e+00
-3.772963071831230697e-01
2.948335335010139890e-01
8.355418721322675768e-02
0.000000000000000000e+00
0.000000000000000000e+00
4.832143797844094119e-02
1.686671771878849035e-01
0.000000000000000000e+00
-1.000233872690038800e-01
-2.818117010413929702e-01
-3.700794365731202573e-02
-3.332682995603946097e-01
-1.820749251824701764e-01
0.000000000000000000e+00
-3.380486200716901757e-01
-3.540447325049879412e-02
1.031670188311735181e-01
4.983244235535468358e-01
6.333929392346515815e-03
-3.062137187177965680e-01
-1.396697772429372070e-02
0.000000000000000000e+00
8.039420702055162515e-02
9.225474948526701802e-02
-1.693180665254629680e-01
1.578919440337078206e-01
-2.499341815852063331e-01
0.000000000000000000e+00
0.000000000000000000e+00
3.819150067086156120e-01
0.000000000000000000e+00
-2.768325074459870427e-03
1.061570208217519212e-01
-5.457885139775808803e-02
-3.862096921516031678e-01
-1.240318886044958560e-02
-4.496168138980108364e-02
6.724569912752206835e-02
-6.129025764657921455e-02
-2.656540874980106715e-01
-1.523026895609469467e-01
-5.342719962118397392e-01
-1.831751883067704034e-01
-6.490258763870819791e-01
5.555315055241730193e-02
0.000000000000000000e+00
-6.928886798805790337e-02
0.000000000000000000e+00
1.620017506245498007e-01
0.000000000000000000e+00
-7.869963081625055978e-02
-4.071080441130721095e-01
9.086175168023233328e-02
-3.033403582494294537e-01
-1.183438385167713547e-01
0.000000000000000000e+00
0.000000000000000000e+00
-2.188765134329785922e-01
-6.030962281526613955e-01
-7.463105622245651272e-02
-1.189090277328240242e-01
0.000000000000000000e+00
-1.116037351071891420e-01
1.393139850616107178e-01
0.000000000000000000e+00
-1.205183538694222511e-01
-1.222528295914060981e-01
0.000000000000000000e+00
5.098837748065847275e-02
-2.514992212880541311e-01
-6.168870471232443253e-02
-2.430140679768100498e-01
2.549582872663772037e-01
-2.258903828212786291e-01
0.000000000000000000e+00
2.753767393798689511e-01
0.000000000000000000e+00
0.000000000000000000e+00
1.719130320567758552e-01
0.000000000000000000e+00
-7.564997608363359383e-02
-3.639401258607244949e-01
-1.590138458555114334e-02
-2.566041854808160938e-01
0.000000000000000000e+00
1.231944426982088725e+00
-8.990218211443787300e-02
-2.345620995548562404e-01
-2.638348984250067364e-01
-1.857102048389320248e-01
0.000000000000000000e+00
-1.405378389584265864e-01
0.000000000000000000e+00
7.642773322466483998e-01
-1.202415105599096978e-01
6.652441499818736136e-03
0.000000000000000000e+00
1.070656154892974665e-01
0.000000000000000000e+00
-2.127473442949334714e-01
1.076493278484630528e-01
-4.851725681835259429e-01
-4.769572449875743025e-01
-1.103948646793134619e-01
0.000000000000000000e+00
0.000000000000000000e+00
-1.187226713625236805e-03
-1.448978264301473973e-01
-2.070604109038922946e-01
-3.101886225451916945e-01
0.000000000000000000e+00
2.677454808508104508e-02
-1.599057159490930745e-03
-2.834265504390461876e-01
-1.406237076360334348e-01
-3.594182060691754055e-01
-3.621739209757766087e-01
0.000000000000000000e+00
8.216076582887001101e-02
-2.015171083710292355e-01
-1.378845061688643292e-01
0.000000000000000000e+00
0.000000000000000000e+00
-1.868864901240327447e-01
0.000000000000000000e+00
-1.752097316596166465e-01
0.000000000000000000e+00
-5.661820010595067232e-02
0.000000000000000000e+00
0.000000000000000000e+00
0.000000000000000000e+00
0.000000000000000000e+00
0.000000000000000000e+00
-6.194347381756171861e-02
-2.915446554797948564e-01
4.228090080842079601e-01
-2.106332298733935016e-01
0.000000000000000000e+00
1.877827840990409503e-01
-2.844207300289827711e-02
-3.239149748647238147e-01
-4.682545008139436110e-02
0.000000000000000000e+00
0.000000000000000000e+00
0.000000000000000000e+00
-6.283230021692005896e-02
-3.497340978887212848e-01
-3.092321903430663155e-01
-2.568156136087897390e-01
2.717582948551471866e-01
-2.454882363805774570e-01
0.000000000000000000e+00
-3.235477262745183324e-01
-3.217458051865118018e-01
0.000000000000000000e+00
0.000000000000000000e+00
-2.756294081006093188e-01
-5.597201291045981186e-01
0.000000000000000000e+00
7.339787384238329049e-02
-3.524265542927430550e-01
-1.205267806890380003e-02
-1.568647586922366222e-01
0.000000000000000000e+00
0.000000000000000000e+00
-2.242678959882682677e-01
-5.073532097039819971e-02
-2.646083111405479471e-01
-1.489930940426721917e-01
-8.793724556291638850e-01
4.624878053418917112e-01
1.317099984719225306e-02
-2.259432548317670264e-01
2.343827380944628891e-01
-2.527099029243356498e-01
0.000000000000000000e+00
3.372830447786365898e-02
0.000000000000000000e+00
1.255453631859188568e-01
0.000000000000000000e+00
-4.342498630096842949e-02
-2.757600730607320250e-01
-1.839867077618764224e-01
-4.907236606648453514e-01
2.314171498444885997e-02
0.000000000000000000e+00
-1.995301507621972392e-01
1.517731962613877959e-02
-4.835126057675205868e-01
-4.458282235543346156e-02
-3.556566521082233368e-01
1.077377729861947048e-01
-3.781245597313280249e-01
-4.351480977070624340e-02
7.312503702983352838e-02
0.000000000000000000e+00
1.072194664404507447e-01
0.000000000000000000e+00
0.000000000000000000e+00
2.739106302850724539e-01
0.000000000000000000e+00
-7.491456308066764269e-02
-7.727001564245151999e-02
-2.197608269650296597e-01
5.859098489800559223e-02
1.190305315463283803e-01
0.000000000000000000e+00
-7.238323990663499130e-02
-2.301077655612162459e-02
6.204792662725214236e-02
1.706587495210097616e-01
0.000000000000000000e+00
6.744045666145671858e-02
-2.448083549084027061e-02
-9.304227336412339289e-02
-7.664098481655788608e-02
-1.506213638948469269e-01
0.000000000000000000e+00
-2.636274407458681912e-01
-1.691281701660027059e-01
0.000000000000000000e+00
4.033055298884356127e-02
0.000000000000000000e+00
-4.461460586261398881e-02
-1.152614685509361636e-01
-3.477103641719354044e-01
2.340873733833858661e-01
-2.625880091985589165e-02
-9.197593576497826995e-02
7.720496357625505901e-02
0.000000000000000000e+00
-4.001744385822625372e-01
0.000000000000000000e+00
1.307757749558396271e-02
-1.027613579938583058e-02
0.000000000000000000e+00
-1.113802820922349807e-01
-3.004912569701690406e-01
-3.247566775279146084e-02
0.000000000000000000e+00
0.000000000000000000e+00
7.907343345721623562e-02
-5.687164766496086710e-01
-4.440284867125876556e-01
-1.033990441196298987e-01
2.529434305864869392e-01
5.388536236170514415e-02
-2.312799256830954109e-01
-1.953582100283619838e-02
-1.128472152591395161e-01
0.000000000000000000e+00
0.000000000000000000e+00
-2.762498315485231726e-01
1.273858745549978078e-01
1.270859531471189297e-01
9.695545726227819405e-02
-5.331287819754248342e-02
-4.490962073724450582e-02
0.000000000000000000e+00
0.000000000000000000e+00
-1.199241600983077735e-02
-9.713933283365383531e-02
-2.297002600115823079e-01
-1.023470322621427703e-01
0.000000000000000000e+00
0.000000000000000000e+00
-5.075355720521596697e-02
-8.806277889004898718e-02
0.000000000000000000e+00
0.000000000000000000e+00
-1.124084421089149716e-01
0.000000000000000000e+00
0.000000000000000000e+00
-2.289680280555720926e-01
0.000000000000000000e+00
0.000000000000000000e+00
3.914035710629481524e-01
0.000000000000000000e+00
5.378201863843253688e-02
-7.786548450050509440e-02
1.793956122547912257e-01
9.159318789653876636e-02
-7.412611147329883909e-02
-7.022656952521885154e-01
0.000000000000000000e+00
-1.779370409705832712e-01
-5.258435282042159958e-02
3.906517651998749757e-02
-2.480831332535082534e-01
-2.048930333499780487e-01
-2.753546037836742122e-01
0.000000000000000000e+00
0.000000000000000000e+00
-3.937822203227177575e-01
0.000000000000000000e+00
0.000000000000000000e+00
-2.976122884267811547e-02
0.000000000000000000e+00
1.804913110456579373e-01
7.245764320916292696e-03
3.343480482526874908e-01
-5.074705611317917829e-03
0.000000000000000000e+00
0.000000000000000000e+00
-1.286463382908878406e-01
1.054215791332877294e-01
0.000000000000000000e+00
0.000000000000000000e+00
1.333350636421042068e-02
-5.560697203624422047e-02
-2.732305244433887864e-02
1.658130668677418595e-01
-1.651713436284257819e-01
1.148450341319709883e-01
-1.704192776608636495e-01
0.000000000000000000e+00
-2.119364034460581858e-01
-2.665400764427223734e-01
-8.415436380717361553e-02
0.000000000000000000e+00
0.000000000000000000e+00
0.000000000000000000e+00
0.000000000000000000e+00
7.664401399904915979e-02
0.000000000000000000e+00
-2.992750589328121436e-01
8.444650186686732951e-01
0.000000000000000000e+00
1.015596610767466185e-01
-1.120730747138911076e-01
0.000000000000000000e+00
-5.273071014150900737e-01
6.444204673540125834e-03
5.288914496812353594e-01
-4.233846874524915260e-01
0.000000000000000000e+00
1.007358976982966337e-01
0.000000000000000000e+00
-2.540970877417927931e-01
2.833561539808533425e-01
0.000000000000000000e+00
0.000000000000000000e+00
-3.372823400359994950e-01
-9.167914163065611632e-02
2.475858322586578231e-01
0.000000000000000000e+00
2.429229443151571799e-01
3.704537040521846403e-02
5.669838238992105234e-02
0.000000000000000000e+00
-1.618428072341338841e-01
-3.640227510774281250e-02
9.811135152463093534e-02
0.000000000000000000e+00
-2.363195208041634632e-01
0.000000000000000000e+00
0.000000000000000000e+00
3.959798679587632764e-01
0.000000000000000000e+00
0.000000000000000000e+00
-2.457674765566171537e-01
-6.165978815397376439e-02
-5.084756689850040978e-02
-1.198435558001963025e-01
2.532766621768876500e-02
-3.288983935328602115e-01
3.092228227550308448e-02
-7.739038659544425318e-03
5.783884779114272651e-02
-1.711576390130001013e-01
5.315589379571158402e-01
0.000000000000000000e+00
0.000000000000000000e+00
-9.322119047959641358e-02
-4.262858318827315168e-02
-4.086215187766910339e-02
-3.052139899128824552e-01
0.000000000000000000e+00
-4.894828464852155059e-01
-4.988629221587836393e-01
0.000000000000000000e+00
-1.211863707518884281e-01
-5.954623702829200393e-01
-2.616541753347625954e-01
0.000000000000000000e+00
0.000000000000000000e+00
-2.501203684758144807e-01
-1.294049220555464619e-01
0.000000000000000000e+00
0.000000000000000000e+00
-1.026147445498961919e-01
0.000000000000000000e+00
0.000000000000000000e+00
0.000000000000000000e+00
-5.292347319684099355e-02
1.779889815481396076e-02
0.000000000000000000e+00
0.000000000000000000e+00
-1.908084355823317646e-01
2.223566938335105880e-02
0.000000000000000000e+00
9.629807317605591777e-02
6.527178656825710634e-01
1.124909836459980106e+00
1.904508855213142282e-01
1.376125576979107534e-01
-1.129656539304479956e-01
-2.789511007023035005e-01
0.000000000000000000e+00
0.000000000000000000e+00
4.602555666626344244e-02
0.000000000000000000e+00
0.000000000000000000e+00
0.000000000000000000e+00
0.000000000000000000e+00
0.000000000000000000e+00
-1.880600259863049184e-01
7.900270549142220447e-03
0.000000000000000000e+00
0.000000000000000000e+00
-4.595762400392225944e-01
5.166410627928291061e-02
0.000000000000000000e+00
0.000000000000000000e+00
0.000000000000000000e+00
-6.040534174169980702e-02
1.378433382824013897e-02
-3.194327006062737673e-01
0.000000000000000000e+00
-4.936963426559287660e-01
0.000000000000000000e+00
0.000000000000000000e+00
0.000000000000000000e+00
1.387509837878507790e-01
-5.041172591509707201e-02
0.000000000000000000e+00
0.000000000000000000e+00
-7.003058203196292630e-02
0.000000000000000000e+00
-3.670138123672092838e-03
0.000000000000000000e+00
0.000000000000000000e+00
3.636271720190473872e-02
6.304492095700385546e-02
0.000000000000000000e+00
7.371254082195133339e-01
1.025421927268479472e-01
-5.512023808160579907e-01
0.000000000000000000e+00
1.252487536639023402e-01
1.064670242731930311e-01
1.223786988192017977e-01
7.681643979275799561e-01
-9.663139267750604777e-02
0.000000000000000000e+00
-2.884806045173469169e-01
-1.259009374733365827e-01
-1.146500988586628828e-01
0.000000000000000000e+00
-1.317255969753324853e-02
-3.155617746576750565e-02
-3.335442314396304120e-01
1.481820156516459319e-01
0.000000000000000000e+00
0.000000000000000000e+00
1.352085509801844720e-01
-1.088577623304626957e-01
0.000000000000000000e+00
4.022717310032494220e-01
-4.619530919153363446e-01
0.000000000000000000e+00
1.182991590367876295e-01
-3.429588345249684478e-02
9.668735183987775886e-03
0.000000000000000000e+00
0.000000000000000000e+00
-1.136647085124175144e-01
-2.213994156630715027e-01
-5.276444685750684149e-01
-2.689156304667716935e-01
-1.607925092806093414e-01
0.000000000000000000e+00
0.000000000000000000e+00
-1.439780365062684475e-01
0.000000000000000000e+00
2.853906463655241921e-01
4.068161416410947390e-02
-6.783317073337390146e-02
-1.495179126478541343e-01
-2.440887935527381036e-01
-1.891084819222542401e-01
0.000000000000000000e+00
8.145845105438495604e-02
9.853440703612469098e-02
0.000000000000000000e+00
0.000000000000000000e+00
0.000000000000000000e+00
-1.682557990947078919e-01
0.000000000000000000e+00
-4.103778360683386917e-02
1.819443546629136987e-01
-2.925285365079296485e-01
0.000000000000000000e+00
6.052231797703133687e-02
0.000000000000000000e+00
-1.097581080568240941e-01
0.000000000000000000e+00
-1.409769968993796196e-01
-1.739956534021266099e-01
1.377073602010530327e-02
-1.793993798540118867e-01
0.000000000000000000e+00
0.000000000000000000e+00
2.226211078045219338e-01
-3.221337794372720192e-02
1.315912080378036086e-01
-1.663173849490141853e-01
1.707224129643092059e-01
-2.125591892987915010e-01
-5.890201093987947056e-02
5.461577156871144992e-03
2.239590341324118952e-02
-7.205599258461181655e-01
1.215338335487365917e-01
5.113571083725868688e-02
0.000000000000000000e+00
0.000000000000000000e+00
-1.191350666746447406e-01
1.172946264983224796e-01
3.345106403544517160e-01
0.000000000000000000e+00
4.532430906283153871e-02
4.211232962094407783e-02
0.000000000000000000e+00
6.601621283101628823e-02
-9.580104835211754599e-01
9.387939306747246360e-02
0.000000000000000000e+00
1.410707179844557790e-01
-2.618806185292594235e-01
6.782781769142003092e-02
-1.618269419407911691e-01
2.968272397669817209e-01
3.655379678565628954e-01
0.000000000000000000e+00
0.000000000000000000e+00
-1.329113125264506645e-01
2.733111796708173613e-01
-1.600615084064156979e-01
0.000000000000000000e+00
-3.662786381654164480e-01
1.067664710986326315e-01
6.108086720469545483e-01
2.740052092434856409e-02
6.632350159574106063e-02
-6.056346082253010188e-01
-1.961965170852939810e-01
-2.208068061511403793e-02
0.000000000000000000e+00
-8.999013561732431554e-03
0.000000000000000000e+00
0.000000000000000000e+00
7.833893721135708199e-02
-9.092148616051135002e-03
0.000000000000000000e+00
-2.038506507417459923e-01
1.315072866438125321e-01
0.000000000000000000e+00
0.000000000000000000e+00
0.000000000000000000e+00
2.734407274129471710e-01
1.026538414432247581e-01
1.179281275886685104e-01
-1.115145334496551316e-01
0.000000000000000000e+00
1.455343069965907565e-01
0.000000000000000000e+00
-4.034068535143470191e-02
6.223939283713828853e-03
0.000000000000000000e+00
1.317102653598074269e-01
1.608094210235068711e-01
-2.630257098570439322e-01
5.789555416109641861e-01
0.000000000000000000e+00
0.000000000000000000e+00
0.000000000000000000e+00
0.000000000000000000e+00
0.000000000000000000e+00
1.774084659491275695e-01
0.000000000000000000e+00
-2.455742721383174509e-01
1.994248971587537500e-01
0.000000000000000000e+00
0.000000000000000000e+00
0.000000000000000000e+00
-2.082120943626430409e-01
-2.865792844884724189e-01
4.401631997086869474e-01
-8.035925486181204336e-02
-9.834703706227006237e-02
7.719194648956886028e-03
1.265744422283663351e+00
0.000000000000000000e+00
7.732773375663909432e-02
-6.983665187718188228e-02
-6.945972739856216827e-02
0.000000000000000000e+00
0.000000000000000000e+00
0.000000000000000000e+00
0.000000000000000000e+00
0.000000000000000000e+00
0.000000000000000000e+00
-2.111029129333390486e-01
0.000000000000000000e+00
6.394958079037274534e-02
-8.064817348311674461e-02
0.000000000000000000e+00
0.000000000000000000e+00
0.000000000000000000e+00
2.260733066410259284e-01
0.000000000000000000e+00
0.000000000000000000e+00
0.000000000000000000e+00
0.000000000000000000e+00
-1.165774110528520896e-01
0.000000000000000000e+00
-2.896230042734289634e-01
0.000000000000000000e+00
-1.213058217231442609e-01
-7.316605967803478938e-01
-2.228899474208150544e-01
-2.952212579261608294e-01
-1.610982039107550223e-01
0.000000000000000000e+00
0.000000000000000000e+00
0.000000000000000000e+00
-1.718206730994324971e-01
1.055783519839834789e-02
0.000000000000000000e+00
-5.577168898824931553e-02
-2.938416734932215463e-03
0.000000000000000000e+00
4.206247856761433646e-01
0.000000000000000000e+00
0.000000000000000000e+00
-2.032148382426330335e-01
-3.600265247516679090e-01
-2.230604390133308218e-02
-1.973919344861119751e-01
-2.511132990164125986e-02
0.000000000000000000e+00
0.000000000000000000e+00
0.000000000000000000e+00
0.000000000000000000e+00
0.000000000000000000e+00
0.000000000000000000e+00
1.846864773357529202e-02
0.000000000000000000e+00
4.212391394164132219e-01
0.000000000000000000e+00
0.000000000000000000e+00
-5.634817724719173165e-02
0.000000000000000000e+00
4.335060124284223493e-01
-6.683097426080232550e-02
0.000000000000000000e+00
3.735539025931928214e-01
0.000000000000000000e+00
-1.216363662718570118e-02
-6.631394655267426608e-02
0.000000000000000000e+00
1.515452930684069444e-01
-3.619767403834489583e-01
2.165910989767236838e-01
-2.708923698052919105e-01
0.000000000000000000e+00
4.448497134255591928e-02
1.933699966857410080e-01
-4.788857941900814125e-02
-1.060357338168034930e-01
-2.038554541958413624e-01
-1.135453027695981360e-01
-4.024337885880442389e-01
0.000000000000000000e+00
0.000000000000000000e+00
1.213505592104338476e-01
-4.308422702735724141e-01
0.000000000000000000e+00
-7.462911146103268223e-02
2.177926520355224216e-01
-1.875004955714776045e-01
0.000000000000000000e+00
-2.643217686492389529e-01
9.719238505242910886e-02
-1.461208254315526922e-01
0.000000000000000000e+00
-8.979687960062339436e-02
0.000000000000000000e+00
0.000000000000000000e+00
-2.020217278095824687e-01
0.000000000000000000e+00
0.000000000000000000e+00
-7.262083492255272388e-02
-1.723849853171675328e-01
-5.340786940701438557e-01
2.889504469471405601e-01
0.000000000000000000e+00
0.000000000000000000e+00
-5.443033383397597423e-03
-2.556223204586687281e-01
3.964120901508208505e-01
-6.035468441986779897e-01
8.162272662500039133e-02
0.000000000000000000e+00
0.000000000000000000e+00
0.000000000000000000e+00
-5.834024345886145574e-02
0.000000000000000000e+00
0.000000000000000000e+00
0.000000000000000000e+00
0.000000000000000000e+00
2.881853435131524477e-01
0.000000000000000000e+00
0.000000000000000000e+00
0.000000000000000000e+00
6.098180873933648494e-01
-1.716251122228133752e-01
2.048625347752762449e-01
-9.289791851999167072e-02
1.273676776243009567e-01
0.000000000000000000e+00
-5.814883468299378855e-01
-1.186568972054669463e-01
-2.965711990250258223e-01
-1.225973026396484228e-01
3.314566862574402917e-01
0.000000000000000000e+00
1.687710977101394838e-01
0.000000000000000000e+00
0.000000000000000000e+00
-2.090358292668023088e-01
-1.323166637379926680e-01
3.298523935543389296e-01
2.224936042115030488e-01
0.000000000000000000e+00
-5.623450103118456805e-02
1.154049650618215184e-01
0.000000000000000000e+00
7.139352945688647312e-01
0.000000000000000000e+00
-4.292293120970342435e-01
0.000000000000000000e+00
0.000000000000000000e+00
-2.205743152141508706e-02
-1.072455467406871477e-02
1.007663823367720868e+00
-6.021178794077863654e-03
1.240535758655901960e-01
1.811798096301871219e-01
5.016987513745696514e-02
1.240598493422163384e-01
0.000000000000000000e+00
-2.657418839628413187e-01
0.000000000000000000e+00
2.675491116597499830e-01
0.000000000000000000e+00
-2.500861903578463497e-01
-2.077161503385633601e-01
0.000000000000000000e+00
0.000000000000000000e+00
-4.396899858003300854e-01
-5.187057034779096049e-02
-6.872629974580390932e-01
0.000000000000000000e+00
-1.118891067895610818e-02
0.000000000000000000e+00
-9.024695132898295780e-02
0.000000000000000000e+00
0.000000000000000000e+00
0.000000000000000000e+00
0.000000000000000000e+00
-6.716265117524455874e-02
-1.510176029954596322e-01
4.835664840987885515e-01
-4.040419288269739978e-02
-4.319682524724533512e-01
0.000000000000000000e+00
0.000000000000000000e+00
0.000000000000000000e+00
3.167428981113575848e-01
-1.841315817110209321e-02
3.298735420583530364e-02
-5.324926544546172008e-02
0.000000000000000000e+00
-1.770878452965304883e-01
-2.460575314963351912e-01
-2.984415613206027884e-01
1.201521990800183404e-01
-2.881810842392236727e-01
0.000000000000000000e+00
-1.863276306124082293e-01
4.110503390464306794e-01
7.051370919967776818e-02
1.098669089871219112e-01
-4.773338353249954591e-01
-2.403530384203814430e-01
0.000000000000000000e+00
-3.073948368749643834e-01
0.000000000000000000e+00
5.824726178228765983e-02
0.000000000000000000e+00
0.000000000000000000e+00
-1.806834463974124894e-01
1.920700466941622012e-02
-1.348397445781128745e-01
0.000000000000000000e+00
-6.930226993457807572e-01
-1.089645111897526025e-01
0.000000000000000000e+00
0.000000000000000000e+00
0.000000000000000000e+00
-7.389850198192100539e-01
-4.908918699944783137e-01
0.000000000000000000e+00
0.000000000000000000e+00
0.000000000000000000e+00
-6.941449882126783655e-02
-6.323375781403943463e-02
-2.543758885103921882e-02
0.000000000000000000e+00
0.000000000000000000e+00
0.000000000000000000e+00
1.987811482443040123e-01
0.000000000000000000e+00
0.000000000000000000e+00
0.000000000000000000e+00
1.251531213253845864e-01
-1.144171796013975506e-01
-1.167294618573728321e-01
6.862812742139274835e-01
6.663555682730458729e-01
3.364087622268788214e-02
0.000000000000000000e+00
-1.614037173550064708e-01
0.000000000000000000e+00
0.000000000000000000e+00
-2.363777527510932397e-01
0.000000000000000000e+00
-1.349821056093090665e-01
-3.616202420463481004e-02
-1.855289248181050676e-01
-4.945778543736487620e-01
0.000000000000000000e+00
1.971528641305308749e-01
0.000000000000000000e+00
0.000000000000000000e+00
1.377847852812746354e-01
3.434832345457044522e-01
-1.959218892996015537e-01
0.000000000000000000e+00
0.000000000000000000e+00
-2.290955951139702074e-01
-1.886153039646747409e-01
-4.687380050075750648e-01
0.000000000000000000e+00
0.000000000000000000e+00
0.000000000000000000e+00
-2.081697361527382051e-01
-3.498959431096087536e-01
0.000000000000000000e+00
-5.077524029735395322e-02
0.000000000000000000e+00
-9.874932725837387570e-01
0.000000000000000000e+00
9.859642948153901632e-02
0.000000000000000000e+00
-9.495109286443036145e-02
-3.048240013475170263e-01
1.623717267016340504e-01
4.006140316614627550e-01
0.000000000000000000e+00
0.000000000000000000e+00
-1.083521326704768861e-01
-6.847606290818022967e-02
-2.345447758743142708e-01
0.000000000000000000e+00
-2.745833321113782394e-02
-1.588559138726184372e-01
-1.841380067021873568e-01
0.000000000000000000e+00
-1.581135808379453001e-01
0.000000000000000000e+00
-3.933884023863331580e-01
0.000000000000000000e+00
5.668143337986283892e-02
0.000000000000000000e+00
0.000000000000000000e+00
3.562767139227581148e-01
0.000000000000000000e+00
1.600006217768998595e-01
-2.891312433894046782e-02
-1.994286768979866287e-01
-1.443377961717557112e-01
0.000000000000000000e+00
1.950886346735435095e-01
0.000000000000000000e+00
0.000000000000000000e+00
4.030564949970831534e-02
-1.999201587663420321e-01
-1.187889080700428868e-01
-7.140940840296040593e-01
-2.038389321255478781e-01
0.000000000000000000e+00
2.264926478614683394e-02
2.730442160904071880e-01
0.000000000000000000e+00
0.000000000000000000e+00
0.000000000000000000e+00
2.171451830345887957e-01
0.000000000000000000e+00
-4.668323371475690542e-01
0.000000000000000000e+00
0.000000000000000000e+00
-3.528757928364697483e-01
0.000000000000000000e+00
-7.471517768094086687e-02
-2.285417939612243987e-01
0.000000000000000000e+00
1.908624919643001072e-01
0.000000000000000000e+00
0.000000000000000000e+00
-4.972501207293145709e-01
7.648019022613554430e-02
0.000000000000000000e+00
0.000000000000000000e+00
-2.379923692720728456e-02
0.000000000000000000e+00
0.000000000000000000e+00
0.000000000000000000e+00
0.000000000000000000e+00
0.000000000000000000e+00
-1.081966405460520753e-01
0.000000000000000000e+00
2.024089095557096984e-01
4.398079682637440896e-02
-3.476967566013207112e-01
5.002391619279106250e-01
0.000000000000000000e+00
0.000000000000000000e+00
0.000000000000000000e+00
-3.636871681450202232e-01
-2.796957283915585402e-01
0.000000000000000000e+00
-4.414775477980653617e-01
-5.536993750471617959e-02
-5.435409782764016873e-01
0.000000000000000000e+00
1.871537017415924112e-02
0.000000000000000000e+00
0.000000000000000000e+00
-9.988876012063167831e-02
1.036034905588203853e-01
0.000000000000000000e+00
-1.297239496015596960e-01
0.000000000000000000e+00
1.192116357296546802e-01
0.000000000000000000e+00
-1.190430829827714698e-01
-3.439266460259087776e-01
-2.358753237352519960e-01
-3.655970127332398567e-01
1.470919302020660124e-01
0.000000000000000000e+00
0.000000000000000000e+00
0.000000000000000000e+00
-3.151876404219838279e-01
0.000000000000000000e+00
0.000000000000000000e+00
0.000000000000000000e+00
5.155240551330907139e-02
-1.739731169594067178e-02
2.362343872915104448e-01
0.000000000000000000e+00
7.734973498585326346e-02
0.000000000000000000e+00
-1.232691158730236519e-01
0.000000000000000000e+00
-3.154522596604308893e-01
-2.124719404733756700e-01
0.000000000000000000e+00
-1.775009748742041038e-01
0.000000000000000000e+00
-2.556438870455351453e-01
0.000000000000000000e+00
0.000000000000000000e+00
-4.141751819523118994e-01
3.064397747606911193e-01
0.000000000000000000e+00
-1.598809786371878372e-01
3.451531702266491530e-01
0.000000000000000000e+00
-1.596179648970623977e-01
0.000000000000000000e+00
0.000000000000000000e+00
0.000000000000000000e+00
-2.038370796664485118e-01
5.914210125766038162e-02
0.000000000000000000e+00
0.000000000000000000e+00
-3.151347297761745991e-02
-3.345299920105730962e-01
0.000000000000000000e+00
-2.142746410812574887e-01
-1.803876612740272500e-01
3.220603963396967417e-02
0.000000000000000000e+00
1.398860714077826417e-01
-8.382614765531481993e-03
-4.841391811084073682e-01
0.000000000000000000e+00
1.295916792748274815e-01
-9.902467195319696047e-03
-3.999373658821634980e-01
-8.201354762010440447e-02
1.573276906181759749e-01
0.000000000000000000e+00
4.116859771494292830e-01
0.000000000000000000e+00
-3.762797960914597284e-01
-2.041820572355520710e-02
-1.549454271441649475e-02
0.000000000000000000e+00
0.000000000000000000e+00
0.000000000000000000e+00
0.000000000000000000e+00
-4.118125808661142750e-01
0.000000000000000000e+00
0.000000000000000000e+00
-2.097264208715635403e-01
2.410890210587322280e-01
-4.418311836435788176e-01
0.000000000000000000e+00
0.000000000000000000e+00
4.132849405881344196e-01
0.000000000000000000e+00
-8.678667796281992752e-02
-1.927644869792186424e-02
-3.413668687054798867e-01
-6.410539334043137416e-02
-7.012837530026831967e-01
0.000000000000000000e+00
0.000000000000000000e+00
-4.015102990291315177e-02
0.000000000000000000e+00
-3.577165916523444150e-02
0.000000000000000000e+00
1.940015752297938323e-01
5.274671429306015263e-02
0.000000000000000000e+00
1.881238510167260847e+00
0.000000000000000000e+00
-6.671715192238554526e-02
-7.604430484069197860e-01
0.000000000000000000e+00
-7.836416318100525302e-01
1.309712669680869190e-01
0.000000000000000000e+00
1.490760621743537628e+00
0.000000000000000000e+00
1.900476104152843126e-01
0.000000000000000000e+00
0.000000000000000000e+00
0.000000000000000000e+00
1.932681759305222152e-02
-5.001597717778639707e-01
0.000000000000000000e+00
7.160224503552936604e-01
0.000000000000000000e+00
0.000000000000000000e+00
-1.456097057823933227e-01
0.000000000000000000e+00
-4.062427979135542488e-02
0.000000000000000000e+00
0.000000000000000000e+00
-6.759403467056026571e-01
0.000000000000000000e+00
-1.980369717221703574e-01
0.000000000000000000e+00
0.000000000000000000e+00
1.175668544234170915e-01
0.000000000000000000e+00
0.000000000000000000e+00
0.000000000000000000e+00
-3.928132276894572006e-01
1.640752210423212509e-01
-2.841622647314894778e-01
-4.700922024095035567e-01
6.444445996841098590e-02
1.681808024727659279e-01
0.000000000000000000e+00
4.633158454121202863e-01
-9.322493213059086792e-02
1.079125081783087296e-02
-5.857152332668592587e-01
0.000000000000000000e+00
0.000000000000000000e+00
-1.205593324744170108e-01
-1.321040953219494996e-01
1.094794491119644553e+00
0.000000000000000000e+00
0.000000000000000000e+00
0.000000000000000000e+00
0.000000000000000000e+00
0.000000000000000000e+00
0.000000000000000000e+00
6.874233182023657684e-02
-3.020027457125714077e-01
0.000000000000000000e+00
0.000000000000000000e+00
6.479206725813565493e-01
-1.177715486679814377e-01
-2.670511600576511158e-01
-3.004296468914886137e-02
0.000000000000000000e+00
6.642507499698221962e-02
0.000000000000000000e+00
-2.131827385892136051e-01
0.000000000000000000e+00
0.000000000000000000e+00
3.830305421413377626e-02
-8.172371680971056429e-02
0.000000000000000000e+00
-1.721726189925262551e-01
-1.963667383605034455e-01
1.566614746225518107e-01
0.000000000000000000e+00
0.000000000000000000e+00
0.000000000000000000e+00
1.566271735466394643e-01
0.000000000000000000e+00
0.000000000000000000e+00
-3.560407326498251090e-01
-5.598795648496285304e-01
0.000000000000000000e+00
-1.883961498370132492e-01
0.000000000000000000e+00
0.000000000000000000e+00
0.000000000000000000e+00
0.000000000000000000e+00
0.000000000000000000e+00
-2.461875831385728908e-01
3.588732743165997108e-01
0.000000000000000000e+00
0.000000000000000000e+00
-2.536345846339825294e-01
7.226138585904011294e-04
1.046465221739011908e-01
-1.109838851297161172e-01
2.947593036774971420e-01
1.597085413158521872e-01
0.000000000000000000e+00
-9.140300369437455441e-02
0.000000000000000000e+00
-5.913855229780901751e-02
2.514357430394243420e-01
0.000000000000000000e+00
-1.860472165407029560e-02
2.196565498544393591e-01
0.000000000000000000e+00
-3.341922298618869164e-02
-8.535657800044947618e-02
6.008293178150844738e-02
3.264813542307539174e-01
-5.631066970437614144e-02
0.000000000000000000e+00
-2.975175317800919927e-01
3.166813315907618942e-01
0.000000000000000000e+00
1.081337577836970626e-01
0.000000000000000000e+00
0.000000000000000000e+00
0.000000000000000000e+00
9.201481363869988550e-02
-1.292077917656191843e+00
0.000000000000000000e+00
-1.073227807582056575e-01
2.036517414707507134e-01
0.000000000000000000e+00
-5.455612911135064858e-01
4.361876581977078976e-02
9.861479433419165219e-02
4.134063389023200780e-02
0.000000000000000000e+00
0.000000000000000000e+00
-1.059899726183077595e+00
0.000000000000000000e+00
-3.438079927371616266e-03
1.762876017628269287e-01
0.000000000000000000e+00
0.000000000000000000e+00
9.272066383868056427e-02
-1.549357205267383741e-01
2.555036454232225696e-01
2.143367567321725342e-01
0.000000000000000000e+00
7.499746314700710403e-01
0.000000000000000000e+00
-4.552062517856383383e-01
-2.478838675184404441e-02
5.593224851310421020e-01
1.900366572208608829e-01
1.296926164267722115e-01
-2.091040303041174775e-01
0.000000000000000000e+00
-3.670480260304280762e-01
2.234321571446793442e-01
0.000000000000000000e+00
0.000000000000000000e+00
-3.376124243182773710e-01
0.000000000000000000e+00
0.000000000000000000e+00
-1.642776818881380163e-01
0.000000000000000000e+00
0.000000000000000000e+00
0.000000000000000000e+00
0.000000000000000000e+00
-2.608773724693279616e-01
0.000000000000000000e+00
1.095451421912498335e-01
-2.107074682508007848e-02
0.000000000000000000e+00
0.000000000000000000e+00
2.742149727989259128e-02
0.000000000000000000e+00
1.848358482231204913e-01
-4.495004003860913339e-02
1.643726022728675962e-01
0.000000000000000000e+00
0.000000000000000000e+00
-3.202765406884100496e-01
1.396733370587494860e-01
1.122064631556673325e-01
0.000000000000000000e+00
1.411343251419757971e-01
2.331776844167942342e-01
-8.003136882994266177e-02
0.000000000000000000e+00
-3.965155510334701927e-01
-2.493757967416538324e-01
-3.494687740480704741e-01
0.000000000000000000e+00
4.266594424403126196e-01
-4.278633984218602887e-02
3.885280271815006459e-01
-5.970822829645385799e-01
0.000000000000000000e+00
-1.562388642102227609e-01
4.800061584421665972e-01
0.000000000000000000e+00
5.180045585518144868e-01
1.257858553395694023e-01
0.000000000000000000e+00
-8.660430698150958229e-01
-1.991482412107474231e-01
0.000000000000000000e+00
-3.333867555446709541e-02
0.000000000000000000e+00
-6.364868577026294716e-02
-2.506126753348231206e-01
1.393311028877466662e-01
-4.400925747516915565e-01
5.673590614545648975e-02
0.000000000000000000e+00
-1.275441130668514056e+00
0.000000000000000000e+00
-1.038390111615930395e-01
-4.397163388213642388e-01
-1.682562969719053059e-01
2.680194470501989779e-01
-1.744877564261549524e-02
0.000000000000000000e+00
7.246738863839321532e-01
-2.557823792797269125e-01
3.188739313748718551e-01
-8.846414369739470651e-02
0.000000000000000000e+00
0.000000000000000000e+00
0.000000000000000000e+00
0.000000000000000000e+00
0.000000000000000000e+00
0.000000000000000000e+00
0.000000000000000000e+00
0.000000000000000000e+00
4.646913521642299649e-01
0.000000000000000000e+00
-1.709343043067151069e-01
-1.372684416103624461e-01
-5.000450082388177911e-03
0.000000000000000000e+00
0.000000000000000000e+00
0.000000000000000000e+00
0.000000000000000000e+00
-1.217082199456431951e-01
0.000000000000000000e+00
2.758354003743637706e-01
-1.162765990196246296e-01
-1.604726652482733051e-01
1.869580404769197179e-01
3.669088799130639650e-02
0.000000000000000000e+00
1.429498347207834308e-01
-6.817818490384446040e-02
0.000000000000000000e+00
0.000000000000000000e+00
-1.822749022386939421e-01
0.000000000000000000e+00
0.000000000000000000e+00
0.000000000000000000e+00
-1.418610333536201584e-01
6.622231729967763270e-02
-3.825141288275716867e-01
0.000000000000000000e+00
1.620629283348514194e-01
0.000000000000000000e+00
0.000000000000000000e+00
-3.206821007610582974e-02
8.753652418657097145e-02
1.155368292009645081e+00
-9.107878304049241147e-02
7.825449495571661085e-02
2.081095275747698592e-01
0.000000000000000000e+00
0.000000000000000000e+00
0.000000000000000000e+00
0.000000000000000000e+00
0.000000000000000000e+00
-4.899641182748456364e-02
-1.030922481280469732e-01
0.000000000000000000e+00
-7.512698437037132124e-03
0.000000000000000000e+00
-1.608624201614453353e-01
0.000000000000000000e+00
-2.108959045770369412e-01
0.000000000000000000e+00
2.376735516860919162e-01
-1.687037565157710750e-01
0.000000000000000000e+00
-3.266519301172179923e-01
-4.895750111656226866e-01
3.318242830910423935e-01
0.000000000000000000e+00
0.000000000000000000e+00
0.000000000000000000e+00
0.000000000000000000e+00
3.844336511211296492e-01
0.000000000000000000e+00
4.629636795252837222e-01
7.661032144806170785e-02
0.000000000000000000e+00
0.000000000000000000e+00
2.353219976756400211e-01
0.000000000000000000e+00
0.000000000000000000e+00
-5.760998093618648758e-02
0.000000000000000000e+00
-2.163111377326521478e-01
1.484170189034271503e-01
-2.102618791297272000e-02
-3.033210523250985946e-01
0.000000000000000000e+00
0.000000000000000000e+00
0.000000000000000000e+00
0.000000000000000000e+00
0.000000000000000000e+00
9.450964122195601447e-02
8.358821593849480314e-02
0.000000000000000000e+00
1.094586498086574378e-01
1.017429310276931620e+00
0.000000000000000000e+00
0.000000000000000000e+00
0.000000000000000000e+00
-7.278636055974386787e-01
0.000000000000000000e+00
-1.938234368626133575e-01
0.000000000000000000e+00
-7.042043202838246807e-02
3.506643601240719832e-01
1.969810854466045313e-01
0.000000000000000000e+00
-1.226157810545151633e-01
0.000000000000000000e+00
0.000000000000000000e+00
-1.246499879910056285e-01
1.511113226334237780e-01
4.851570899214404653e-01
-2.697563253388459911e-02
5.232399158055535127e-01
0.000000000000000000e+00
0.000000000000000000e+00
-1.889232233060455513e-01
2.440361477556862169e-01
-3.196412043688659499e-01
4.969279848506465841e-02
-1.686554046439328880e-01
0.000000000000000000e+00
0.000000000000000000e+00
0.000000000000000000e+00
-7.007165146952944179e-02
0.000000000000000000e+00
0.000000000000000000e+00
0.000000000000000000e+00
2.978350813785609619e-01
-1.165520869034483292e-01
2.958222698771629244e-01
-1.145571602943701445e-01
-3.473196985278024784e-01
1.885277090774028774e-01
7.664493942794824155e-02
0.000000000000000000e+00
-1.808721704071328262e-01
0.000000000000000000e+00
-3.963035681851635739e-02
0.000000000000000000e+00
0.000000000000000000e+00
-5.667317870458651319e-01
2.835191027608328640e-01
0.000000000000000000e+00
1.037216584061332325e-01
0.000000000000000000e+00
0.000000000000000000e+00
0.000000000000000000e+00
-3.412543025590472102e-03
-8.300183466842397939e-02
-1.440861288976005850e-01
0.000000000000000000e+00
-2.724033210106577840e-01
0.000000000000000000e+00
0.000000000000000000e+00
6.382172786047659446e-03
0.000000000000000000e+00
5.126850518456881056e-02
-5.571758049115035361e-01
-1.292316197785906839e-01
1.378894392674220037e-01
0.000000000000000000e+00
0.000000000000000000e+00
0.000000000000000000e+00
0.000000000000000000e+00
2.471171764395651681e-03
0.000000000000000000e+00
-3.451911281506148121e-01
-4.668907274278065456e-02
0.000000000000000000e+00
0.000000000000000000e+00
4.588543575285184417e-01
-4.423245144244098981e-01
5.549030183641922020e-01
-2.432248561212771720e-01
0.000000000000000000e+00
-6.123736788733119552e-01
-9.443850999109361377e-03
0.000000000000000000e+00
0.000000000000000000e+00
0.000000000000000000e+00
7.835050533759137237e-02
0.000000000000000000e+00
2.402827744210710437e-01
2.134793923642877012e-01
0.000000000000000000e+00
-4.435634350279046151e-02
0.000000000000000000e+00
1.969051143527681957e-01
4.019571505470850292e-01
-2.591063798405158214e-01
0.000000000000000000e+00
-2.445076473780834758e-01
0.000000000000000000e+00
0.000000000000000000e+00
0.000000000000000000e+00
0.000000000000000000e+00
4.078489736386545217e-01
0.000000000000000000e+00
0.000000000000000000e+00
0.000000000000000000e+00
0.000000000000000000e+00
0.000000000000000000e+00
-1.033518255278188802e-01
-1.747812414798194935e-01
0.000000000000000000e+00
0.000000000000000000e+00
-1.081611815364755258e-02
-1.169485174225575880e-01
0.000000000000000000e+00
0.000000000000000000e+00
-4.807475578714250075e-02
-4.678732765480334010e-01
0.000000000000000000e+00
0.000000000000000000e+00
-1.644981841508261558e-02
0.000000000000000000e+00
0.000000000000000000e+00
-5.274436372165536985e-02
0.000000000000000000e+00
0.000000000000000000e+00
0.000000000000000000e+00
0.000000000000000000e+00
-2.350941212934377078e-01
0.000000000000000000e+00
-4.371526801795644346e-01
1.724104793916624301e-01
-1.051550572845813269e-01
0.000000000000000000e+00
0.000000000000000000e+00
-8.372670917895576326e-02
6.692160214478984348e-02
0.000000000000000000e+00
-8.306369566585064534e-02
0.000000000000000000e+00
0.000000000000000000e+00
-3.957554861237684296e-01
-2.016067247973837503e-02
-2.443137668412468100e-01
0.000000000000000000e+00
0.000000000000000000e+00
0.000000000000000000e+00
-2.134564716018731989e-01
-3.207900735857585617e-01
0.000000000000000000e+00
-5.879695095216672662e-01
0.000000000000000000e+00
0.000000000000000000e+00
0.000000000000000000e+00
-3.911893240441162156e-01
0.000000000000000000e+00
-1.732403717534123921e-01
1.092250991314425712e-01
0.000000000000000000e+00
0.000000000000000000e+00
-1.623245259701108500e-01
-5.003564382086436724e-02
-1.452281248501964828e-01
0.000000000000000000e+00
-3.741210773585514904e-01
0.000000000000000000e+00
0.000000000000000000e+00
-2.754315349681649705e-01
-7.982880058957031455e-02
7.889848203260364512e-01
0.000000000000000000e+00
0.000000000000000000e+00
-3.494004388576295028e-01
-1.809309718412036305e-01
-6.037065400035786233e-02
-3.299471703047988647e-01
0.000000000000000000e+00
2.242824946657355767e-01
2.572825446224799584e-01
0.000000000000000000e+00
-5.745537230645205717e-01
0.000000000000000000e+00
-7.699699793197747888e-03
2.653088999429104033e-01
1.097663032983556830e-01
0.000000000000000000e+00
0.000000000000000000e+00
0.000000000000000000e+00
0.000000000000000000e+00
-1.869605874371179921e-01
0.000000000000000000e+00
3.555896867254293992e-01
8.854880676694434349e-01
0.000000000000000000e+00
-7.144619021944399262e-04
0.000000000000000000e+00
0.000000000000000000e+00
-6.840180912387340273e-01
-6.619299855936205956e-02
1.139765839989065471e-01
2.245785868245596673e-01
-4.247334937066354205e-02
0.000000000000000000e+00
0.000000000000000000e+00
0.000000000000000000e+00
-5.225794912569173278e-02
0.000000000000000000e+00
0.000000000000000000e+00
0.000000000000000000e+00
-4.761243149357760052e-01
0.000000000000000000e+00
0.000000000000000000e+00
0.000000000000000000e+00
0.000000000000000000e+00
-2.372611723530455574e-01
0.000000000000000000e+00
-1.794562809845717255e-01
2.675024428490600445e-02
0.000000000000000000e+00
0.000000000000000000e+00
0.000000000000000000e+00
7.979921792874954123e-02
0.000000000000000000e+00
3.128841042330023914e-01
-3.338783737589575140e-01
-2.081607580163998342e-02
0.000000000000000000e+00
0.000000000000000000e+00
0.000000000000000000e+00
0.000000000000000000e+00
0.000000000000000000e+00
-1.454945724002551233e-01
0.000000000000000000e+00
2.090050891954218781e-01
-3.383535000253520830e-01
-1.318043658563937681e-01
5.928026974695952411e-01
0.000000000000000000e+00
-4.177587616525218484e-01
0.000000000000000000e+00
-1.002981882308109363e-01
0.000000000000000000e+00
-4.101871111126022540e-01
-3.374849949302757834e-02
0.000000000000000000e+00
2.306181725311694797e-01
3.850512717059903500e-02
0.000000000000000000e+00
-2.919702139222260517e-01
1.350724782871376650e+00
0.000000000000000000e+00
0.000000000000000000e+00
3.859036117450596604e-01
0.000000000000000000e+00
0.000000000000000000e+00
0.000000000000000000e+00
0.000000000000000000e+00
0.000000000000000000e+00
-6.833177443132348872e-02
0.000000000000000000e+00
0.000000000000000000e+00
-3.894228556873043923e-01
0.000000000000000000e+00
0.000000000000000000e+00
0.000000000000000000e+00
-6.550160473375687964e-02
0.000000000000000000e+00
-8.817006658065419666e-02
0.000000000000000000e+00
2.465023076628686527e-01
0.000000000000000000e+00
7.989563013868652974e-02
0.000000000000000000e+00
0.000000000000000000e+00
-1.876273587948866506e-01
0.000000000000000000e+00
0.000000000000000000e+00
4.064013717543539239e-01
-3.949428890309017448e-01
0.000000000000000000e+00
1.875192765932029160e-01
-4.412706458095403961e-01
0.000000000000000000e+00
2.481448850978355269e-01
2.710213297661568516e-02
0.000000000000000000e+00
-1.421078802521691387e-01
9.124377770473807159e-02
0.000000000000000000e+00
-4.966255980824716976e-01
0.000000000000000000e+00
-4.137509992390835944e-01
-6.422040934508449483e-01
4.059760983707632054e-01
0.000000000000000000e+00
-6.007508748234510754e-02
0.000000000000000000e+00
1.678862314363480102e-01
0.000000000000000000e+00
2.207273653555055226e-01
0.000000000000000000e+00
0.000000000000000000e+00
0.000000000000000000e+00
0.000000000000000000e+00
9.676978742528800914e-02
0.000000000000000000e+00
4.958728501255066368e-02
0.000000000000000000e+00
0.000000000000000000e+00
0.000000000000000000e+00
1.905229097013136363e-01
-4.191570307469032475e-01
-2.132685267870082502e-01
-4.693038751715174206e-02
0.000000000000000000e+00
1.220375834589132874e-01
0.000000000000000000e+00
-1.319888787596843610e-02
-2.230671260096037944e-01
0.000000000000000000e+00
0.000000000000000000e+00
-5.001552319563998816e-01
0.000000000000000000e+00
0.000000000000000000e+00
-1.036703484513135654e-01
4.511000080206427065e-01
0.000000000000000000e+00
1.060571979113772878e+00
-8.310896329883184219e-02
0.000000000000000000e+00
-1.115086351058332537e-01
8.176903742718490131e-02
-2.181695915450701170e-02
0.000000000000000000e+00
-1.050584534967332340e-01
0.000000000000000000e+00
-1.060499787718773707e-01
0.000000000000000000e+00
-1.849043219089979151e-01
-3.879322362583732531e-01
-5.479086477109181841e-01
0.000000000000000000e+00
0.000000000000000000e+00
0.000000000000000000e+00
0.000000000000000000e+00
0.000000000000000000e+00
-1.963291638214536283e-01
-2.004037810267257635e-01
0.000000000000000000e+00
-7.476442689709164591e-02
0.000000000000000000e+00
3.224527759453064135e-01
0.000000000000000000e+00
-5.799685085685248875e-01
-7.346655111226434443e-01
4.451497549001932064e-01
0.000000000000000000e+00
2.806077374720659101e-01
0.000000000000000000e+00
4.725279969968487065e-02
-2.492651491756708027e-01
5.023254020544941634e-01
0.000000000000000000e+00
0.000000000000000000e+00
0.000000000000000000e+00
0.000000000000000000e+00
-2.423830099147858963e-01
0.000000000000000000e+00
0.000000000000000000e+00
-4.354747462795799384e-02
0.000000000000000000e+00
0.000000000000000000e+00
0.000000000000000000e+00
-3.194610427479310788e-01
0.000000000000000000e+00
0.000000000000000000e+00
0.000000000000000000e+00
5.799799080577346805e-02
0.000000000000000000e+00
0.000000000000000000e+00
1.241373230918904336e-01
0.000000000000000000e+00
0.000000000000000000e+00
-6.071297340939105780e-01
2.223912929612119893e-01
0.000000000000000000e+00
0.000000000000000000e+00
0.000000000000000000e+00
0.000000000000000000e+00
2.213280106656516366e-01
-5.721602445767151601e-02
0.000000000000000000e+00
0.000000000000000000e+00
0.000000000000000000e+00
0.000000000000000000e+00
-2.374858567635844131e-01
7.771431160201015820e-02
0.000000000000000000e+00
7.418541529487200636e-02
2.839530692174361826e-01
4.536390773948697497e-01
1.712427097892790795e-02
0.000000000000000000e+00
2.464365241914089413e-02
2.340103811851280274e-02
-1.907531973655795521e-01
-2.993373350453435999e-01
-5.056166326557788304e-01
-3.030687003121459305e-02
-1.195600831422583415e-01
-2.688776897785560491e-02
-6.193444037831649695e-04
7.100782842949788787e-01
1.208670179868503169e-01
0.000000000000000000e+00
4.109374094171051039e-01
2.137413314639913242e-01
0.000000000000000000e+00
0.000000000000000000e+00
0.000000000000000000e+00
4.960695006525443485e-01
-2.445657903015703571e-01
2.631972280331768554e-01
-2.167368876296657809e-01
-7.762952032076304576e-01
3.186436786641564378e-01
0.000000000000000000e+00
-1.197701647465794078e-01
5.528146476055997849e-03
0.000000000000000000e+00
0.000000000000000000e+00
5.211582787494871694e-01
-4.265108564511103234e-02
-5.804394443186156050e-01
-7.939847831959274682e-01
1.479374114452259859e-01
-5.547838815269606760e-01
-4.776761590357482268e-01
1.037391287100872077e-02
0.000000000000000000e+00
-3.501508932892701265e-01
0.000000000000000000e+00
0.000000000000000000e+00
-2.156548586348880081e-01
0.000000000000000000e+00
0.000000000000000000e+00
1.083058504452725640e-01
0.000000000000000000e+00
1.239133003500187125e-01
0.000000000000000000e+00
-1.136074464876876133e-01
0.000000000000000000e+00
0.000000000000000000e+00
0.000000000000000000e+00
0.000000000000000000e+00
4.727299860338105009e-02
0.000000000000000000e+00
0.000000000000000000e+00
0.000000000000000000e+00
0.000000000000000000e+00
0.000000000000000000e+00
0.000000000000000000e+00
0.000000000000000000e+00
-1.499286006608352984e-01
0.000000000000000000e+00
2.177823088798984050e-02
3.458721482938821312e-01
3.112104704033357705e-01
7.135275313448004031e-01
-2.905139962900603057e-01
0.000000000000000000e+00
3.609647570198274563e-02
3.293577906589585658e-02
-2.524047100278372091e-01
0.000000000000000000e+00
-8.756107370095132791e-02
1.370092265231268730e-02
-1.152257031909111329e-01
0.000000000000000000e+00
0.000000000000000000e+00
-2.961547610301218381e-01
0.000000000000000000e+00
3.475736540658295737e-01
2.065925280112734450e-02
2.204661326792612730e+00
0.000000000000000000e+00
0.000000000000000000e+00
-5.064942500542052306e-01
-4.607172449307307960e-01
-1.407721402939765276e-01
3.404020460430807332e-02
0.000000000000000000e+00
0.000000000000000000e+00
0.000000000000000000e+00
0.000000000000000000e+00
7.082375949726378295e-01
0.000000000000000000e+00
6.703270638698380357e-02
0.000000000000000000e+00
0.000000000000000000e+00
0.000000000000000000e+00
0.000000000000000000e+00
0.000000000000000000e+00
-4.705215552338820606e-01
2.815429002450888230e-01
0.000000000000000000e+00
-8.313605318862959948e-01
3.081799129035055901e-02
0.000000000000000000e+00
0.000000000000000000e+00
0.000000000000000000e+00
0.000000000000000000e+00
0.000000000000000000e+00
-9.470093630059331358e-02
2.883810402224109420e-02
0.000000000000000000e+00
0.000000000000000000e+00
2.667100517743048460e-01
-2.226839985472952865e-01
-4.237691436700272152e-02
0.000000000000000000e+00
3.865103206366450328e-01
0.000000000000000000e+00
-1.512818905924341595e-01
0.000000000000000000e+00
-2.881240112977135892e-01
-3.723766900552243353e-01
-4.488737936112823790e-01
4.903448759522090195e-02
0.000000000000000000e+00
0.000000000000000000e+00
-1.133453862098644654e-01
0.000000000000000000e+00
-1.056086963762218056e-01
-1.649347957240263063e-01
2.442436900857793414e-01
7.022969136753919039e-02
0.000000000000000000e+00
-1.778203940066803157e-01
2.210413638681107962e-01
3.384628637618101316e-02
0.000000000000000000e+00
1.514070369549781470e-01
-2.245645222529391583e-01
0.000000000000000000e+00
-1.794266323675903219e-01
-5.136915418160255958e-02
0.000000000000000000e+00
0.000000000000000000e+00
7.788982574411851267e-01
2.113550962490459706e-01
2.025985314296447348e-01
0.000000000000000000e+00
-1.992376136725746150e-01
2.693223871154311611e-01
1.065510182635546060e-01
9.280512057669447479e-02
-1.786049540214343367e-01
0.000000000000000000e+00
1.966834547843696740e-02
0.000000000000000000e+00
0.000000000000000000e+00
-2.893945401777164861e-01
0.000000000000000000e+00
-1.761431845453170220e-01
0.000000000000000000e+00
0.000000000000000000e+00
0.000000000000000000e+00
0.000000000000000000e+00
4.120812282573393937e-01
-1.314337764893765970e-01
-5.548919544954709071e-01
0.000000000000000000e+00
-3.381291670378970826e-01
0.000000000000000000e+00
0.000000000000000000e+00
3.341608076492439544e-02
-2.901087760780547975e-01
-7.868174400149596792e-02
4.473274221628877750e-02
0.000000000000000000e+00
0.000000000000000000e+00
0.000000000000000000e+00
-1.819245228596666764e-01
0.000000000000000000e+00
0.000000000000000000e+00
-1.107038278984039170e+00
0.000000000000000000e+00
0.000000000000000000e+00
0.000000000000000000e+00
8.892506755867264356e-01
0.000000000000000000e+00
0.000000000000000000e+00
0.000000000000000000e+00
0.000000000000000000e+00
-2.891392879026296603e-01
0.000000000000000000e+00
0.000000000000000000e+00
-2.379015328344316615e-01
2.438606844599724155e-01
3.895240362120513389e-01
0.000000000000000000e+00
0.000000000000000000e+00
0.000000000000000000e+00
-1.382319615555767378e-01
1.651996862196189741e-01
0.000000000000000000e+00
6.787036478595841194e-02
-7.052080586749061020e-01
-1.353803871049722718e-01
0.000000000000000000e+00
0.000000000000000000e+00
0.000000000000000000e+00
0.000000000000000000e+00
0.000000000000000000e+00
0.000000000000000000e+00
0.000000000000000000e+00
0.000000000000000000e+00
3.543357724413680465e-01
0.000000000000000000e+00
0.000000000000000000e+00
0.000000000000000000e+00
0.000000000000000000e+00
-2.556382378526166343e-01
0.000000000000000000e+00
-1.495613280604887220e-02
-3.005064244910861382e-02
0.000000000000000000e+00
0.000000000000000000e+00
0.000000000000000000e+00
-5.465878520275240238e-01
0.000000000000000000e+00
0.000000000000000000e+00
-5.828431915999809920e-01
0.000000000000000000e+00
-2.800111019162121462e-01
-7.149345380267244088e-02
5.569408516626660199e-02
0.000000000000000000e+00
-2.091284552415439979e-01
0.000000000000000000e+00
5.199318637002038612e-02
0.000000000000000000e+00
7.368344083475785178e-01
1.021287020279268098e+00
7.836084161952037996e-02
-2.495323164229993826e-02
0.000000000000000000e+00
8.353590994445030116e-02
0.000000000000000000e+00
-1.473881726572646989e-01
0.000000000000000000e+00
-3.724404146638305990e-01
0.000000000000000000e+00
-6.610827593805143620e-02
-2.668136834930649459e-01
0.000000000000000000e+00
-7.484795128436402267e-01
0.000000000000000000e+00
0.000000000000000000e+00
0.000000000000000000e+00
0.000000000000000000e+00
-3.495414296414497413e-01
0.000000000000000000e+00
-5.861108621970084753e-01
0.000000000000000000e+00
0.000000000000000000e+00
-2.407659478731891400e-01
0.000000000000000000e+00
5.937369986387790871e-02
0.000000000000000000e+00
0.000000000000000000e+00
5.208965542289352157e-01
0.000000000000000000e+00
-3.806543727959123963e-02
-9.952888795790952869e-01
-3.549980684924056162e-02
0.000000000000000000e+00
0.000000000000000000e+00
-7.116868721455191227e-02
0.000000000000000000e+00
7.588353414445692113e-02
-2.543049388185517623e-01
0.000000000000000000e+00
2.805561437150331378e-02
0.000000000000000000e+00
6.203176676506833714e-02
-4.335354219510744733e-01
-1.008566793508241122e-03
0.000000000000000000e+00
-2.203058599492440373e-01
0.000000000000000000e+00
0.000000000000000000e+00
0.000000000000000000e+00
-9.814378568232974276e-01
-1.815192715718426386e-01
-5.363315381495235012e-01
0.000000000000000000e+00
4.606535929530155421e-02
1.046849441820538462e-01
0.000000000000000000e+00
-4.911340200646922144e-02
-3.964473635235004484e-02
0.000000000000000000e+00
0.000000000000000000e+00
-5.401483297451731280e-01
0.000000000000000000e+00
4.564891128439396012e-02
9.276548075892476763e-02
0.000000000000000000e+00
-7.302638126937606167e-01
-4.373405631315045450e-01
0.000000000000000000e+00
0.000000000000000000e+00
-1.507316398081457731e-01
0.000000000000000000e+00
1.059275665505063913e+00
0.000000000000000000e+00
-2.502664174887002657e-01
9.286852034463519145e-02
0.000000000000000000e+00
0.000000000000000000e+00
0.000000000000000000e+00
-7.807288680610439003e-04
-1.933611722268783681e-02
0.000000000000000000e+00
-1.491254050310822643e-01
0.000000000000000000e+00
0.000000000000000000e+00
0.000000000000000000e+00
1.407714516617495915e-01
0.000000000000000000e+00
0.000000000000000000e+00
-2.146753975538421080e-02
0.000000000000000000e+00
7.295740165242819986e-02
1.846574974738577068e-01
0.000000000000000000e+00
0.000000000000000000e+00
0.000000000000000000e+00
0.000000000000000000e+00
0.000000000000000000e+00
0.000000000000000000e+00
0.000000000000000000e+00
0.000000000000000000e+00
1.536400621602119522e-02
3.145184964630504121e-01
-3.362668364349387373e-02
-6.381095447720953884e-02
-2.844776724390942757e-01
7.991285057636439426e-02
0.000000000000000000e+00
0.000000000000000000e+00
0.000000000000000000e+00
0.000000000000000000e+00
0.000000000000000000e+00
0.000000000000000000e+00
6.184891202836257929e-01
0.000000000000000000e+00
0.000000000000000000e+00
0.000000000000000000e+00
-3.502615491495353339e-01
0.000000000000000000e+00
2.772673335281328200e-01
0.000000000000000000e+00
0.000000000000000000e+00
-4.590522604216005220e-01
0.000000000000000000e+00
0.000000000000000000e+00
0.000000000000000000e+00
-7.351603991539034863e-03
0.000000000000000000e+00
-9.237875486517292678e-02
-3.582620835705645213e-02
0.000000000000000000e+00
-3.148261025449007877e-01
3.453880844264181071e-01
5.501582792179241510e-01
0.000000000000000000e+00
-2.008558810497493852e-01
0.000000000000000000e+00
-6.698133855247927204e-02
-1.877601816233565313e-01
0.000000000000000000e+00
0.000000000000000000e+00
3.936882336401429337e-03
8.338994255027348812e-01
0.000000000000000000e+00
0.000000000000000000e+00
-1.511422473002834166e-01
0.000000000000000000e+00
-2.512206591802420771e-03
-4.334944579525345509e-01
-1.204001021396069460e-01
0.000000000000000000e+00
0.000000000000000000e+00
0.000000000000000000e+00
0.000000000000000000e+00
0.000000000000000000e+00
0.000000000000000000e+00
0.000000000000000000e+00
-1.494341859224615487e-02
-6.191236519115248665e-02
0.000000000000000000e+00
0.000000000000000000e+00
1.276159554464383339e-01
0.000000000000000000e+00
-1.944675628360729158e-01
0.000000000000000000e+00
1.087197712279284502e-02
0.000000000000000000e+00
-3.217887631660394376e-01
5.249186041351935200e-02
-1.997382150087401997e-01
0.000000000000000000e+00
-1.263074403989588868e-01
0.000000000000000000e+00
1.659652181104074309e-01
-2.961944995019654137e-01
0.000000000000000000e+00
0.000000000000000000e+00
-3.864668548498484957e-01
4.293813470490486783e-01
0.000000000000000000e+00
0.000000000000000000e+00
0.000000000000000000e+00
0.000000000000000000e+00
0.000000000000000000e+00
7.553476569756090164e-02
0.000000000000000000e+00
-4.310646520219712508e-01
0.000000000000000000e+00
-1.998455489582400546e-01
0.000000000000000000e+00
1.003018068397947549e-01
0.000000000000000000e+00
0.000000000000000000e+00
-5.096333035483318064e-01
0.000000000000000000e+00
8.115502950766237400e-02
7.993004329759656468e-01
2.981201882376842693e-01
-3.409464927481999363e-01
-6.623942123162990248e-02
8.374634329984034786e-02
-1.800200161393058218e-01
0.000000000000000000e+00
0.000000000000000000e+00
0.000000000000000000e+00
0.000000000000000000e+00
0.000000000000000000e+00
2.367686362772243036e-01
1.366211621431585144e+00
-5.125297986777249681e-01
-1.001622618954182004e-01
8.735629767562412551e-02
0.000000000000000000e+00
1.913867594095398916e-01
0.000000000000000000e+00
-9.536291421404949342e-02
-1.995480200501718870e-01
0.000000000000000000e+00
-2.619536689896201365e-01
0.000000000000000000e+00
5.775477059044511474e-01
0.000000000000000000e+00
-2.247268715552261098e-01
7.414590539947801297e-03
0.000000000000000000e+00
-2.953153966368645689e-01
-1.349749276172271251e-01
5.128547550423223633e-01
0.000000000000000000e+00
0.000000000000000000e+00
0.000000000000000000e+00
0.000000000000000000e+00
-9.105278603839275786e-02
0.000000000000000000e+00
-3.725260793988210417e-01
0.000000000000000000e+00
-5.160196038055596679e-01
0.000000000000000000e+00
0.000000000000000000e+00
0.000000000000000000e+00
0.000000000000000000e+00
0.000000000000000000e+00
9.553687770419899694e-02
9.534062541298490845e-02
-4.335466042834034694e-01
0.000000000000000000e+00
5.736617574672943365e-02
2.160787387853362052e-02
0.000000000000000000e+00
0.000000000000000000e+00
0.000000000000000000e+00
0.000000000000000000e+00
-3.069620197704183151e-01
-3.629194232758081173e-01
1.419392777834122543e-01
0.000000000000000000e+00
-3.032778114490849650e-02
0.000000000000000000e+00
5.066200052294814737e-01
2.016273462068089994e-01
-1.096675763824604133e-01
-3.902666528940591517e-01
-1.300311451003997865e-01
-2.495445003024546748e-01
0.000000000000000000e+00
5.840956729449687385e-02
0.000000000000000000e+00
-2.755300587975528237e-01
-3.785007744216919989e-02
-2.220289334724100672e-01
-3.632704188230809761e-01
-2.916114336993475553e-01
0.000000000000000000e+00
0.000000000000000000e+00
0.000000000000000000e+00
-4.596520112828342275e-01
0.000000000000000000e+00
-4.500652772899872700e-02
0.000000000000000000e+00
2.472277850849144074e-02
0.000000000000000000e+00
0.000000000000000000e+00
0.000000000000000000e+00
2.651826749815480166e-01
0.000000000000000000e+00
-3.325488698076651262e-01
-9.217477082530579624e-01
0.000000000000000000e+00
-5.171473295561433703e-02
-1.727679318959696453e-01
6.619024972937771409e-03
0.000000000000000000e+00
0.000000000000000000e+00
1.382385280959438079e-01
-5.191319507551889201e-01
0.000000000000000000e+00
1.816902852903800047e-01
0.000000000000000000e+00
-3.846058925483475943e-01
0.000000000000000000e+00
0.000000000000000000e+00
0.000000000000000000e+00
-3.319049603647272750e-02
2.665354346867677693e-01
9.690958008333697138e-02
0.000000000000000000e+00
-1.131793036994361984e-01
0.000000000000000000e+00
-7.539078214230113817e-01
-1.383931721135517601e-01
0.000000000000000000e+00
-6.973733559515093994e-02
0.000000000000000000e+00
0.000000000000000000e+00
-6.710616654028638273e-01
2.179484787013691582e-01
0.000000000000000000e+00
1.281396256972980596e-01
0.000000000000000000e+00
-8.714325794330608776e-02
-1.294339784322155740e-01
-8.852900021158734145e-02
0.000000000000000000e+00
0.000000000000000000e+00
-8.520383881841446516e-02
0.000000000000000000e+00
1.123902091256275167e-02
0.000000000000000000e+00
-4.511091824719606208e-02
0.000000000000000000e+00
0.000000000000000000e+00
0.000000000000000000e+00
0.000000000000000000e+00
4.810004944443695973e-01
0.000000000000000000e+00
4.577733919389641304e-02
0.000000000000000000e+00
0.000000000000000000e+00
0.000000000000000000e+00
0.000000000000000000e+00
2.068874384974565134e-02
4.986267441628156744e-02
0.000000000000000000e+00
8.068935230431407979e-02
0.000000000000000000e+00
0.000000000000000000e+00
0.000000000000000000e+00
-1.569782733405215569e-01
0.000000000000000000e+00
0.000000000000000000e+00
1.304212281627066261e-01
2.304187955398701582e-01
0.000000000000000000e+00
0.000000000000000000e+00
-2.040332984923072801e-01
0.000000000000000000e+00
-4.539805239492893107e-02
-3.502073437999724259e-01
-2.720596103473759686e-01
0.000000000000000000e+00
-6.018666696661114646e-01
1.061498674692796379e-01
0.000000000000000000e+00
0.000000000000000000e+00
1.890847505850095922e-01
0.000000000000000000e+00
1.380167973582543117e-01
1.119104768340514200e+00
0.000000000000000000e+00
0.000000000000000000e+00
-1.427056440838370410e-01
5.581752539598086593e-02
0.000000000000000000e+00
-1.196491812611509276e-01
-1.175352238157421902e-01
0.000000000000000000e+00
-1.375736483346647887e-01
0.000000000000000000e+00
1.601565212908315217e-01
-1.674723413298133956e-01
2.887385619403439185e-01
-1.968294997796901091e-01
0.000000000000000000e+00
0.000000000000000000e+00
-3.839244423386492522e-01
-2.942758025771593719e-02
0.000000000000000000e+00
-3.678417070377170139e-01
-1.867142172875251027e-01
0.000000000000000000e+00
0.000000000000000000e+00
0.000000000000000000e+00
0.000000000000000000e+00
0.000000000000000000e+00
0.000000000000000000e+00
0.000000000000000000e+00
0.000000000000000000e+00
1.234720993393116251e+00
0.000000000000000000e+00
0.000000000000000000e+00
0.000000000000000000e+00
-1.120926724415284570e-01
-2.114417517842679950e-01
0.000000000000000000e+00
0.000000000000000000e+00
0.000000000000000000e+00
0.000000000000000000e+00
0.000000000000000000e+00
2.383211503818777610e-01
0.000000000000000000e+00
0.000000000000000000e+00
0.000000000000000000e+00
-3.542385226470134429e-01
0.000000000000000000e+00
8.244729998100355089e-03
-8.557280195456300198e-02
0.000000000000000000e+00
0.000000000000000000e+00
-5.985150473929933684e-02
-2.756989839665391906e-01
-5.113375447281551800e-01
0.000000000000000000e+00
-2.359709871208863496e-02
0.000000000000000000e+00
-4.663042223897853611e-01
4.288453903159789582e-01
-6.061632821467006771e-01
0.000000000000000000e+00
0.000000000000000000e+00
0.000000000000000000e+00
1.032574925049286052e-01
0.000000000000000000e+00
-1.448033343438354381e-01
9.699031994122787881e-02
0.000000000000000000e+00
-4.129672729157740640e-01
0.000000000000000000e+00
0.000000000000000000e+00
-4.918367762563273238e-01
0.000000000000000000e+00
-2.981886574451855787e-02
0.000000000000000000e+00
7.248819251040149181e-02
0.000000000000000000e+00
0.000000000000000000e+00
0.000000000000000000e+00
0.000000000000000000e+00
0.000000000000000000e+00
0.000000000000000000e+00
0.000000000000000000e+00
-5.020211008769540628e-01
-1.636595713480991643e-01
5.115603127599627209e-01
3.213396455605090768e-02
0.000000000000000000e+00
0.000000000000000000e+00
0.000000000000000000e+00
1.019323913547110719e-03
0.000000000000000000e+00
0.000000000000000000e+00
0.000000000000000000e+00
0.000000000000000000e+00
6.455326227857455246e-02
-6.940886471156789694e-01
0.000000000000000000e+00
-7.262798407836859038e-01
0.000000000000000000e+00
0.000000000000000000e+00
-2.260992195071460098e-01
1.358104237398631304e-03
0.000000000000000000e+00
0.000000000000000000e+00
0.000000000000000000e+00
-1.298605285600060166e-01
0.000000000000000000e+00
-4.193052084759655435e-02
0.000000000000000000e+00
0.000000000000000000e+00
-5.565444245800869050e-01
4.218420180292008215e-02
-7.831956003326732141e-01
3.235244682760492485e-01
9.295064433441106722e-02
0.000000000000000000e+00
0.000000000000000000e+00
0.000000000000000000e+00
0.000000000000000000e+00
0.000000000000000000e+00
0.000000000000000000e+00
0.000000000000000000e+00
0.000000000000000000e+00
0.000000000000000000e+00
4.386434478763819311e-01
-4.013227814452806630e-01
0.000000000000000000e+00
2.931445905257702537e-03
0.000000000000000000e+00
0.000000000000000000e+00
0.000000000000000000e+00
0.000000000000000000e+00
1.401588784024931922e-01
3.208866276855869559e-01
0.000000000000000000e+00
-2.304745649604454660e-01
0.000000000000000000e+00
0.000000000000000000e+00
0.000000000000000000e+00
0.000000000000000000e+00
0.000000000000000000e+00
-4.481496692818932870e-02
0.000000000000000000e+00
2.339371164465884612e-01
-5.602211164328226856e-01
0.000000000000000000e+00
0.000000000000000000e+00
0.000000000000000000e+00
0.000000000000000000e+00
-1.204806739006029082e-01
4.032074571516412465e-01
0.000000000000000000e+00
2.898983888238434448e-01
0.000000000000000000e+00
1.477538146578495915e-01
-1.222752693640090371e-01
0.000000000000000000e+00
0.000000000000000000e+00
1.501096425832074144e-01
1.156091738002888780e+00
-5.226689227804610927e-02
0.000000000000000000e+00
-3.877518363873367346e-01
0.000000000000000000e+00
0.000000000000000000e+00
0.000000000000000000e+00
1.193046849966062029e+00
0.000000000000000000e+00
0.000000000000000000e+00
0.000000000000000000e+00
0.000000000000000000e+00
0.000000000000000000e+00
0.000000000000000000e+00
0.000000000000000000e+00
0.000000000000000000e+00
0.000000000000000000e+00
-5.226982183249503366e-01
0.000000000000000000e+00
-5.712295265587587906e-02
0.000000000000000000e+00
-5.542141108871042471e-02
-2.796367510503654577e-02
2.534482188531853031e-01
0.000000000000000000e+00
-1.814333644861924888e-01
-1.522640220024511770e-01
0.000000000000000000e+00
-3.438114738961139394e-01
0.000000000000000000e+00
0.000000000000000000e+00
0.000000000000000000e+00
0.000000000000000000e+00
0.000000000000000000e+00
3.858603373368894168e-02
-5.205192195258732946e-02
0.000000000000000000e+00
0.000000000000000000e+00
-2.965675304787379063e-01
0.000000000000000000e+00
0.000000000000000000e+00
0.000000000000000000e+00
0.000000000000000000e+00
0.000000000000000000e+00
1.120241732938376672e-01
0.000000000000000000e+00
0.000000000000000000e+00
0.000000000000000000e+00
0.000000000000000000e+00
0.000000000000000000e+00
0.000000000000000000e+00
0.000000000000000000e+00
-6.012910979695531566e-01
0.000000000000000000e+00
0.000000000000000000e+00
-1.655960175798876482e-03
-2.958569257009679432e-01
0.000000000000000000e+00
0.000000000000000000e+00
0.000000000000000000e+00
5.679572624749521653e-02
-1.935436751968089841e-01
4.280189681026018711e-01
0.000000000000000000e+00
0.000000000000000000e+00
0.000000000000000000e+00
-2.854604161586392075e-01
0.000000000000000000e+00
1.307293373899069688e-01
8.320334492752413935e-02
0.000000000000000000e+00
0.000000000000000000e+00
0.000000000000000000e+00
3.173814976192992354e-01
-1.358607208772611742e-02
0.000000000000000000e+00
0.000000000000000000e+00
-1.532930917217365241e-01
0.000000000000000000e+00
0.000000000000000000e+00
8.074686574727225619e-01
-2.329450190680569521e-01
0.000000000000000000e+00
-5.534201377228448876e-02
6.031491289623984731e-01
-2.934812940960404015e-01
0.000000000000000000e+00
1.381564586055703758e+00
0.000000000000000000e+00
2.268138989251532733e-01
4.242258281318970203e-01
1.515632236036621172e-01
0.000000000000000000e+00
-5.241882350248439765e-02
0.000000000000000000e+00
0.000000000000000000e+00
0.000000000000000000e+00
0.000000000000000000e+00
-6.834361796418809698e-01
-1.889834454916944628e-01
-1.510132742666513150e-01
0.000000000000000000e+00
0.000000000000000000e+00
8.199756572887058337e-02
0.000000000000000000e+00
1.215839704910589292e-01
0.000000000000000000e+00
-1.552950281673871891e-01
1.311075859750864270e-01
0.000000000000000000e+00
4.821248155365841503e-01
-5.333707382352494974e-01
0.000000000000000000e+00
4.867943908316241242e-01
0.000000000000000000e+00
9.399131628111076497e-02
0.000000000000000000e+00
0.000000000000000000e+00
0.000000000000000000e+00
0.000000000000000000e+00
0.000000000000000000e+00
0.000000000000000000e+00
0.000000000000000000e+00
0.000000000000000000e+00
-9.046597178144757945e-02
0.000000000000000000e+00
-6.595607181749395531e-01
0.000000000000000000e+00
0.000000000000000000e+00
7.406045197161652272e-02
0.000000000000000000e+00
0.000000000000000000e+00
0.000000000000000000e+00
0.000000000000000000e+00
-5.780866104945323047e-02
-2.807847968730915467e-01
-2.414844600021551213e-02
0.000000000000000000e+00
1.777117855818476644e-01
0.000000000000000000e+00
-1.615308842238852571e-01
0.000000000000000000e+00
0.000000000000000000e+00
0.000000000000000000e+00
0.000000000000000000e+00
0.000000000000000000e+00
0.000000000000000000e+00
0.000000000000000000e+00
-5.849477022218346756e-01
0.000000000000000000e+00
-1.023424442509741766e-01
0.000000000000000000e+00
0.000000000000000000e+00
5.301400440962110716e-01
-4.069563171340695451e-01
0.000000000000000000e+00
0.000000000000000000e+00
0.000000000000000000e+00
6.547488732423163704e-02
0.000000000000000000e+00
-3.586917479348216298e-03
0.000000000000000000e+00
5.466179833621298556e-02
0.000000000000000000e+00
-1.043397118646451904e-01
0.000000000000000000e+00
0.000000000000000000e+00
0.000000000000000000e+00
-5.748880872359126704e-01
0.000000000000000000e+00
0.000000000000000000e+00
0.000000000000000000e+00
0.000000000000000000e+00
-4.236265464638663825e-01
0.000000000000000000e+00
0.000000000000000000e+00
-3.788276225306903000e-01
0.000000000000000000e+00
0.000000000000000000e+00
-6.419631975198616392e-01
1.523578321115748591e-01
0.000000000000000000e+00
-8.324588800577578662e-02
4.216971899568619508e-01
-3.181992905945166261e-01
-5.830801173214186228e-01
0.000000000000000000e+00
0.000000000000000000e+00
0.000000000000000000e+00
7.984868492696869935e-02
4.224634989224766990e-01
-1.274946481374381047e-01
0.000000000000000000e+00
-2.734832676091069614e-01
0.000000000000000000e+00
1.489756700682958457e-01
3.513570605264706437e-01
0.000000000000000000e+00
1.744407828414891393e+00
0.000000000000000000e+00
0.000000000000000000e+00
-2.353792221682010910e-01
0.000000000000000000e+00
-2.627938297932631562e-01
0.000000000000000000e+00
0.000000000000000000e+00
1.318530329621821484e-01
0.000000000000000000e+00
0.000000000000000000e+00
-1.295054033146774142e-01
0.000000000000000000e+00
0.000000000000000000e+00
0.000000000000000000e+00
3.533320595901397465e-01
0.000000000000000000e+00
0.000000000000000000e+00
0.000000000000000000e+00
0.000000000000000000e+00
0.000000000000000000e+00
3.123130930798576760e-02
0.000000000000000000e+00
0.000000000000000000e+00
0.000000000000000000e+00
5.922561380663368125e-01
1.608675957426661252e-01
0.000000000000000000e+00
0.000000000000000000e+00
0.000000000000000000e+00
0.000000000000000000e+00
4.480711175245893907e-02
0.000000000000000000e+00
0.000000000000000000e+00
-1.355280930145529028e-01
-7.166760498826933723e-02
0.000000000000000000e+00
0.000000000000000000e+00
9.720290967320234510e-02
-1.001698123701963705e-01
-1.051344294552466890e-01
0.000000000000000000e+00
-2.244254988614314064e-02
0.000000000000000000e+00
0.000000000000000000e+00
2.223796542080093142e-01
1.431264277289886699e+00
-5.891354002027845288e-02
0.000000000000000000e+00
2.113237915544486090e-01
0.000000000000000000e+00
0.000000000000000000e+00
0.000000000000000000e+00
0.000000000000000000e+00
0.000000000000000000e+00
0.000000000000000000e+00
0.000000000000000000e+00
0.000000000000000000e+00
0.000000000000000000e+00
-4.416899006529277916e-01
-1.837105202363714662e-02
-1.571229760729815628e-01
0.000000000000000000e+00
0.000000000000000000e+00
0.000000000000000000e+00
0.000000000000000000e+00
0.000000000000000000e+00
0.000000000000000000e+00
-5.509214389469629936e-02
0.000000000000000000e+00
0.000000000000000000e+00
0.000000000000000000e+00
0.000000000000000000e+00
0.000000000000000000e+00
0.000000000000000000e+00
0.000000000000000000e+00
0.000000000000000000e+00
1.660320906219674847e-02
0.000000000000000000e+00
0.000000000000000000e+00
0.000000000000000000e+00
0.000000000000000000e+00
0.000000000000000000e+00
0.000000000000000000e+00
0.000000000000000000e+00
0.000000000000000000e+00
0.000000000000000000e+00
0.000000000000000000e+00
0.000000000000000000e+00
-3.646184005022496954e-01
0.000000000000000000e+00
0.000000000000000000e+00
0.000000000000000000e+00
0.000000000000000000e+00
-2.197295660762371983e-01
0.000000000000000000e+00
0.000000000000000000e+00
0.000000000000000000e+00
0.000000000000000000e+00
-1.056727351257599340e-01
0.000000000000000000e+00
0.000000000000000000e+00
1.221067023176265476e-01
0.000000000000000000e+00
0.000000000000000000e+00
0.000000000000000000e+00
0.000000000000000000e+00
0.000000000000000000e+00
0.000000000000000000e+00
0.000000000000000000e+00
0.000000000000000000e+00
0.000000000000000000e+00
0.000000000000000000e+00
0.000000000000000000e+00
0.000000000000000000e+00
0.000000000000000000e+00
0.000000000000000000e+00
-4.551759292370975429e-01
-1.238960988203039737e-01
-8.645921231347353242e-02
-7.885344322412349283e-02
0.000000000000000000e+00
0.000000000000000000e+00
0.000000000000000000e+00
-1.061920402115929321e-02
5.359983003955949288e-01
0.000000000000000000e+00
0.000000000000000000e+00
1.600472716205284668e-02
-4.260686371947056128e-02
0.000000000000000000e+00
0.000000000000000000e+00
0.000000000000000000e+00
0.000000000000000000e+00
3.920773223707077482e-02
0.000000000000000000e+00
-5.880175789964062899e-02
0.000000000000000000e+00
-5.622389517456446995e-02
1.482033796493878730e-01
-4.929331412566433090e-02
1.007578321963222279e-01
0.000000000000000000e+00
-3.650006152740634113e-01
0.000000000000000000e+00
0.000000000000000000e+00
-2.031591638810222034e-01
0.000000000000000000e+00
0.000000000000000000e+00
0.000000000000000000e+00
0.000000000000000000e+00
0.000000000000000000e+00
0.000000000000000000e+00
0.000000000000000000e+00
1.298582927299606893e-01
0.000000000000000000e+00
0.000000000000000000e+00
4.160888078336205664e-01
-1.031942792709556578e+00
0.000000000000000000e+00
0.000000000000000000e+00
-5.309728484519400382e-01
0.000000000000000000e+00
-1.186291671451061291e-01
4.020049860269772624e-01
0.000000000000000000e+00
-1.730398571908674521e-01
3.611830704357422150e-01
0.000000000000000000e+00
0.000000000000000000e+00
0.000000000000000000e+00
-8.079747189321327683e-03
0.000000000000000000e+00
0.000000000000000000e+00
-1.279521769164946865e-01
1.415671329433593889e-02
1.891515406214374917e-01
-1.660527240915345981e-01
0.000000000000000000e+00
5.055853046887361091e-02
2.178364059246356566e-01
0.000000000000000000e+00
0.000000000000000000e+00
0.000000000000000000e+00
0.000000000000000000e+00
-3.493119089888895856e-01
7.635453661633051503e-02
-3.660175055289010548e-01
0.000000000000000000e+00
0.000000000000000000e+00
0.000000000000000000e+00
-3.013947081753691748e-01
2.586349094868151677e-01
-1.483789755260548071e-01
-6.110985691125708774e-02
0.000000000000000000e+00
-3.924797435526833356e-01
0.000000000000000000e+00
0.000000000000000000e+00
0.000000000000000000e+00
-1.397891704023819515e-01
-8.806324753718275389e-02
0.000000000000000000e+00
0.000000000000000000e+00
0.000000000000000000e+00
0.000000000000000000e+00
-5.717257673472166124e-02
-2.571415766027816963e-01
0.000000000000000000e+00
0.000000000000000000e+00
0.000000000000000000e+00
0.000000000000000000e+00
0.000000000000000000e+00
0.000000000000000000e+00
0.000000000000000000e+00
0.000000000000000000e+00
0.000000000000000000e+00
-2.453823551100698178e-02
0.000000000000000000e+00
4.696346123663738825e-01
0.000000000000000000e+00
0.000000000000000000e+00
-1.068752438457423598e-01
0.000000000000000000e+00
-1.856101611409088636e-01
0.000000000000000000e+00
0.000000000000000000e+00
0.000000000000000000e+00
0.000000000000000000e+00
0.000000000000000000e+00
0.000000000000000000e+00
-1.989402855582816654e-01
0.000000000000000000e+00
0.000000000000000000e+00
-6.479891903919946516e-01
0.000000000000000000e+00
0.000000000000000000e+00
0.000000000000000000e+00
0.000000000000000000e+00
-9.106583234463665405e-04
-5.449664208905690144e-01
0.000000000000000000e+00
0.000000000000000000e+00
6.381781567219995364e-03
0.000000000000000000e+00
0.000000000000000000e+00
-6.923253906749916864e-02
-7.523890675829283392e-01
0.000000000000000000e+00
0.000000000000000000e+00
0.000000000000000000e+00
0.000000000000000000e+00
0.000000000000000000e+00
-9.734060090123729247e-02
0.000000000000000000e+00
0.000000000000000000e+00
0.000000000000000000e+00
4.336693947822578554e-02
0.000000000000000000e+00
0.000000000000000000e+00
0.000000000000000000e+00
-6.406325062807735615e-02
0.000000000000000000e+00
0.000000000000000000e+00
0.000000000000000000e+00
-8.284880991656370930e-02
0.000000000000000000e+00
4.322718464527813276e-01
0.000000000000000000e+00
0.000000000000000000e+00
0.000000000000000000e+00
0.000000000000000000e+00
5.156193025067845603e-01
0.000000000000000000e+00
0.000000000000000000e+00
3.466603188665292462e-02
0.000000000000000000e+00
0.000000000000000000e+00
0.000000000000000000e+00
0.000000000000000000e+00
0.000000000000000000e+00
0.000000000000000000e+00
0.000000000000000000e+00
0.000000000000000000e+00
0.000000000000000000e+00
0.000000000000000000e+00
0.000000000000000000e+00
8.172865635901638282e-02
0.000000000000000000e+00
5.841747280308293711e-01
0.000000000000000000e+00
0.000000000000000000e+00
-1.456363625269562756e-01
0.000000000000000000e+00
-8.231762919886118079e-02
-3.779023238617888469e-01
0.000000000000000000e+00
0.000000000000000000e+00
0.000000000000000000e+00
0.000000000000000000e+00
1.371073411496480376e-01
-1.666388731971308601e-01
0.000000000000000000e+00
2.401822778588396379e-01
0.000000000000000000e+00
0.000000000000000000e+00
2.003712041693745116e-01
-3.789744949276830366e-01
0.000000000000000000e+00
0.000000000000000000e+00
0.000000000000000000e+00
-4.380460817319244970e-01
3.693745003734295040e-01
-3.270318506588334451e-01
1.600035500336484950e-01
0.000000000000000000e+00
0.000000000000000000e+00
-4.202318868802221163e-01
0.000000000000000000e+00
0.000000000000000000e+00
0.000000000000000000e+00
-2.023035014881793825e-01
0.000000000000000000e+00
0.000000000000000000e+00
-1.953478334806902361e-01
0.000000000000000000e+00
0.000000000000000000e+00
0.000000000000000000e+00
-1.375385208952531468e-01
0.000000000000000000e+00
0.000000000000000000e+00
0.000000000000000000e+00
9.933427766570987472e-02
-3.047901411815674422e-01
0.000000000000000000e+00
0.000000000000000000e+00
2.468910605372790501e-01
-1.034123975214887858e-01
-1.179626537825215343e-01
0.000000000000000000e+00
-1.971225650778646310e-01
0.000000000000000000e+00
0.000000000000000000e+00
-3.046978285567399358e-01
0.000000000000000000e+00
2.533041183397966578e-01
0.000000000000000000e+00
0.000000000000000000e+00
-4.704611009066236513e-03
0.000000000000000000e+00
1.866652876090330385e-03
-1.017502430153607862e-02
2.019684376308282792e-01
4.983390422872029796e-02
0.000000000000000000e+00
4.427150724642194835e-01
0.000000000000000000e+00
0.000000000000000000e+00
0.000000000000000000e+00
0.000000000000000000e+00
3.065281441719462374e-01
0.000000000000000000e+00
6.293146776309130330e-02
2.174802610587647511e-01
0.000000000000000000e+00
0.000000000000000000e+00
-3.971087245267377469e-02
0.000000000000000000e+00
-9.212679769113460426e-02
0.000000000000000000e+00
0.000000000000000000e+00
-4.274130196334709475e-01
0.000000000000000000e+00
-1.884295957496603113e-01
-2.491383433433510819e-01
0.000000000000000000e+00
-4.584958314758821318e-01
2.645757765469842759e-01
-1.720823253833611288e-01
0.000000000000000000e+00
1.386255203966359206e-01
1.421978097862347246e-01
0.000000000000000000e+00
0.000000000000000000e+00
0.000000000000000000e+00
-3.881865782778474994e-02
0.000000000000000000e+00
0.000000000000000000e+00
-1.610783969392524106e-01
0.000000000000000000e+00
0.000000000000000000e+00
0.000000000000000000e+00
0.000000000000000000e+00
8.558969142351206816e-02
0.000000000000000000e+00
-6.267755020516350972e-02
0.000000000000000000e+00
0.000000000000000000e+00
0.000000000000000000e+00
0.000000000000000000e+00
0.000000000000000000e+00
0.000000000000000000e+00
0.000000000000000000e+00
-8.152160078226250439e-03
-3.027662177484096162e-01
0.000000000000000000e+00
-2.450343295768773744e-01
0.000000000000000000e+00
0.000000000000000000e+00
0.000000000000000000e+00
0.000000000000000000e+00
0.000000000000000000e+00
0.000000000000000000e+00
0.000000000000000000e+00
0.000000000000000000e+00
1.334340448164327009e-02
2.875927868855157055e-01
-2.942551791344440448e-01
1.851840571974429361e-01
-1.590271434006967632e-01
0.000000000000000000e+00
-1.487713773593334343e-01
0.000000000000000000e+00
2.066561815172050232e-01
0.000000000000000000e+00
-3.677232639515336243e-02
0.000000000000000000e+00
-8.238334033164110837e-01
0.000000000000000000e+00
0.000000000000000000e+00
-2.509355442246609114e-01
0.000000000000000000e+00
3.164049127485071833e-01
0.000000000000000000e+00
2.437257161978307815e-02
-8.800434806645074381e-02
-4.083572041789365059e-01
2.604707590958691421e-01
0.000000000000000000e+00
0.000000000000000000e+00
0.000000000000000000e+00
0.000000000000000000e+00
0.000000000000000000e+00
0.000000000000000000e+00
0.000000000000000000e+00
0.000000000000000000e+00
1.241634930499588008e-01
0.000000000000000000e+00
0.000000000000000000e+00
0.000000000000000000e+00
0.000000000000000000e+00
-2.162136165228158505e-02
-1.428508169145902007e-01
0.000000000000000000e+00
0.000000000000000000e+00
1.178936226365571438e-01
2.474354703490850571e-01
-4.589674127016153959e-01
-2.167587872427025331e-01
7.055586503876884463e-02
0.000000000000000000e+00
0.000000000000000000e+00
-4.965363345905120934e-02
0.000000000000000000e+00
-1.425110768040896148e-01
3.217462455049285852e-02
0.000000000000000000e+00
0.000000000000000000e+00
-3.229551136663296740e-01
-1.032205557593087429e-02
0.000000000000000000e+00
0.000000000000000000e+00
0.000000000000000000e+00
-1.863251269300369717e-01
0.000000000000000000e+00
1.546719132271581754e-02
0.000000000000000000e+00
5.910771158994783392e-02
0.000000000000000000e+00
0.000000000000000000e+00
-3.406759496453699854e-02
-1.289207068647497678e-01
-2.159932040260049702e-01
-4.504768466491425594e-01
0.000000000000000000e+00
0.000000000000000000e+00
0.000000000000000000e+00
6.581028601667999745e-01
0.000000000000000000e+00
0.000000000000000000e+00
0.000000000000000000e+00
0.000000000000000000e+00
0.000000000000000000e+00
0.000000000000000000e+00
-3.613535777467031251e-01
0.000000000000000000e+00
0.000000000000000000e+00
7.403513787372986710e-02
1.971928187040499214e-01
0.000000000000000000e+00
9.918956444376242354e-02
0.000000000000000000e+00
0.000000000000000000e+00
0.000000000000000000e+00
6.849560234236505840e-01
0.000000000000000000e+00
-4.842641429446014611e-01
0.000000000000000000e+00
0.000000000000000000e+00
6.607156116303165849e-02
-1.869331543676217289e-01
-6.747350485775735658e-03
-3.365509745866551716e-01
0.000000000000000000e+00
0.000000000000000000e+00
0.000000000000000000e+00
0.000000000000000000e+00
1.121524040303520237e-01
0.000000000000000000e+00
0.000000000000000000e+00
5.320865837453882946e-02
0.000000000000000000e+00
-2.069108981329283559e+00
0.000000000000000000e+00
0.000000000000000000e+00
0.000000000000000000e+00
0.000000000000000000e+00
0.000000000000000000e+00
0.000000000000000000e+00
0.000000000000000000e+00
5.178202772614085361e-03
1.099037493762837769e-01
-8.565977718201379931e-02
0.000000000000000000e+00
0.000000000000000000e+00
-2.628150706222634123e-02
7.483785256064721114e-01
0.000000000000000000e+00
-1.592368558891884278e-01
0.000000000000000000e+00
0.000000000000000000e+00
0.000000000000000000e+00
0.000000000000000000e+00
-2.643226919608449577e-01
8.386449338465481462e-01
-6.094952479260698497e-02
3.574298150704821042e-01
3.037081890686129104e-01
0.000000000000000000e+00
-1.262945335369807520e-01
0.000000000000000000e+00
-4.917235983852104586e-01
0.000000000000000000e+00
0.000000000000000000e+00
-1.171694578369198159e-01
0.000000000000000000e+00
-1.087107988393299779e-01
-4.296336839917493933e-01
0.000000000000000000e+00
-1.530747555759693068e-01
1.210634933663474327e-01
0.000000000000000000e+00
0.000000000000000000e+00
-6.519497728969524397e-01
2.814028109778841102e-01
0.000000000000000000e+00
-2.051076251321888588e-01
0.000000000000000000e+00
1.353749551477626545e-01
0.000000000000000000e+00
0.000000000000000000e+00
0.000000000000000000e+00
0.000000000000000000e+00
-4.387719292471372601e-01
0.000000000000000000e+00
0.000000000000000000e+00
0.000000000000000000e+00
0.000000000000000000e+00
0.000000000000000000e+00
0.000000000000000000e+00
0.000000000000000000e+00
0.000000000000000000e+00
0.000000000000000000e+00
0.000000000000000000e+00
0.000000000000000000e+00
0.000000000000000000e+00
0.000000000000000000e+00
0.000000000000000000e+00
0.000000000000000000e+00
0.000000000000000000e+00
0.000000000000000000e+00
-1.053535535153556600e-02
0.000000000000000000e+00
0.000000000000000000e+00
-1.057447943750348535e-01
-5.296779818980420357e-02
0.000000000000000000e+00
0.000000000000000000e+00
-1.017481793731242201e-01
0.000000000000000000e+00
1.428992264007481250e+00
0.000000000000000000e+00
0.000000000000000000e+00
-1.905091242376963923e-01
0.000000000000000000e+00
0.000000000000000000e+00
0.000000000000000000e+00
0.000000000000000000e+00
0.000000000000000000e+00
0.000000000000000000e+00
0.000000000000000000e+00
5.752784796196936945e-01
-1.359946150551360165e-02
0.000000000000000000e+00
0.000000000000000000e+00
0.000000000000000000e+00
0.000000000000000000e+00
-8.082762270925509807e-01
0.000000000000000000e+00
0.000000000000000000e+00
0.000000000000000000e+00
5.012891253633376953e-01
0.000000000000000000e+00
-7.322639922833104609e-02
0.000000000000000000e+00
0.000000000000000000e+00
8.047681402925060956e-01
-1.902500731555638314e-01
-1.516008609647252481e-01
-8.780546668128719201e-02
0.000000000000000000e+00
0.000000000000000000e+00
-4.333567248582586018e-01
0.000000000000000000e+00
0.000000000000000000e+00
2.401685270000212813e-01
0.000000000000000000e+00
-9.023417493738825068e-02
7.830785608933002462e-02
0.000000000000000000e+00
0.000000000000000000e+00
1.097878359097207213e+00
0.000000000000000000e+00
7.041926619188283443e-01
1.042181471154403211e-01
0.000000000000000000e+00
0.000000000000000000e+00
1.170317228036962982e-02
0.000000000000000000e+00
0.000000000000000000e+00
2.140342702365567451e-01
0.000000000000000000e+00
0.000000000000000000e+00
0.000000000000000000e+00
3.273458942498606583e-01
0.000000000000000000e+00
0.000000000000000000e+00
-4.892849910531686664e-02
0.000000000000000000e+00
3.601060236793616337e-02
8.381215891421769926e-02
0.000000000000000000e+00
0.000000000000000000e+00
-3.063622803509917780e-01
0.000000000000000000e+00
-2.113900802203214080e-01
0.000000000000000000e+00
0.000000000000000000e+00
0.000000000000000000e+00
0.000000000000000000e+00
5.163321264330491545e-01
0.000000000000000000e+00
0.000000000000000000e+00
1.144805714943191582e-01
0.000000000000000000e+00
0.000000000000000000e+00
0.000000000000000000e+00
0.000000000000000000e+00
0.000000000000000000e+00
-3.021083581469098944e-01
-5.924571946391266053e-01
3.731573870780165170e-02
0.000000000000000000e+00
5.067101522602464048e-01
0.000000000000000000e+00
0.000000000000000000e+00
0.000000000000000000e+00
0.000000000000000000e+00
0.000000000000000000e+00
-1.394802729209700456e-02
0.000000000000000000e+00
0.000000000000000000e+00
0.000000000000000000e+00
0.000000000000000000e+00
0.000000000000000000e+00
0.000000000000000000e+00
0.000000000000000000e+00
-5.259544116464486274e-01
-2.467456641957062047e-01
0.000000000000000000e+00
0.000000000000000000e+00
0.000000000000000000e+00
0.000000000000000000e+00
9.068711545188093970e-01
0.000000000000000000e+00
1.360791029344619318e-01
-9.078969864672672974e-02
0.000000000000000000e+00
-1.465346208980928822e-01
5.013202203889031289e-02
0.000000000000000000e+00
0.000000000000000000e+00
0.000000000000000000e+00
0.000000000000000000e+00
5.106150302280696579e-02
0.000000000000000000e+00
-1.123349309483138159e+00
0.000000000000000000e+00
0.000000000000000000e+00
0.000000000000000000e+00
0.000000000000000000e+00
-7.585906566976723386e-01
0.000000000000000000e+00
0.000000000000000000e+00
0.000000000000000000e+00
0.000000000000000000e+00
-4.042646797619005306e-02
-9.686783946225232741e-03
0.000000000000000000e+00
0.000000000000000000e+00
0.000000000000000000e+00
0.000000000000000000e+00
0.000000000000000000e+00
-3.142855289635812510e-01
0.000000000000000000e+00
0.000000000000000000e+00
1.657858167724683973e-01
0.000000000000000000e+00
0.000000000000000000e+00
-2.272787598147765764e-01
0.000000000000000000e+00
0.000000000000000000e+00
-3.976052922224561081e-01
0.000000000000000000e+00
-1.845184865195302892e-01
0.000000000000000000e+00
0.000000000000000000e+00
0.000000000000000000e+00
-8.282949662146141812e-01
1.185568002046448327e-01
-1.555603708159216947e-01
0.000000000000000000e+00
0.000000000000000000e+00
4.374813764259776749e-01
-1.405884088687485434e-01
0.000000000000000000e+00
0.000000000000000000e+00
3.180103687006625990e-02
0.000000000000000000e+00
4.467540063156499319e-01
0.000000000000000000e+00
0.000000000000000000e+00
7.562529385120812797e-02
-2.984016225628019492e-02
-4.181282842243833620e-01
0.000000000000000000e+00
-7.010100316114274699e-02
0.000000000000000000e+00
0.000000000000000000e+00
-1.287161288442199569e-01
-2.380250496673142868e-04
0.000000000000000000e+00
0.000000000000000000e+00
-3.691184292581402571e-01
1.157774218808327316e-01
0.000000000000000000e+00
-2.751194174449891339e-01
0.000000000000000000e+00
0.000000000000000000e+00
-1.522867713430128833e-01
0.000000000000000000e+00
0.000000000000000000e+00
0.000000000000000000e+00
0.000000000000000000e+00
2.598130523652664170e-01
1.013456829552484839e-01
-4.636622401180313657e-01
2.415198384333087089e-01
3.789509820863570244e-01
0.000000000000000000e+00
-2.891066955188461574e-01
8.709683302406857897e-02
0.000000000000000000e+00
-3.995137998820148806e-02
0.000000000000000000e+00
0.000000000000000000e+00
0.000000000000000000e+00
0.000000000000000000e+00
-1.004355077972131222e-01
0.000000000000000000e+00
0.000000000000000000e+00
0.000000000000000000e+00
0.000000000000000000e+00
0.000000000000000000e+00
0.000000000000000000e+00
7.557880402542248299e-02
5.160764882295816314e-01
-1.587665021170673596e-01
1.374772695485907970e-01
0.000000000000000000e+00
0.000000000000000000e+00
0.000000000000000000e+00
0.000000000000000000e+00
0.000000000000000000e+00
-6.020697148808198951e-02
0.000000000000000000e+00
0.000000000000000000e+00
-4.010468538596543842e-01
0.000000000000000000e+00
0.000000000000000000e+00
0.000000000000000000e+00
0.000000000000000000e+00
0.000000000000000000e+00
0.000000000000000000e+00
-1.094732377486423935e+00
2.865384320771881543e-01
0.000000000000000000e+00
0.000000000000000000e+00
0.000000000000000000e+00
1.462873839817908639e-01
-5.406125398447605979e-02
0.000000000000000000e+00
0.000000000000000000e+00
1.973136738794076528e-01
0.000000000000000000e+00
0.000000000000000000e+00
-7.467991765868940701e-02
0.000000000000000000e+00
5.828336042898839553e-01
0.000000000000000000e+00
0.000000000000000000e+00
0.000000000000000000e+00
1.419735454135602204e-01
0.000000000000000000e+00
-7.872139712268104439e-02
0.000000000000000000e+00
0.000000000000000000e+00
-5.164300128778843285e-02
0.000000000000000000e+00
0.000000000000000000e+00
-1.464872497123758700e-02
0.000000000000000000e+00
0.000000000000000000e+00
0.000000000000000000e+00
-3.606612712853126540e-02
0.000000000000000000e+00
0.000000000000000000e+00
0.000000000000000000e+00
-9.028344690702637398e-02
0.000000000000000000e+00
2.315949486636996180e-01
-8.864876227622288688e-04
0.000000000000000000e+00
0.000000000000000000e+00
0.000000000000000000e+00
0.000000000000000000e+00
0.000000000000000000e+00
-5.666039231578989810e-01
0.000000000000000000e+00
0.000000000000000000e+00
0.000000000000000000e+00
0.000000000000000000e+00
0.000000000000000000e+00
0.000000000000000000e+00
-1.538491035548711916e-01
0.000000000000000000e+00
0.000000000000000000e+00
0.000000000000000000e+00
3.589090038503036095e-01
0.000000000000000000e+00
-2.907197658813930885e-01
-5.468195126869757061e-01
0.000000000000000000e+00
-6.566445737699104779e-01
3.857691684405959442e-01
0.000000000000000000e+00
0.000000000000000000e+00
-4.457878620943264147e-01
0.000000000000000000e+00
5.003912508907519818e-01
0.000000000000000000e+00
0.000000000000000000e+00
0.000000000000000000e+00
0.000000000000000000e+00
0.000000000000000000e+00
0.000000000000000000e+00
0.000000000000000000e+00
0.000000000000000000e+00
-2.741146579426238516e-01
0.000000000000000000e+00
0.000000000000000000e+00
-2.972159723075374349e-01
-1.472420252723666001e-01
0.000000000000000000e+00
-1.023623091266055163e-01
0.000000000000000000e+00
-1.054042650161713703e-02
0.000000000000000000e+00
1.457322790119762630e-03
0.000000000000000000e+00
0.000000000000000000e+00
0.000000000000000000e+00
0.000000000000000000e+00
0.000000000000000000e+00
0.000000000000000000e+00
0.000000000000000000e+00
0.000000000000000000e+00
0.000000000000000000e+00
4.609292190830481528e-02
0.000000000000000000e+00
0.000000000000000000e+00
0.000000000000000000e+00
2.115797539831137386e-01
6.456831844323556169e-01
0.000000000000000000e+00
-3.715730245340081311e-02
0.000000000000000000e+00
0.000000000000000000e+00
-1.177396269786168403e-01
-3.580715866038410716e-02
-2.602019489931960972e-01
0.000000000000000000e+00
3.935922423925213853e-01
0.000000000000000000e+00
0.000000000000000000e+00
0.000000000000000000e+00
0.000000000000000000e+00
5.831402758354260751e-02
-2.790140861694272445e-01
0.000000000000000000e+00
-3.665339235691018049e-01
-2.278791200408106510e-01
1.748160820121548720e-01
-4.172599092439341906e-01
-6.205594894283760210e-01
0.000000000000000000e+00
0.000000000000000000e+00
2.819204837852199580e-02
0.000000000000000000e+00
0.000000000000000000e+00
0.000000000000000000e+00
0.000000000000000000e+00
0.000000000000000000e+00
0.000000000000000000e+00
0.000000000000000000e+00
0.000000000000000000e+00
-1.410964228739335913e-01
0.000000000000000000e+00
0.000000000000000000e+00
0.000000000000000000e+00
-6.841463082879547727e-03
0.000000000000000000e+00
0.000000000000000000e+00
0.000000000000000000e+00
0.000000000000000000e+00
-1.184433894443337881e-01
2.062178648973229111e-01
0.000000000000000000e+00
0.000000000000000000e+00
0.000000000000000000e+00
0.000000000000000000e+00
0.000000000000000000e+00
0.000000000000000000e+00
0.000000000000000000e+00
-1.168257457293010448e-01
0.000000000000000000e+00
-1.761075446427199653e-01
0.000000000000000000e+00
0.000000000000000000e+00
-3.526205190710338111e-01
0.000000000000000000e+00
0.000000000000000000e+00
0.000000000000000000e+00
0.000000000000000000e+00
-3.300875686026303879e-01
3.568521418889979424e-01
0.000000000000000000e+00
-1.586808694526787526e-03
-7.559808691317347618e-02
0.000000000000000000e+00
0.000000000000000000e+00
0.000000000000000000e+00
-5.537642858968098991e-02
0.000000000000000000e+00
0.000000000000000000e+00
0.000000000000000000e+00
0.000000000000000000e+00
1.148989405566284844e-01
0.000000000000000000e+00
0.000000000000000000e+00
3.458173943287756735e-02
-1.368621647382495254e-01
0.000000000000000000e+00
0.000000000000000000e+00
0.000000000000000000e+00
0.000000000000000000e+00
0.000000000000000000e+00
0.000000000000000000e+00
0.000000000000000000e+00
0.000000000000000000e+00
1.113400765598109299e+00
0.000000000000000000e+00
0.000000000000000000e+00
0.000000000000000000e+00
0.000000000000000000e+00
0.000000000000000000e+00
-1.285237328247278987e-01
0.000000000000000000e+00
-1.620248314912127452e-01
0.000000000000000000e+00
0.000000000000000000e+00
0.000000000000000000e+00
0.000000000000000000e+00
0.000000000000000000e+00
0.000000000000000000e+00
6.175001963075561484e-01
0.000000000000000000e+00
0.000000000000000000e+00
0.000000000000000000e+00
-8.452733411398929975e-02
-8.622872950591975449e-02
-4.631932362373299417e-01
8.515913755430718490e-01
0.000000000000000000e+00
0.000000000000000000e+00
0.000000000000000000e+00
9.671426159672938394e-02
-1.116703397297256345e-01
-6.382464972807005976e-01
3.089917256578680882e-01
3.223050781734824732e-01
0.000000000000000000e+00
0.000000000000000000e+00
5.623170709269827844e-02
0.000000000000000000e+00
0.000000000000000000e+00
0.000000000000000000e+00
-9.159827549167252891e-02
0.000000000000000000e+00
0.000000000000000000e+00
0.000000000000000000e+00
0.000000000000000000e+00
0.000000000000000000e+00
0.000000000000000000e+00
0.000000000000000000e+00
0.000000000000000000e+00
0.000000000000000000e+00
0.000000000000000000e+00
-3.448343190733083596e-01
-3.666143340542545315e-01
1.659167743810548157e-01
0.000000000000000000e+00
0.000000000000000000e+00
0.000000000000000000e+00
1.832525651968988090e-01
0.000000000000000000e+00
-1.341352384753364824e-01
0.000000000000000000e+00
-2.586844009497172095e-02
0.000000000000000000e+00
-1.547010173453966519e-02
2.610563808840766775e-01
0.000000000000000000e+00
-5.444336909229704341e-02
0.000000000000000000e+00
-1.129294535589328852e-01
0.000000000000000000e+00
0.000000000000000000e+00
0.000000000000000000e+00
0.000000000000000000e+00
0.000000000000000000e+00
0.000000000000000000e+00
-5.836664180951869896e-02
0.000000000000000000e+00
-1.686885577135270042e-01
-3.609030965688520085e-03
-1.391702978485969966e-01
3.564566127826586106e-01
0.000000000000000000e+00
-9.263727566360607096e-03
-1.327654390580195465e-01
1.332124539107605754e+00
0.000000000000000000e+00
0.000000000000000000e+00
3.824488866971366141e-01
0.000000000000000000e+00
0.000000000000000000e+00
0.000000000000000000e+00
-1.755651833937519890e-01
4.172290106445253333e-01
2.530300619059524525e-01
0.000000000000000000e+00
0.000000000000000000e+00
4.052328383573762238e-01
-1.371376593087783868e-01
-1.066041735999421342e-01
3.693686814331587076e-02
0.000000000000000000e+00
0.000000000000000000e+00
0.000000000000000000e+00
-4.860312094909463032e-01
-5.723662978674780577e-01
0.000000000000000000e+00
5.604922801344644316e-03
0.000000000000000000e+00
5.594034019884977504e-02
0.000000000000000000e+00
0.000000000000000000e+00
0.000000000000000000e+00
7.881063125013129667e-02
0.000000000000000000e+00
0.000000000000000000e+00
6.805659588664396686e-01
-5.898281804349859297e-02
3.920707590722277702e-02
0.000000000000000000e+00
-2.988555660713862472e-01
0.000000000000000000e+00
0.000000000000000000e+00
0.000000000000000000e+00
0.000000000000000000e+00
0.000000000000000000e+00
0.000000000000000000e+00
0.000000000000000000e+00
0.000000000000000000e+00
0.000000000000000000e+00
8.933049810211837749e-02
-2.195367916896160954e-01
0.000000000000000000e+00
0.000000000000000000e+00
0.000000000000000000e+00
0.000000000000000000e+00
0.000000000000000000e+00
0.000000000000000000e+00
0.000000000000000000e+00
0.000000000000000000e+00
0.000000000000000000e+00
0.000000000000000000e+00
0.000000000000000000e+00
0.000000000000000000e+00
-5.140481457694915518e-02
0.000000000000000000e+00
0.000000000000000000e+00
0.000000000000000000e+00
0.000000000000000000e+00
-1.850094298376819268e-01
0.000000000000000000e+00
0.000000000000000000e+00
0.000000000000000000e+00
0.000000000000000000e+00
0.000000000000000000e+00
0.000000000000000000e+00
0.000000000000000000e+00
-3.160280651398426066e-01
-5.088241690158000763e-01
0.000000000000000000e+00
0.000000000000000000e+00
0.000000000000000000e+00
-6.192191676035238013e-01
0.000000000000000000e+00
-2.120775004177067047e-01
0.000000000000000000e+00
0.000000000000000000e+00
0.000000000000000000e+00
6.737321493290210350e-02
0.000000000000000000e+00
-1.958014675866262544e-02
0.000000000000000000e+00
2.328221081994487351e-01
-1.522868653184032695e-01
0.000000000000000000e+00
-5.309475014379903823e-02
-3.840191085675356136e-02
0.000000000000000000e+00
0.000000000000000000e+00
0.000000000000000000e+00
0.000000000000000000e+00
0.000000000000000000e+00
4.237481860210134399e-01
0.000000000000000000e+00
0.000000000000000000e+00
3.361754151428059667e-01
0.000000000000000000e+00
0.000000000000000000e+00
0.000000000000000000e+00
0.000000000000000000e+00
0.000000000000000000e+00
0.000000000000000000e+00
0.000000000000000000e+00
-1.180192493750403387e-01
-1.860819640925141794e-01
0.000000000000000000e+00
0.000000000000000000e+00
0.000000000000000000e+00
-3.944414203240531047e-01
-4.513930114032174701e-02
0.000000000000000000e+00
5.343313750249383265e-01
0.000000000000000000e+00
0.000000000000000000e+00
0.000000000000000000e+00
0.000000000000000000e+00
0.000000000000000000e+00
-3.046633315523094576e-01
-5.558274535416666932e-03
0.000000000000000000e+00
2.541290321476848413e-01
7.408921591252969063e-02
-2.086937138024772542e-01
-2.130292175161548063e-01
0.000000000000000000e+00
0.000000000000000000e+00
5.802058585447126410e-02
0.000000000000000000e+00
0.000000000000000000e+00
1.682778705994030510e-01
0.000000000000000000e+00
0.000000000000000000e+00
0.000000000000000000e+00
0.000000000000000000e+00
-1.031904059593908157e-01
0.000000000000000000e+00
0.000000000000000000e+00
0.000000000000000000e+00
0.000000000000000000e+00
0.000000000000000000e+00
-6.428620754460870335e-02
0.000000000000000000e+00
0.000000000000000000e+00
-5.448351144797446421e-01
0.000000000000000000e+00
0.000000000000000000e+00
0.000000000000000000e+00
-1.439218015538378526e-01
0.000000000000000000e+00
0.000000000000000000e+00
2.294906601161250115e-01
7.181083023750949035e-02
3.576390378390553182e-01
0.000000000000000000e+00
0.000000000000000000e+00
0.000000000000000000e+00
4.406919068713855969e-01
-6.519028467499902169e-01
-7.738015034864741126e-02
0.000000000000000000e+00
0.000000000000000000e+00
0.000000000000000000e+00
0.000000000000000000e+00
0.000000000000000000e+00
0.000000000000000000e+00
-1.793388119102304890e-01
0.000000000000000000e+00
0.000000000000000000e+00
0.000000000000000000e+00
2.620106965960934398e-01
0.000000000000000000e+00
0.000000000000000000e+00
0.000000000000000000e+00
0.000000000000000000e+00
-2.766351401012830391e-01
0.000000000000000000e+00
-5.707350998915047130e-02
2.320096045782507332e-01
-1.084760806041700498e-01
0.000000000000000000e+00
0.000000000000000000e+00
-4.366486851959909543e-02
0.000000000000000000e+00
0.000000000000000000e+00
0.000000000000000000e+00
0.000000000000000000e+00
0.000000000000000000e+00
0.000000000000000000e+00
-5.267518900358120204e-01
-2.175119242534896344e-02
0.000000000000000000e+00
0.000000000000000000e+00
0.000000000000000000e+00
0.000000000000000000e+00
-4.883298974390585800e-01
1.925853805850921974e-01
0.000000000000000000e+00
0.000000000000000000e+00
-7.684081305950025975e-02
0.000000000000000000e+00
-1.470420620787680488e-01
-3.757925628350619607e-02
0.000000000000000000e+00
4.285444579821699740e-02
0.000000000000000000e+00
0.000000000000000000e+00
0.000000000000000000e+00
0.000000000000000000e+00
0.000000000000000000e+00
0.000000000000000000e+00
0.000000000000000000e+00
-1.308681878647700025e-01
0.000000000000000000e+00
-3.597611442700167639e-01
1.396987085816546459e-01
0.000000000000000000e+00
0.000000000000000000e+00
0.000000000000000000e+00
0.000000000000000000e+00
0.000000000000000000e+00
0.000000000000000000e+00
9.200962029682329124e-01
0.000000000000000000e+00
0.000000000000000000e+00
0.000000000000000000e+00
0.000000000000000000e+00
4.646855716962938199e-01
0.000000000000000000e+00
0.000000000000000000e+00
0.000000000000000000e+00
0.000000000000000000e+00
-6.691553094369119270e-01
1.805201020056896033e-01
0.000000000000000000e+00
7.385433930894734766e-01
0.000000000000000000e+00
0.000000000000000000e+00
-2.520362511515499282e-01
0.000000000000000000e+00
0.000000000000000000e+00
0.000000000000000000e+00
0.000000000000000000e+00
0.000000000000000000e+00
0.000000000000000000e+00
0.000000000000000000e+00
-2.969824643354572191e-01
0.000000000000000000e+00
-6.532033503806500274e-02
-5.421076301113858520e-01
0.000000000000000000e+00
0.000000000000000000e+00
0.000000000000000000e+00
-2.524225727428215382e-01
0.000000000000000000e+00
0.000000000000000000e+00
0.000000000000000000e+00
0.000000000000000000e+00
3.224820686808220760e-01
0.000000000000000000e+00
0.000000000000000000e+00
-1.012783697858460619e-01
0.000000000000000000e+00
0.000000000000000000e+00
0.000000000000000000e+00
0.000000000000000000e+00
1.559623144736506650e-01
-1.275580257236866299e-01
0.000000000000000000e+00
1.541178542997140299e+00
0.000000000000000000e+00
0.000000000000000000e+00
0.000000000000000000e+00
2.640716338749777847e-01
3.845190169116093348e-01
-3.785298333317781150e-02
0.000000000000000000e+00
0.000000000000000000e+00
0.000000000000000000e+00
0.000000000000000000e+00
0.000000000000000000e+00
0.000000000000000000e+00
0.000000000000000000e+00
0.000000000000000000e+00
-1.711344396817298386e-01
0.000000000000000000e+00
-2.216093739862797785e-01
-7.196628535436187628e-03
0.000000000000000000e+00
0.000000000000000000e+00
0.000000000000000000e+00
0.000000000000000000e+00
0.000000000000000000e+00
0.000000000000000000e+00
0.000000000000000000e+00
0.000000000000000000e+00
-7.848616590550607786e-01
-2.128755336680674959e-01
0.000000000000000000e+00
0.000000000000000000e+00
-2.610852738076827606e-01
-1.479334085793358178e-01
0.000000000000000000e+00
0.000000000000000000e+00
2.507843918285976859e-01
0.000000000000000000e+00
0.000000000000000000e+00
-1.871002996470475799e-01
0.000000000000000000e+00
0.000000000000000000e+00
0.000000000000000000e+00
0.000000000000000000e+00
0.000000000000000000e+00
0.000000000000000000e+00
-1.880479950442379977e-01
-5.830677838448667522e-02
0.000000000000000000e+00
-1.032650590393665579e+00
0.000000000000000000e+00
-1.207064665756971411e-01
0.000000000000000000e+00
0.000000000000000000e+00
0.000000000000000000e+00
0.000000000000000000e+00
0.000000000000000000e+00
0.000000000000000000e+00
1.019257082714724871e-01
0.000000000000000000e+00
0.000000000000000000e+00
0.000000000000000000e+00
0.000000000000000000e+00
-7.668822743874491588e-01
-5.733664329843722873e-01
0.000000000000000000e+00
0.000000000000000000e+00
0.000000000000000000e+00
0.000000000000000000e+00
4.581515542721398826e-01
0.000000000000000000e+00
0.000000000000000000e+00
1.209968678111435075e-01
0.000000000000000000e+00
-1.634874902617643455e-01
0.000000000000000000e+00
0.000000000000000000e+00
0.000000000000000000e+00
0.000000000000000000e+00
0.000000000000000000e+00
0.000000000000000000e+00
0.000000000000000000e+00
0.000000000000000000e+00
0.000000000000000000e+00
0.000000000000000000e+00
0.000000000000000000e+00
0.000000000000000000e+00
0.000000000000000000e+00
-6.957881157886708356e-01
0.000000000000000000e+00
0.000000000000000000e+00
0.000000000000000000e+00
0.000000000000000000e+00
0.000000000000000000e+00
0.000000000000000000e+00
0.000000000000000000e+00
0.000000000000000000e+00
0.000000000000000000e+00
3.380188651717205145e-02
0.000000000000000000e+00
0.000000000000000000e+00
0.000000000000000000e+00
0.000000000000000000e+00
-1.747263158469730959e-01
-3.481697425258825085e-01
1.922274115629099556e-02
1.769701068359107524e-02
0.000000000000000000e+00
-3.771610527358147391e-01
0.000000000000000000e+00
-1.307274724650415165e-01
0.000000000000000000e+00
0.000000000000000000e+00
-2.532880254509601303e-01
0.000000000000000000e+00
0.000000000000000000e+00
0.000000000000000000e+00
2.775505212845061909e-01
0.000000000000000000e+00
0.000000000000000000e+00
0.000000000000000000e+00
-6.160121630756152378e-01
0.000000000000000000e+00
6.172643203423799907e-01
3.286302601765934139e-01
-6.200614329162205118e-01
0.000000000000000000e+00
0.000000000000000000e+00
0.000000000000000000e+00
0.000000000000000000e+00
0.000000000000000000e+00
0.000000000000000000e+00
4.046459105431238212e-01
0.000000000000000000e+00
-3.932097464653501184e-01
0.000000000000000000e+00
1.521358093872139383e-01
0.000000000000000000e+00
-1.479312228488464942e-01
0.000000000000000000e+00
0.000000000000000000e+00
0.000000000000000000e+00
0.000000000000000000e+00
0.000000000000000000e+00
-2.225251666728822464e-01
0.000000000000000000e+00
2.131502966262178167e-01
-1.737737238150302843e-01
0.000000000000000000e+00
0.000000000000000000e+00
0.000000000000000000e+00
0.000000000000000000e+00
-5.188060548983823850e-01
-1.980543381174724171e-01
0.000000000000000000e+00
0.000000000000000000e+00
0.000000000000000000e+00
0.000000000000000000e+00
0.000000000000000000e+00
0.000000000000000000e+00
0.000000000000000000e+00
0.000000000000000000e+00
0.000000000000000000e+00
1.727631277851618408e-01
-6.218353900837065851e-01
0.000000000000000000e+00
0.000000000000000000e+00
-1.916324363896395877e-01
0.000000000000000000e+00
-1.609797249584704604e-01
0.000000000000000000e+00
-7.113598927513509196e-02
0.000000000000000000e+00
0.000000000000000000e+00
0.000000000000000000e+00
0.000000000000000000e+00
0.000000000000000000e+00
0.000000000000000000e+00
-3.881452700215963780e-01
0.000000000000000000e+00
0.000000000000000000e+00
0.000000000000000000e+00
0.000000000000000000e+00
0.000000000000000000e+00
0.000000000000000000e+00
0.000000000000000000e+00
4.118907268615488310e-02
1.585390159729256898e-01
8.247530793889709111e-01
0.000000000000000000e+00
0.000000000000000000e+00
0.000000000000000000e+00
0.000000000000000000e+00
0.000000000000000000e+00
-1.554570842034469491e-01
0.000000000000000000e+00
0.000000000000000000e+00
2.604377921751106773e-02
0.000000000000000000e+00
0.000000000000000000e+00
-5.291852407988936746e-02
8.146368124786649290e-01
0.000000000000000000e+00
3.562003352005878656e-03
3.430677617737813989e-01
-3.602395362662359490e-01
0.000000000000000000e+00
0.000000000000000000e+00
0.000000000000000000e+00
-1.365534542956077513e-01
0.000000000000000000e+00
-7.122965094907197925e-02
0.000000000000000000e+00
0.000000000000000000e+00
0.000000000000000000e+00
-6.058104994497427037e-02
1.218297303325495684e-01
-1.190661983687627545e-01
0.000000000000000000e+00
0.000000000000000000e+00
0.000000000000000000e+00
0.000000000000000000e+00
0.000000000000000000e+00
0.000000000000000000e+00
0.000000000000000000e+00
0.000000000000000000e+00
0.000000000000000000e+00
0.000000000000000000e+00
0.000000000000000000e+00
-2.079101549814924843e-01
4.563657498717427763e-01
0.000000000000000000e+00
0.000000000000000000e+00
0.000000000000000000e+00
0.000000000000000000e+00
0.000000000000000000e+00
8.390699520228983577e-02
0.000000000000000000e+00
0.000000000000000000e+00
-6.592667786362229644e-03
0.000000000000000000e+00
0.000000000000000000e+00
0.000000000000000000e+00
-3.932458156648596104e-01
6.472798459600487275e-02
0.000000000000000000e+00
0.000000000000000000e+00
0.000000000000000000e+00
-1.626048850157124359e-01
0.000000000000000000e+00
0.000000000000000000e+00
0.000000000000000000e+00
-1.589630532637650306e-01
0.000000000000000000e+00
0.000000000000000000e+00
6.990296362056420687e-01
0.000000000000000000e+00
0.000000000000000000e+00
0.000000000000000000e+00
0.000000000000000000e+00
0.000000000000000000e+00
-2.036283590072922312e-01
0.000000000000000000e+00
0.000000000000000000e+00
-7.330140293559141151e-03
3.544944405547963140e-02
1.441359110528414311e-01
8.951057229054902864e-01
0.000000000000000000e+00
0.000000000000000000e+00
8.451171481125904772e-02
0.000000000000000000e+00
6.407766390423694225e-02
-9.810699646154508180e-02
0.000000000000000000e+00
7.091875136089073606e-02
0.000000000000000000e+00
0.000000000000000000e+00
5.974227165265632022e-01
-2.193611003954998306e-01
0.000000000000000000e+00
-1.225284049508210821e-01
-2.976259640934678652e-01
1.280037270360271651e-01
0.000000000000000000e+00
0.000000000000000000e+00
-4.417836258153193807e-01
0.000000000000000000e+00
0.000000000000000000e+00
2.969354341324638713e-01
-1.502598033895378715e-01
-2.815795530182413908e-01
0.000000000000000000e+00
2.136847490639286473e-01
0.000000000000000000e+00
-1.126655767259155949e-01
0.000000000000000000e+00
2.164759637396595771e-01
0.000000000000000000e+00
0.000000000000000000e+00
-8.903701524926709021e-02
0.000000000000000000e+00
6.557937998700048565e-01
1.700706583933850879e-01
0.000000000000000000e+00
0.000000000000000000e+00
4.328536633826592789e-02
0.000000000000000000e+00
0.000000000000000000e+00
0.000000000000000000e+00
0.000000000000000000e+00
-2.175925754058083417e-01
0.000000000000000000e+00
0.000000000000000000e+00
1.431877805885771182e-01
0.000000000000000000e+00
-5.360665272421493155e-01
0.000000000000000000e+00
0.000000000000000000e+00
-1.062254364720829763e-01
0.000000000000000000e+00
0.000000000000000000e+00
0.000000000000000000e+00
0.000000000000000000e+00
-2.135463752308105478e-01
-5.617826262900443846e-01
0.000000000000000000e+00
0.000000000000000000e+00
0.000000000000000000e+00
0.000000000000000000e+00
1.174932996481485442e-01
0.000000000000000000e+00
0.000000000000000000e+00
0.000000000000000000e+00
0.000000000000000000e+00
-1.839733615858799853e-01
0.000000000000000000e+00
-4.417408527026696063e-01
0.000000000000000000e+00
0.000000000000000000e+00
3.566194302234043656e-01
0.000000000000000000e+00
0.000000000000000000e+00
0.000000000000000000e+00
8.893314531999712003e-01
0.000000000000000000e+00
0.000000000000000000e+00
-2.097313328439096188e-03
0.000000000000000000e+00
0.000000000000000000e+00
0.000000000000000000e+00
0.000000000000000000e+00
0.000000000000000000e+00
0.000000000000000000e+00
0.000000000000000000e+00
3.567158218787699203e-02
0.000000000000000000e+00
0.000000000000000000e+00
0.000000000000000000e+00
3.803627059580464223e-03
0.000000000000000000e+00
8.051438451733937407e-02
-6.276875320053514062e-02
0.000000000000000000e+00
0.000000000000000000e+00
2.705876409979546954e-02
-5.957704616398968867e-01
0.000000000000000000e+00
0.000000000000000000e+00
6.508198371588517217e-01
0.000000000000000000e+00
0.000000000000000000e+00
9.449033559972504215e-02
-2.341102010978104164e-01
0.000000000000000000e+00
5.576948542948544085e-02
-3.080514779354714960e-01
2.779802702633277223e-01
-5.282998912749101716e-01
1.258621801364348536e-01
6.553053470239049438e-02
-2.940064198066349999e-01
0.000000000000000000e+00
0.000000000000000000e+00
-1.345683357689818338e-01
0.000000000000000000e+00
0.000000000000000000e+00
0.000000000000000000e+00
0.000000000000000000e+00
0.000000000000000000e+00
0.000000000000000000e+00
0.000000000000000000e+00
0.000000000000000000e+00
-5.321962722156781123e-01
2.388213427636210473e-01
-5.746901387913161408e-01
0.000000000000000000e+00
0.000000000000000000e+00
0.000000000000000000e+00
0.000000000000000000e+00
0.000000000000000000e+00
0.000000000000000000e+00
0.000000000000000000e+00
0.000000000000000000e+00
-1.719296569998697288e-01
0.000000000000000000e+00
-1.390987479207775324e-01
0.000000000000000000e+00
-4.869386002467125385e-01
0.000000000000000000e+00
0.000000000000000000e+00
0.000000000000000000e+00
4.668190722395335057e-02
0.000000000000000000e+00
0.000000000000000000e+00
-4.227288165691141936e-02
-1.324405235061490438e-01
0.000000000000000000e+00
0.000000000000000000e+00
0.000000000000000000e+00
9.572094021563902766e-01
0.000000000000000000e+00
0.000000000000000000e+00
-8.945890180579128825e-02
5.286967438940766151e-01
0.000000000000000000e+00
0.000000000000000000e+00
0.000000000000000000e+00
-8.148951718717528658e-02
0.000000000000000000e+00
0.000000000000000000e+00
-2.978885715144975466e-01
0.000000000000000000e+00
0.000000000000000000e+00
0.000000000000000000e+00
0.000000000000000000e+00
0.000000000000000000e+00
0.000000000000000000e+00
0.000000000000000000e+00
0.000000000000000000e+00
0.000000000000000000e+00
0.000000000000000000e+00
0.000000000000000000e+00
0.000000000000000000e+00
0.000000000000000000e+00
0.000000000000000000e+00
-2.622311216224911812e-01
-2.306765906383360099e-01
0.000000000000000000e+00
0.000000000000000000e+00
0.000000000000000000e+00
-4.483485064431197951e-03
0.000000000000000000e+00
2.568524155920399177e-01
0.000000000000000000e+00
0.000000000000000000e+00
-3.867292268379520642e-02
0.000000000000000000e+00
-1.951874465995103239e-02
4.960779707199636790e-01
0.000000000000000000e+00
0.000000000000000000e+00
2.127291011773248253e-01
0.000000000000000000e+00
-1.085387691949581124e-01
0.000000000000000000e+00
0.000000000000000000e+00
0.000000000000000000e+00
0.000000000000000000e+00
0.000000000000000000e+00
0.000000000000000000e+00
0.000000000000000000e+00
0.000000000000000000e+00
0.000000000000000000e+00
0.000000000000000000e+00
0.000000000000000000e+00
-4.679747132258409992e-01
0.000000000000000000e+00
0.000000000000000000e+00
0.000000000000000000e+00
0.000000000000000000e+00
0.000000000000000000e+00
-5.141135481737359875e-02
0.000000000000000000e+00
0.000000000000000000e+00
8.269311015683272759e-02
0.000000000000000000e+00
0.000000000000000000e+00
0.000000000000000000e+00
0.000000000000000000e+00
3.706728501689967592e-01
0.000000000000000000e+00
0.000000000000000000e+00
0.000000000000000000e+00
1.074919714279448796e-01
3.430171034901587368e-01
0.000000000000000000e+00
0.000000000000000000e+00
-2.781979385629998816e-03
0.000000000000000000e+00
0.000000000000000000e+00
0.000000000000000000e+00
-6.144786559700305545e-02
0.000000000000000000e+00
0.000000000000000000e+00
0.000000000000000000e+00
-6.323142036720924564e-01
0.000000000000000000e+00
0.000000000000000000e+00
0.000000000000000000e+00
0.000000000000000000e+00
0.000000000000000000e+00
0.000000000000000000e+00
0.000000000000000000e+00
-1.014857837480738628e-01
-3.273261593165569579e-03
-5.506677951355867795e-02
0.000000000000000000e+00
-4.884268116876160776e-02
0.000000000000000000e+00
-6.531113599138921311e-01
0.000000000000000000e+00
0.000000000000000000e+00
4.395159649712142014e-01
0.000000000000000000e+00
0.000000000000000000e+00
-6.766738644951179882e-02
0.000000000000000000e+00
0.000000000000000000e+00
0.000000000000000000e+00
2.232368775017328499e-01
0.000000000000000000e+00
0.000000000000000000e+00
0.000000000000000000e+00
0.000000000000000000e+00
-3.378924888513173408e-01
0.000000000000000000e+00
0.000000000000000000e+00
0.000000000000000000e+00
0.000000000000000000e+00
-2.393134815126665427e-01
0.000000000000000000e+00
0.000000000000000000e+00
-5.907352775530374384e-02
-1.428072828872921085e-01
0.000000000000000000e+00
0.000000000000000000e+00
0.000000000000000000e+00
4.405991244369922843e-01
0.000000000000000000e+00
-2.441949606133227146e-01
0.000000000000000000e+00
0.000000000000000000e+00
0.000000000000000000e+00
0.000000000000000000e+00
0.000000000000000000e+00
9.991290090608275776e-01
0.000000000000000000e+00
0.000000000000000000e+00
0.000000000000000000e+00
0.000000000000000000e+00
0.000000000000000000e+00
-3.229063879135481430e-01
0.000000000000000000e+00
0.000000000000000000e+00
0.000000000000000000e+00
2.455729480407894405e-01
0.000000000000000000e+00
0.000000000000000000e+00
0.000000000000000000e+00
2.374280372028965969e-01
1.306749240055375516e+00
0.000000000000000000e+00
4.643677367478171031e-02
-4.148737482439610047e-01
0.000000000000000000e+00
0.000000000000000000e+00
0.000000000000000000e+00
0.000000000000000000e+00
0.000000000000000000e+00
0.000000000000000000e+00
2.810600835252424073e-02
0.000000000000000000e+00
1.238572546034616140e-01
0.000000000000000000e+00
0.000000000000000000e+00
0.000000000000000000e+00
0.000000000000000000e+00
0.000000000000000000e+00
1.296680098499382039e-01
0.000000000000000000e+00
0.000000000000000000e+00
2.528344657754734714e-01
0.000000000000000000e+00
7.466500868054353202e-01
-5.954822416568502502e-02
0.000000000000000000e+00
0.000000000000000000e+00
0.000000000000000000e+00
0.000000000000000000e+00
0.000000000000000000e+00
0.000000000000000000e+00
0.000000000000000000e+00
0.000000000000000000e+00
0.000000000000000000e+00
1.779186923716735258e+00
1.109480509898122635e+00
0.000000000000000000e+00
0.000000000000000000e+00
0.000000000000000000e+00
-4.520254806396510339e-01
0.000000000000000000e+00
-1.791717307306406326e-01
0.000000000000000000e+00
0.000000000000000000e+00
-3.404238948513133023e-01
0.000000000000000000e+00
-3.196419552396032732e-02
0.000000000000000000e+00
-3.722521483751926041e-01
0.000000000000000000e+00
0.000000000000000000e+00
0.000000000000000000e+00
0.000000000000000000e+00
0.000000000000000000e+00
0.000000000000000000e+00
0.000000000000000000e+00
-2.683632952329599863e-01
0.000000000000000000e+00
0.000000000000000000e+00
0.000000000000000000e+00
-1.861764134614528679e-02
0.000000000000000000e+00
0.000000000000000000e+00
-5.121782279029776785e-02
0.000000000000000000e+00
0.000000000000000000e+00
4.966391962368725821e-01
0.000000000000000000e+00
0.000000000000000000e+00
0.000000000000000000e+00
-3.953240282425821706e-01
0.000000000000000000e+00
0.000000000000000000e+00
-2.615601536742630240e-02
0.000000000000000000e+00
-1.391467643113474262e-01
-2.549721810568765235e-01
0.000000000000000000e+00
0.000000000000000000e+00
-1.750788413541453648e-01
0.000000000000000000e+00
0.000000000000000000e+00
-1.665347652254665078e-01
0.000000000000000000e+00
0.000000000000000000e+00
0.000000000000000000e+00
0.000000000000000000e+00
0.000000000000000000e+00
0.000000000000000000e+00
0.000000000000000000e+00
-5.415204812173144561e-02
0.000000000000000000e+00
0.000000000000000000e+00
0.000000000000000000e+00
0.000000000000000000e+00
-5.305556970583445026e-02
0.000000000000000000e+00
2.874941378837528663e-02
0.000000000000000000e+00
-8.879692709280241625e-02
0.000000000000000000e+00
0.000000000000000000e+00
0.000000000000000000e+00
0.000000000000000000e+00
0.000000000000000000e+00
0.000000000000000000e+00
-8.790207934938931711e-02
0.000000000000000000e+00
0.000000000000000000e+00
0.000000000000000000e+00
0.000000000000000000e+00
0.000000000000000000e+00
0.000000000000000000e+00
0.000000000000000000e+00
0.000000000000000000e+00
0.000000000000000000e+00
0.000000000000000000e+00
0.000000000000000000e+00
-4.471905023679467045e-02
0.000000000000000000e+00
-4.128042199203844631e-01
0.000000000000000000e+00
0.000000000000000000e+00
0.000000000000000000e+00
0.000000000000000000e+00
-1.578149006767873008e-01
0.000000000000000000e+00
0.000000000000000000e+00
0.000000000000000000e+00
0.000000000000000000e+00
0.000000000000000000e+00
0.000000000000000000e+00
-1.488281566727618910e-01
0.000000000000000000e+00
0.000000000000000000e+00
0.000000000000000000e+00
-6.265051521215331265e-02
0.000000000000000000e+00
0.000000000000000000e+00
-2.393400651445073413e-01
0.000000000000000000e+00
1.191508754743524356e-01
0.000000000000000000e+00
0.000000000000000000e+00
0.000000000000000000e+00
0.000000000000000000e+00
0.000000000000000000e+00
0.000000000000000000e+00
-2.661937778170621050e-01
0.000000000000000000e+00
0.000000000000000000e+00
0.000000000000000000e+00
0.000000000000000000e+00
1.464073214081241803e-01
0.000000000000000000e+00
-3.638544758366857867e-01
0.000000000000000000e+00
-1.240348374548709831e+00
0.000000000000000000e+00
-2.661382241016831407e-01
0.000000000000000000e+00
0.000000000000000000e+00
3.900554812567330609e-01
-3.128627096060787594e-01
1.954344541966529861e-02
0.000000000000000000e+00
0.000000000000000000e+00
0.000000000000000000e+00
0.000000000000000000e+00
0.000000000000000000e+00
0.000000000000000000e+00
9.533814184388814672e-01
0.000000000000000000e+00
0.000000000000000000e+00
-1.698294492679709444e-01
0.000000000000000000e+00
0.000000000000000000e+00
0.000000000000000000e+00
-8.220131273441522168e-01
0.000000000000000000e+00
0.000000000000000000e+00
0.000000000000000000e+00
0.000000000000000000e+00
6.456140540073831979e-02
0.000000000000000000e+00
5.360841221792336242e-01
0.000000000000000000e+00
7.857784755329025317e-02
0.000000000000000000e+00
0.000000000000000000e+00
-3.501467375631125423e-01
0.000000000000000000e+00
0.000000000000000000e+00
-8.449571148772205831e-02
0.000000000000000000e+00
0.000000000000000000e+00
-1.058764120005494691e+00
0.000000000000000000e+00
2.975045610326055301e-01
7.885218982764888862e-01
0.000000000000000000e+00
0.000000000000000000e+00
0.000000000000000000e+00
0.000000000000000000e+00
0.000000000000000000e+00
0.000000000000000000e+00
0.000000000000000000e+00
-3.429939332815662434e-01
0.000000000000000000e+00
-3.587077517938344617e-01
0.000000000000000000e+00
0.000000000000000000e+00
0.000000000000000000e+00
0.000000000000000000e+00
5.803573360704077783e-02
1.694828197338999753e-01
0.000000000000000000e+00
2.610619386681966581e-01
0.000000000000000000e+00
-6.314902150759410526e-01
0.000000000000000000e+00
0.000000000000000000e+00
0.000000000000000000e+00
-4.998107211933039973e-01
0.000000000000000000e+00
1.842604962489585996e-01
0.000000000000000000e+00
0.000000000000000000e+00
0.000000000000000000e+00
0.000000000000000000e+00
0.000000000000000000e+00
0.000000000000000000e+00
0.000000000000000000e+00
5.814698274005589834e-02
0.000000000000000000e+00
0.000000000000000000e+00
0.000000000000000000e+00
0.000000000000000000e+00
0.000000000000000000e+00
0.000000000000000000e+00
-3.536976499541012453e-01
4.563936645084582522e-01
0.000000000000000000e+00
0.000000000000000000e+00
0.000000000000000000e+00
0.000000000000000000e+00
4.356973699355194962e-01
1.667005526759792605e-02
0.000000000000000000e+00
0.000000000000000000e+00
-5.478763194300344253e-02
0.000000000000000000e+00
8.151294804438500297e-01
-2.029991869113928205e-01
1.503008556682272068e-01
0.000000000000000000e+00
0.000000000000000000e+00
0.000000000000000000e+00
0.000000000000000000e+00
2.115781080322572116e-01
0.000000000000000000e+00
0.000000000000000000e+00
1.191588988290372519e+00
7.805729532319474195e-01
0.000000000000000000e+00
0.000000000000000000e+00
0.000000000000000000e+00
3.378538113350531003e-01
0.000000000000000000e+00
-2.726272155027809063e-01
0.000000000000000000e+00
-9.975711548469948231e-02
0.000000000000000000e+00
0.000000000000000000e+00
5.195130664879733517e-01
0.000000000000000000e+00
0.000000000000000000e+00
1.611736039771074352e-02
0.000000000000000000e+00
0.000000000000000000e+00
0.000000000000000000e+00
1.547490783197959519e-01
-5.319580912664608752e-01
-7.111929164560131245e-01
0.000000000000000000e+00
0.000000000000000000e+00
0.000000000000000000e+00
0.000000000000000000e+00
0.000000000000000000e+00
0.000000000000000000e+00
5.205345061424759834e-01
0.000000000000000000e+00
1.882472837700173152e-01
0.000000000000000000e+00
-2.688635788670589236e-02
0.000000000000000000e+00
0.000000000000000000e+00
0.000000000000000000e+00
0.000000000000000000e+00
0.000000000000000000e+00
0.000000000000000000e+00
0.000000000000000000e+00
-3.376760930275840011e-01
2.739184909952089853e-01
0.000000000000000000e+00
0.000000000000000000e+00
0.000000000000000000e+00
0.000000000000000000e+00
0.000000000000000000e+00
0.000000000000000000e+00
0.000000000000000000e+00
-9.730544359886064351e-03
0.000000000000000000e+00
0.000000000000000000e+00
0.000000000000000000e+00
0.000000000000000000e+00
-1.860333764793461186e-01
0.000000000000000000e+00
0.000000000000000000e+00
-1.034134235749597786e-01
0.000000000000000000e+00
0.000000000000000000e+00
0.000000000000000000e+00
0.000000000000000000e+00
5.675699903020722248e-01
0.000000000000000000e+00
0.000000000000000000e+00
-2.642356411329379595e-01
0.000000000000000000e+00
0.000000000000000000e+00
0.000000000000000000e+00
-4.789898896162832903e-02
0.000000000000000000e+00
7.125512851021477412e-02
0.000000000000000000e+00
0.000000000000000000e+00
0.000000000000000000e+00
0.000000000000000000e+00
0.000000000000000000e+00
0.000000000000000000e+00
0.000000000000000000e+00
-3.473703506495653404e-01
0.000000000000000000e+00
0.000000000000000000e+00
0.000000000000000000e+00
0.000000000000000000e+00
0.000000000000000000e+00
0.000000000000000000e+00
0.000000000000000000e+00
0.000000000000000000e+00
-8.164677361612752982e-02
0.000000000000000000e+00
0.000000000000000000e+00
0.000000000000000000e+00
0.000000000000000000e+00
0.000000000000000000e+00
0.000000000000000000e+00
0.000000000000000000e+00
3.592643177575313707e-02
-2.940816072837958151e-02
-5.856157704214385307e-01
0.000000000000000000e+00
0.000000000000000000e+00
1.698621204355264258e-01
3.269405318443777686e-01
0.000000000000000000e+00
0.000000000000000000e+00
0.000000000000000000e+00
0.000000000000000000e+00
0.000000000000000000e+00
0.000000000000000000e+00
2.105697567304288809e-01
-5.117472762551076304e-01
0.000000000000000000e+00
-1.100417978982222850e-01
0.000000000000000000e+00
0.000000000000000000e+00
0.000000000000000000e+00
0.000000000000000000e+00
0.000000000000000000e+00
0.000000000000000000e+00
0.000000000000000000e+00
0.000000000000000000e+00
0.000000000000000000e+00
0.000000000000000000e+00
-7.677267812352266407e-01
0.000000000000000000e+00
0.000000000000000000e+00
6.845034985621752943e-01
0.000000000000000000e+00
0.000000000000000000e+00
-3.509428537882751387e-02
0.000000000000000000e+00
1.148618468673638093e-01
0.000000000000000000e+00
0.000000000000000000e+00
0.000000000000000000e+00
0.000000000000000000e+00
0.000000000000000000e+00
0.000000000000000000e+00
0.000000000000000000e+00
0.000000000000000000e+00
0.000000000000000000e+00
0.000000000000000000e+00
0.000000000000000000e+00
0.000000000000000000e+00
3.441115322878865457e-01
0.000000000000000000e+00
6.000665036242313483e-02
0.000000000000000000e+00
0.000000000000000000e+00
0.000000000000000000e+00
0.000000000000000000e+00
0.000000000000000000e+00
-3.845087640960825892e-02
-5.046785383044841700e-01
0.000000000000000000e+00
0.000000000000000000e+00
0.000000000000000000e+00
0.000000000000000000e+00
-3.841602324084037456e-01
0.000000000000000000e+00
0.000000000000000000e+00
0.000000000000000000e+00
0.000000000000000000e+00
-1.044544049175730183e-01
0.000000000000000000e+00
0.000000000000000000e+00
0.000000000000000000e+00
0.000000000000000000e+00
0.000000000000000000e+00
3.244800405590294035e-01
0.000000000000000000e+00
0.000000000000000000e+00
0.000000000000000000e+00
0.000000000000000000e+00
-1.265569083012932639e-01
-1.696778868494350501e-01
0.000000000000000000e+00
-4.004698216790337530e-03
0.000000000000000000e+00
0.000000000000000000e+00
0.000000000000000000e+00
0.000000000000000000e+00
0.000000000000000000e+00
0.000000000000000000e+00
0.000000000000000000e+00
-5.779856900070613479e-01
0.000000000000000000e+00
0.000000000000000000e+00
0.000000000000000000e+00
0.000000000000000000e+00
-3.232003553561523801e-01
0.000000000000000000e+00
0.000000000000000000e+00
0.000000000000000000e+00
0.000000000000000000e+00
0.000000000000000000e+00
0.000000000000000000e+00
0.000000000000000000e+00
0.000000000000000000e+00
-3.215451087535918517e-02
0.000000000000000000e+00
0.000000000000000000e+00
0.000000000000000000e+00
0.000000000000000000e+00
-9.368534648842816170e-02
5.772038154767118456e-01
0.000000000000000000e+00
-2.502145491225239438e-01
0.000000000000000000e+00
0.000000000000000000e+00
0.000000000000000000e+00
0.000000000000000000e+00
0.000000000000000000e+00
-1.362181831085531036e-01
0.000000000000000000e+00
1.786359216209136916e-02
0.000000000000000000e+00
0.000000000000000000e+00
0.000000000000000000e+00
0.000000000000000000e+00
0.000000000000000000e+00
0.000000000000000000e+00
0.000000000000000000e+00
0.000000000000000000e+00
0.000000000000000000e+00
1.928276968205486219e-01
0.000000000000000000e+00
-3.413011654375793236e-01
-1.815983726556058275e-01
0.000000000000000000e+00
-8.323554059807759531e-01
0.000000000000000000e+00
0.000000000000000000e+00
7.566272173710503202e-01
0.000000000000000000e+00
0.000000000000000000e+00
0.000000000000000000e+00
0.000000000000000000e+00
0.000000000000000000e+00
0.000000000000000000e+00
0.000000000000000000e+00
0.000000000000000000e+00
0.000000000000000000e+00
0.000000000000000000e+00
0.000000000000000000e+00
1.312392380626801469e-01
0.000000000000000000e+00
0.000000000000000000e+00
0.000000000000000000e+00
0.000000000000000000e+00
-1.631006470236980588e-01
0.000000000000000000e+00
1.674429778132620061e-01
0.000000000000000000e+00
0.000000000000000000e+00
0.000000000000000000e+00
-1.038051357908966188e-01
-1.332372236149600209e+00
0.000000000000000000e+00
0.000000000000000000e+00
-5.330705972711743262e-02
0.000000000000000000e+00
9.865270321283056698e-02
4.136598642611316046e-01
4.678553883114527356e-01
0.000000000000000000e+00
0.000000000000000000e+00
0.000000000000000000e+00
-2.081885054590464773e-02
0.000000000000000000e+00
0.000000000000000000e+00
0.000000000000000000e+00
0.000000000000000000e+00
5.529285029412599473e-01
0.000000000000000000e+00
-2.474554966499045439e-01
0.000000000000000000e+00
0.000000000000000000e+00
0.000000000000000000e+00
-3.942455253756100841e-01
-6.348111542473303115e-02
0.000000000000000000e+00
0.000000000000000000e+00
0.000000000000000000e+00
-1.412991181692990206e-01
-3.660994968039646413e-01
0.000000000000000000e+00
1.085018899089007727e+00
0.000000000000000000e+00
0.000000000000000000e+00
0.000000000000000000e+00
0.000000000000000000e+00
1.071733148601557578e-01
0.000000000000000000e+00
0.000000000000000000e+00
0.000000000000000000e+00
0.000000000000000000e+00
0.000000000000000000e+00
0.000000000000000000e+00
0.000000000000000000e+00
0.000000000000000000e+00
0.000000000000000000e+00
-1.090008528320641545e+00
0.000000000000000000e+00
1.351861011953238711e-01
0.000000000000000000e+00
-2.450370845841083889e-01
0.000000000000000000e+00
0.000000000000000000e+00
0.000000000000000000e+00
0.000000000000000000e+00
0.000000000000000000e+00
0.000000000000000000e+00
6.291881022427751879e-02
0.000000000000000000e+00
0.000000000000000000e+00
0.000000000000000000e+00
0.000000000000000000e+00
5.673979549538881173e-01
0.000000000000000000e+00
-2.468921206115849698e-01
0.000000000000000000e+00
0.000000000000000000e+00
0.000000000000000000e+00
0.000000000000000000e+00
0.000000000000000000e+00
0.000000000000000000e+00
-4.326305111385610469e-01
0.000000000000000000e+00
0.000000000000000000e+00
0.000000000000000000e+00
-8.574288219134693079e-02
0.000000000000000000e+00
0.000000000000000000e+00
0.000000000000000000e+00
-2.013530909331612828e-01
-2.052290383422236408e-01
0.000000000000000000e+00
-2.620294687012646520e-02
0.000000000000000000e+00
0.000000000000000000e+00
8.423561988434419279e-01
0.000000000000000000e+00
0.000000000000000000e+00
-1.915605655885585165e-02
0.000000000000000000e+00
0.000000000000000000e+00
-6.553122232086954213e-01
0.000000000000000000e+00
0.000000000000000000e+00
0.000000000000000000e+00
0.000000000000000000e+00
0.000000000000000000e+00
0.000000000000000000e+00
0.000000000000000000e+00
0.000000000000000000e+00
0.000000000000000000e+00
0.000000000000000000e+00
0.000000000000000000e+00
0.000000000000000000e+00
9.592823299610189758e-02
0.000000000000000000e+00
0.000000000000000000e+00
0.000000000000000000e+00
-6.627688309279942125e-01
0.000000000000000000e+00
-9.198249847559941683e-02
0.000000000000000000e+00
0.000000000000000000e+00
2.119613436499968862e-01
1.019157823256507805e-01
0.000000000000000000e+00
0.000000000000000000e+00
-3.382120900234906191e-01
0.000000000000000000e+00
0.000000000000000000e+00
-3.929737992262263835e-01
0.000000000000000000e+00
0.000000000000000000e+00
0.000000000000000000e+00
0.000000000000000000e+00
0.000000000000000000e+00
1.596523158434882683e-01
0.000000000000000000e+00
0.000000000000000000e+00
0.000000000000000000e+00
-2.331500455902192348e-01
1.010856078075138109e+00
0.000000000000000000e+00
1.981293267696455224e-02
0.000000000000000000e+00
0.000000000000000000e+00
0.000000000000000000e+00
7.457753602149072569e-02
0.000000000000000000e+00
1.420022148846613375e+00
4.114068366158719070e-01
-9.350540247868149857e-02
0.000000000000000000e+00
0.000000000000000000e+00
1.358484728563787991e-01
0.000000000000000000e+00
0.000000000000000000e+00
0.000000000000000000e+00
0.000000000000000000e+00
0.000000000000000000e+00
-1.391003253725027755e-01
0.000000000000000000e+00
0.000000000000000000e+00
0.000000000000000000e+00
0.000000000000000000e+00
-1.053354466866112116e+00
0.000000000000000000e+00
0.000000000000000000e+00
0.000000000000000000e+00
0.000000000000000000e+00
0.000000000000000000e+00
0.000000000000000000e+00
0.000000000000000000e+00
3.008373795737604439e-01
0.000000000000000000e+00
0.000000000000000000e+00
1.949453325998151132e-01
0.000000000000000000e+00
-1.228531219209181291e-01
0.000000000000000000e+00
0.000000000000000000e+00
0.000000000000000000e+00
0.000000000000000000e+00
0.000000000000000000e+00
0.000000000000000000e+00
0.000000000000000000e+00
0.000000000000000000e+00
1.753111130641082649e-01
1.304612436553755250e+00
0.000000000000000000e+00
-3.634332658875524119e-02
0.000000000000000000e+00
0.000000000000000000e+00
0.000000000000000000e+00
-5.827499701508418589e-02
0.000000000000000000e+00
-1.348742589880612130e-01
0.000000000000000000e+00
0.000000000000000000e+00
3.631401828180647606e-01
0.000000000000000000e+00
0.000000000000000000e+00
-5.899266647697259947e-01
0.000000000000000000e+00
0.000000000000000000e+00
0.000000000000000000e+00
-2.396060860601655906e-01
0.000000000000000000e+00
0.000000000000000000e+00
1.294301943206680461e-01
-8.355892289336847023e-02
0.000000000000000000e+00
0.000000000000000000e+00
0.000000000000000000e+00
0.000000000000000000e+00
2.702359208403527502e-01
0.000000000000000000e+00
0.000000000000000000e+00
1.553883185232516118e+00
0.000000000000000000e+00
0.000000000000000000e+00
0.000000000000000000e+00
0.000000000000000000e+00
-4.258845063312609314e-02
0.000000000000000000e+00
0.000000000000000000e+00
0.000000000000000000e+00
0.000000000000000000e+00
0.000000000000000000e+00
4.101306008194913894e-02
-4.669231911768713106e-01
0.000000000000000000e+00
0.000000000000000000e+00
0.000000000000000000e+00
0.000000000000000000e+00
0.000000000000000000e+00
0.000000000000000000e+00
0.000000000000000000e+00
8.065706507283632032e-01
0.000000000000000000e+00
0.000000000000000000e+00
0.000000000000000000e+00
0.000000000000000000e+00
0.000000000000000000e+00
0.000000000000000000e+00
0.000000000000000000e+00
0.000000000000000000e+00
4.758000145090986871e-02
0.000000000000000000e+00
1.014335240099607072e+00
0.000000000000000000e+00
-9.530078193460649050e-02
0.000000000000000000e+00
0.000000000000000000e+00
0.000000000000000000e+00
0.000000000000000000e+00
1.595323292045961738e-01
0.000000000000000000e+00
4.891129401941427535e-01
1.706480727010897536e-01
-8.452355724102630918e-02
0.000000000000000000e+00
-4.676238383123478837e-01
0.000000000000000000e+00
0.000000000000000000e+00
0.000000000000000000e+00
-2.809592576944306419e-01
0.000000000000000000e+00
0.000000000000000000e+00
0.000000000000000000e+00
0.000000000000000000e+00
5.734113435023292515e-01
0.000000000000000000e+00
0.000000000000000000e+00
0.000000000000000000e+00
0.000000000000000000e+00
0.000000000000000000e+00
0.000000000000000000e+00
0.000000000000000000e+00
0.000000000000000000e+00
0.000000000000000000e+00
0.000000000000000000e+00
-5.057330078223302300e-02
0.000000000000000000e+00
0.000000000000000000e+00
0.000000000000000000e+00
7.674418477616649081e-01
0.000000000000000000e+00
0.000000000000000000e+00
0.000000000000000000e+00
0.000000000000000000e+00
0.000000000000000000e+00
0.000000000000000000e+00
-2.014388834470839107e-01
0.000000000000000000e+00
0.000000000000000000e+00
0.000000000000000000e+00
0.000000000000000000e+00
-4.359140035939487734e-01
4.090287209053170558e-01
-3.175905062222288966e-01
-2.760848314115318392e-01
0.000000000000000000e+00
0.000000000000000000e+00
0.000000000000000000e+00
0.000000000000000000e+00
0.000000000000000000e+00
-2.148453019529105168e-01
0.000000000000000000e+00
0.000000000000000000e+00
0.000000000000000000e+00
0.000000000000000000e+00
-8.402539271193162906e-02
0.000000000000000000e+00
0.000000000000000000e+00
0.000000000000000000e+00
0.000000000000000000e+00
0.000000000000000000e+00
0.000000000000000000e+00
0.000000000000000000e+00
0.000000000000000000e+00
0.000000000000000000e+00
1.007146330380923827e+00
5.115726799666243663e-01
0.000000000000000000e+00
0.000000000000000000e+00
0.000000000000000000e+00
0.000000000000000000e+00
5.739021573701899026e-01
6.556480640820997463e-01
0.000000000000000000e+00
3.516806878464521224e-01
0.000000000000000000e+00
0.000000000000000000e+00
0.000000000000000000e+00
-2.686649039004800343e-01
-3.868882370005359284e-01
0.000000000000000000e+00
0.000000000000000000e+00
-2.916215609284531496e-01
1.858122434438460313e-01
0.000000000000000000e+00
0.000000000000000000e+00
0.000000000000000000e+00
0.000000000000000000e+00
-1.835751069716893766e-02
0.000000000000000000e+00
0.000000000000000000e+00
0.000000000000000000e+00
0.000000000000000000e+00
1.231484380384875177e+00
0.000000000000000000e+00
0.000000000000000000e+00
0.000000000000000000e+00
0.000000000000000000e+00
0.000000000000000000e+00
0.000000000000000000e+00
0.000000000000000000e+00
0.000000000000000000e+00
0.000000000000000000e+00
0.000000000000000000e+00
3.381870469230864595e-02
0.000000000000000000e+00
0.000000000000000000e+00
1.530084189978535847e-01
0.000000000000000000e+00
1.710399186392419779e-01
0.000000000000000000e+00
-3.379283153021356290e-01
0.000000000000000000e+00
-8.444206471250539914e-02
4.751370685317855141e-02
0.000000000000000000e+00
0.000000000000000000e+00
-3.443595871857536017e-01
0.000000000000000000e+00
0.000000000000000000e+00
0.000000000000000000e+00
0.000000000000000000e+00
-3.172435238591804763e-01
0.000000000000000000e+00
-5.022947169278457052e-02
0.000000000000000000e+00
0.000000000000000000e+00
0.000000000000000000e+00
0.000000000000000000e+00
2.071667988903617141e-01
3.119809599668604827e-02
0.000000000000000000e+00
0.000000000000000000e+00
0.000000000000000000e+00
0.000000000000000000e+00
0.000000000000000000e+00
0.000000000000000000e+00
0.000000000000000000e+00
0.000000000000000000e+00
-3.793320438055480248e-01
0.000000000000000000e+00
0.000000000000000000e+00
0.000000000000000000e+00
0.000000000000000000e+00
1.262429511826385249e-02
0.000000000000000000e+00
0.000000000000000000e+00
-2.719501939305943861e-01
0.000000000000000000e+00
0.000000000000000000e+00
0.000000000000000000e+00
-9.667767524256844214e-02
-1.436312251597087267e-02
0.000000000000000000e+00
0.000000000000000000e+00
0.000000000000000000e+00
0.000000000000000000e+00
0.000000000000000000e+00
0.000000000000000000e+00
0.000000000000000000e+00
0.000000000000000000e+00
0.000000000000000000e+00
0.000000000000000000e+00
0.000000000000000000e+00
0.000000000000000000e+00
0.000000000000000000e+00
0.000000000000000000e+00
0.000000000000000000e+00
-2.129075542996019532e-01
0.000000000000000000e+00
0.000000000000000000e+00
6.851248551405988430e-01
0.000000000000000000e+00
0.000000000000000000e+00
-3.654566656387260581e-02
0.000000000000000000e+00
2.775223113880591619e-01
-1.891639662040646430e-01
0.000000000000000000e+00
-1.952128409232894990e-01
0.000000000000000000e+00
0.000000000000000000e+00
0.000000000000000000e+00
0.000000000000000000e+00
0.000000000000000000e+00
0.000000000000000000e+00
0.000000000000000000e+00
0.000000000000000000e+00
-6.183582378748653241e-02
0.000000000000000000e+00
-2.314180854987776259e-01
9.270631241268995071e-01
-3.511529602727859745e-01
0.000000000000000000e+00
0.000000000000000000e+00
-9.283982608380672574e-02
-4.136145277856424496e-01
1.535360341258068251e-01
0.000000000000000000e+00
0.000000000000000000e+00
0.000000000000000000e+00
0.000000000000000000e+00
-2.883681554441409611e-01
0.000000000000000000e+00
0.000000000000000000e+00
0.000000000000000000e+00
-9.122856271154607122e-02
0.000000000000000000e+00
-8.634722974071647184e-02
0.000000000000000000e+00
-1.665490362481395759e-01
0.000000000000000000e+00
0.000000000000000000e+00
0.000000000000000000e+00
0.000000000000000000e+00
0.000000000000000000e+00
0.000000000000000000e+00
0.000000000000000000e+00
0.000000000000000000e+00
-4.959895758417574019e-01
0.000000000000000000e+00
0.000000000000000000e+00
4.736288246553354564e-01
0.000000000000000000e+00
0.000000000000000000e+00
0.000000000000000000e+00
0.000000000000000000e+00
0.000000000000000000e+00
0.000000000000000000e+00
-9.598798067174943091e-03
-2.587613272844627166e-01
-7.918489710400278270e-02
2.836714572495152575e-01
9.734530567084755948e-01
0.000000000000000000e+00
0.000000000000000000e+00
0.000000000000000000e+00
0.000000000000000000e+00
0.000000000000000000e+00
0.000000000000000000e+00
0.000000000000000000e+00
0.000000000000000000e+00
0.000000000000000000e+00
0.000000000000000000e+00
1.359448211987926425e-01
0.000000000000000000e+00
1.198781364649945252e-01
0.000000000000000000e+00
0.000000000000000000e+00
0.000000000000000000e+00
0.000000000000000000e+00
0.000000000000000000e+00
-4.936158087605174716e-01
0.000000000000000000e+00
0.000000000000000000e+00
0.000000000000000000e+00
0.000000000000000000e+00
-5.290350715180007768e-01
0.000000000000000000e+00
-5.130128214797594621e-01
0.000000000000000000e+00
0.000000000000000000e+00
5.078642926053308915e-02
0.000000000000000000e+00
0.000000000000000000e+00
0.000000000000000000e+00
0.000000000000000000e+00
0.000000000000000000e+00
0.000000000000000000e+00
-6.066556413812009829e-01
0.000000000000000000e+00
0.000000000000000000e+00
0.000000000000000000e+00
0.000000000000000000e+00
0.000000000000000000e+00
0.000000000000000000e+00
0.000000000000000000e+00
0.000000000000000000e+00
-6.290087043966502423e-02
0.000000000000000000e+00
0.000000000000000000e+00
0.000000000000000000e+00
0.000000000000000000e+00
0.000000000000000000e+00
0.000000000000000000e+00
-5.820820537495340757e-02
0.000000000000000000e+00
-4.256411299329000419e-01
0.000000000000000000e+00
0.000000000000000000e+00
0.000000000000000000e+00
-5.503712474063143789e-02
0.000000000000000000e+00
0.000000000000000000e+00
0.000000000000000000e+00
0.000000000000000000e+00
0.000000000000000000e+00
0.000000000000000000e+00
-4.265779314108296694e-01
0.000000000000000000e+00
2.483384446997774775e-01
-6.346071288663761578e-01
2.027780989773599746e-02
-5.491471235447266119e-01
0.000000000000000000e+00
2.627349048662670494e-01
0.000000000000000000e+00
0.000000000000000000e+00
1.738283104935340329e-01
-4.170320420798928618e-03
0.000000000000000000e+00
0.000000000000000000e+00
0.000000000000000000e+00
0.000000000000000000e+00
0.000000000000000000e+00
0.000000000000000000e+00
0.000000000000000000e+00
0.000000000000000000e+00
0.000000000000000000e+00
0.000000000000000000e+00
0.000000000000000000e+00
0.000000000000000000e+00
-3.301461312724697783e-01
-1.048329992748318618e-01
0.000000000000000000e+00
0.000000000000000000e+00
0.000000000000000000e+00
0.000000000000000000e+00
0.000000000000000000e+00
0.000000000000000000e+00
-5.032479327513288830e-02
0.000000000000000000e+00
0.000000000000000000e+00
0.000000000000000000e+00
0.000000000000000000e+00
-1.506260691997333978e-01
0.000000000000000000e+00
0.000000000000000000e+00
0.000000000000000000e+00
-4.440949756659966913e-02
0.000000000000000000e+00
0.000000000000000000e+00
0.000000000000000000e+00
0.000000000000000000e+00
0.000000000000000000e+00
0.000000000000000000e+00
2.234815378389416393e-03
3.756314507444917239e-01
0.000000000000000000e+00
0.000000000000000000e+00
0.000000000000000000e+00
0.000000000000000000e+00
0.000000000000000000e+00
0.000000000000000000e+00
-2.312138224344817417e-01
0.000000000000000000e+00
0.000000000000000000e+00
-1.022402877346020450e-01
0.000000000000000000e+00
0.000000000000000000e+00
0.000000000000000000e+00
0.000000000000000000e+00
-8.792438020396932700e-04
0.000000000000000000e+00
0.000000000000000000e+00
0.000000000000000000e+00
0.000000000000000000e+00
0.000000000000000000e+00
0.000000000000000000e+00
0.000000000000000000e+00
2.173252208360250959e-01
-3.254109151544588019e-01
0.000000000000000000e+00
0.000000000000000000e+00
0.000000000000000000e+00
0.000000000000000000e+00
0.000000000000000000e+00
1.633717360033673238e-01
1.167114067711122333e-01
0.000000000000000000e+00
0.000000000000000000e+00
-7.355018738462402172e-01
0.000000000000000000e+00
0.000000000000000000e+00
0.000000000000000000e+00
-2.446295821151880934e-01
0.000000000000000000e+00
-3.353509077726171128e-01
0.000000000000000000e+00
-3.345197748271561133e-01
0.000000000000000000e+00
0.000000000000000000e+00
0.000000000000000000e+00
0.000000000000000000e+00
-6.493994022403347388e-02
0.000000000000000000e+00
0.000000000000000000e+00
0.000000000000000000e+00
-2.571086699250133001e-01
0.000000000000000000e+00
0.000000000000000000e+00
0.000000000000000000e+00
0.000000000000000000e+00
0.000000000000000000e+00
0.000000000000000000e+00
0.000000000000000000e+00
0.000000000000000000e+00
0.000000000000000000e+00
0.000000000000000000e+00
1.848507132423724275e-01
2.937852832990213159e-01
0.000000000000000000e+00
0.000000000000000000e+00
0.000000000000000000e+00
0.000000000000000000e+00
0.000000000000000000e+00
0.000000000000000000e+00
0.000000000000000000e+00
-1.784326063204920154e-01
-9.842728460596392170e-02
0.000000000000000000e+00
0.000000000000000000e+00
0.000000000000000000e+00
0.000000000000000000e+00
0.000000000000000000e+00
0.000000000000000000e+00
0.000000000000000000e+00
0.000000000000000000e+00
-5.091062335801714578e-02
8.086600774457128882e-01
0.000000000000000000e+00
0.000000000000000000e+00
0.000000000000000000e+00
2.752722800310238860e-01
8.218989471047555284e-02
3.289034599709530493e-01
0.000000000000000000e+00
7.779060129925853273e-01
0.000000000000000000e+00
0.000000000000000000e+00
6.907999078274337235e-01
3.336567426716428864e-02
0.000000000000000000e+00
0.000000000000000000e+00
0.000000000000000000e+00
0.000000000000000000e+00
0.000000000000000000e+00
1.940062064820524401e-01
-2.799312703717225098e-02
0.000000000000000000e+00
-5.267088380047522111e-01
0.000000000000000000e+00
0.000000000000000000e+00
1.531304629987411403e-01
1.155779314139660924e-01
0.000000000000000000e+00
-1.402466704921766227e-01
6.488732003372232882e-02
0.000000000000000000e+00
0.000000000000000000e+00
0.000000000000000000e+00
-5.237265229311617309e-01
-6.147310874387217072e-02
-6.673576878765113962e-01
0.000000000000000000e+00
0.000000000000000000e+00
2.968515711162703075e-01
0.000000000000000000e+00
0.000000000000000000e+00
0.000000000000000000e+00
-2.804079782076867450e-02
0.000000000000000000e+00
0.000000000000000000e+00
0.000000000000000000e+00
0.000000000000000000e+00
0.000000000000000000e+00
0.000000000000000000e+00
0.000000000000000000e+00
0.000000000000000000e+00
0.000000000000000000e+00
-4.805606880314896440e-02
0.000000000000000000e+00
0.000000000000000000e+00
0.000000000000000000e+00
-4.030398010807262899e-01
-1.844433092992489864e-01
0.000000000000000000e+00
0.000000000000000000e+00
2.409692727833274706e-01
0.000000000000000000e+00
1.447803646258849775e-01
0.000000000000000000e+00
0.000000000000000000e+00
0.000000000000000000e+00
-5.112514600560836842e-01
0.000000000000000000e+00
0.000000000000000000e+00
0.000000000000000000e+00
-1.807505754475389192e-01
0.000000000000000000e+00
-9.400877908278071349e-02
0.000000000000000000e+00
0.000000000000000000e+00
-6.120631217420516856e-01
0.000000000000000000e+00
0.000000000000000000e+00
1.418701888029818559e+00
0.000000000000000000e+00
0.000000000000000000e+00
0.000000000000000000e+00
0.000000000000000000e+00
0.000000000000000000e+00
0.000000000000000000e+00
0.000000000000000000e+00
0.000000000000000000e+00
0.000000000000000000e+00
0.000000000000000000e+00
0.000000000000000000e+00
0.000000000000000000e+00
0.000000000000000000e+00
0.000000000000000000e+00
0.000000000000000000e+00
-2.818640267735822991e-01
0.000000000000000000e+00
3.456364801758191607e-01
0.000000000000000000e+00
0.000000000000000000e+00
-3.983122869807827898e-02
1.052311339392885126e-01
0.000000000000000000e+00
0.000000000000000000e+00
0.000000000000000000e+00
1.775284897642190329e-01
0.000000000000000000e+00
-3.714923307622811643e-01
0.000000000000000000e+00
1.233633028109743235e-01
0.000000000000000000e+00
0.000000000000000000e+00
-5.768195707308433340e-01
0.000000000000000000e+00
-9.617224512378713674e-02
-3.780320453532166614e-01
0.000000000000000000e+00
1.344516988559463777e-01
0.000000000000000000e+00
0.000000000000000000e+00
1.294569737765123019e-01
0.000000000000000000e+00
0.000000000000000000e+00
0.000000000000000000e+00
-1.848953652008727133e-01
0.000000000000000000e+00
0.000000000000000000e+00
0.000000000000000000e+00
0.000000000000000000e+00
0.000000000000000000e+00
0.000000000000000000e+00
0.000000000000000000e+00
0.000000000000000000e+00
0.000000000000000000e+00
0.000000000000000000e+00
0.000000000000000000e+00
0.000000000000000000e+00
0.000000000000000000e+00
-5.775095972324014587e-02
0.000000000000000000e+00
0.000000000000000000e+00
0.000000000000000000e+00
-4.073773200770435809e-01
1.127217731017658153e-01
0.000000000000000000e+00
0.000000000000000000e+00
0.000000000000000000e+00
0.000000000000000000e+00
0.000000000000000000e+00
0.000000000000000000e+00
0.000000000000000000e+00
4.054146112030411753e-01
0.000000000000000000e+00
-7.156389092056192336e-02
0.000000000000000000e+00
0.000000000000000000e+00
-4.342367724957053865e-02
0.000000000000000000e+00
2.158527273976827698e-01
-1.566657898690365994e-02
0.000000000000000000e+00
9.851595181546949354e-01
0.000000000000000000e+00
0.000000000000000000e+00
1.303970572432135433e-01
0.000000000000000000e+00
0.000000000000000000e+00
0.000000000000000000e+00
0.000000000000000000e+00
0.000000000000000000e+00
0.000000000000000000e+00
0.000000000000000000e+00
0.000000000000000000e+00
-1.200069115383651935e-01
-4.871330153241492100e-01
0.000000000000000000e+00
0.000000000000000000e+00
0.000000000000000000e+00
0.000000000000000000e+00
-1.139580925501689213e-01
-1.111088143367471026e-01
7.236605337069108856e-02
0.000000000000000000e+00
-8.504140999829445935e-02
0.000000000000000000e+00
0.000000000000000000e+00
0.000000000000000000e+00
0.000000000000000000e+00
0.000000000000000000e+00
0.000000000000000000e+00
0.000000000000000000e+00
0.000000000000000000e+00
0.000000000000000000e+00
0.000000000000000000e+00
0.000000000000000000e+00
0.000000000000000000e+00
0.000000000000000000e+00
0.000000000000000000e+00
-3.785021536714124335e-01
0.000000000000000000e+00
0.000000000000000000e+00
0.000000000000000000e+00
0.000000000000000000e+00
0.000000000000000000e+00
7.359557110281744752e-01
0.000000000000000000e+00
0.000000000000000000e+00
0.000000000000000000e+00
0.000000000000000000e+00
0.000000000000000000e+00
0.000000000000000000e+00
0.000000000000000000e+00
0.000000000000000000e+00
0.000000000000000000e+00
0.000000000000000000e+00
0.000000000000000000e+00
0.000000000000000000e+00
0.000000000000000000e+00
0.000000000000000000e+00
0.000000000000000000e+00
0.000000000000000000e+00
0.000000000000000000e+00
0.000000000000000000e+00
0.000000000000000000e+00
0.000000000000000000e+00
0.000000000000000000e+00
0.000000000000000000e+00
0.000000000000000000e+00
0.000000000000000000e+00
5.765736641466941981e-01
0.000000000000000000e+00
0.000000000000000000e+00
0.000000000000000000e+00
0.000000000000000000e+00
0.000000000000000000e+00
2.262073090349896731e-01
0.000000000000000000e+00
0.000000000000000000e+00
0.000000000000000000e+00
0.000000000000000000e+00
0.000000000000000000e+00
0.000000000000000000e+00
0.000000000000000000e+00
0.000000000000000000e+00
0.000000000000000000e+00
0.000000000000000000e+00
3.397622208394207588e-01
0.000000000000000000e+00
0.000000000000000000e+00
0.000000000000000000e+00
0.000000000000000000e+00
9.951042806427604637e-01
0.000000000000000000e+00
0.000000000000000000e+00
0.000000000000000000e+00
0.000000000000000000e+00
0.000000000000000000e+00
0.000000000000000000e+00
0.000000000000000000e+00
0.000000000000000000e+00
0.000000000000000000e+00
0.000000000000000000e+00
0.000000000000000000e+00
6.508023418691184780e-02
0.000000000000000000e+00
0.000000000000000000e+00
0.000000000000000000e+00
0.000000000000000000e+00
0.000000000000000000e+00
0.000000000000000000e+00
0.000000000000000000e+00
0.000000000000000000e+00
0.000000000000000000e+00
0.000000000000000000e+00
2.419831879573811628e-01
0.000000000000000000e+00
0.000000000000000000e+00
0.000000000000000000e+00
0.000000000000000000e+00
0.000000000000000000e+00
0.000000000000000000e+00
0.000000000000000000e+00
0.000000000000000000e+00
0.000000000000000000e+00
0.000000000000000000e+00
0.000000000000000000e+00
-1.982538093651442790e-01
1.032357908980855998e-01
0.000000000000000000e+00
0.000000000000000000e+00
0.000000000000000000e+00
8.716047678549632138e-02
-6.772240437868543017e-02
-4.886709054977902283e-02
0.000000000000000000e+00
0.000000000000000000e+00
0.000000000000000000e+00
2.912669000509413020e-01
0.000000000000000000e+00
0.000000000000000000e+00
0.000000000000000000e+00
0.000000000000000000e+00
0.000000000000000000e+00
0.000000000000000000e+00
0.000000000000000000e+00
0.000000000000000000e+00
0.000000000000000000e+00
-7.968885258105007363e-01
0.000000000000000000e+00
0.000000000000000000e+00
2.314720054723277964e-01
0.000000000000000000e+00
0.000000000000000000e+00
-1.879862742299222289e-01
0.000000000000000000e+00
-1.224835690696781221e+00
-4.977330646221608118e-02
0.000000000000000000e+00
0.000000000000000000e+00
0.000000000000000000e+00
5.033821729241682030e-01
0.000000000000000000e+00
0.000000000000000000e+00
0.000000000000000000e+00
0.000000000000000000e+00
0.000000000000000000e+00
-5.604822428779662052e-02
0.000000000000000000e+00
-1.937049409758596352e-01
0.000000000000000000e+00
0.000000000000000000e+00
0.000000000000000000e+00
0.000000000000000000e+00
-8.977130345289037472e-02
0.000000000000000000e+00
0.000000000000000000e+00
0.000000000000000000e+00
0.000000000000000000e+00
0.000000000000000000e+00
7.797438185091074558e-01
0.000000000000000000e+00
-6.141138121327123223e-01
0.000000000000000000e+00
3.916557214393704967e-01
0.000000000000000000e+00
0.000000000000000000e+00
0.000000000000000000e+00
0.000000000000000000e+00
-3.306305590832461783e-01
4.293187518637284206e-02
0.000000000000000000e+00
-4.879395843807207145e-01
3.463590992538470581e-01
-4.212739980884632196e-01
0.000000000000000000e+00
2.098315040435267675e-01
-7.007564438775061577e-02
0.000000000000000000e+00
0.000000000000000000e+00
0.000000000000000000e+00
0.000000000000000000e+00
0.000000000000000000e+00
0.000000000000000000e+00
0.000000000000000000e+00
8.244189197775297906e-01
-6.706955065964526064e-02
0.000000000000000000e+00
0.000000000000000000e+00
0.000000000000000000e+00
0.000000000000000000e+00
0.000000000000000000e+00
9.438629320047742244e-02
0.000000000000000000e+00
-1.706869541976024085e-01
0.000000000000000000e+00
7.799185160897151303e-02
0.000000000000000000e+00
0.000000000000000000e+00
0.000000000000000000e+00
0.000000000000000000e+00
0.000000000000000000e+00
0.000000000000000000e+00
4.718869948433903061e-01
0.000000000000000000e+00
0.000000000000000000e+00
-2.035544991532709652e-02
0.000000000000000000e+00
0.000000000000000000e+00
4.244622331613340238e-02
0.000000000000000000e+00
0.000000000000000000e+00
0.000000000000000000e+00
0.000000000000000000e+00
0.000000000000000000e+00
0.000000000000000000e+00
0.000000000000000000e+00
0.000000000000000000e+00
0.000000000000000000e+00
0.000000000000000000e+00
0.000000000000000000e+00
0.000000000000000000e+00
8.606224181259818085e-02
0.000000000000000000e+00
0.000000000000000000e+00
0.000000000000000000e+00
0.000000000000000000e+00
0.000000000000000000e+00
2.771818685732546084e-01
0.000000000000000000e+00
0.000000000000000000e+00
0.000000000000000000e+00
0.000000000000000000e+00
0.000000000000000000e+00
0.000000000000000000e+00
-1.208499174095435114e-01
0.000000000000000000e+00
1.618890667709134423e-01
0.000000000000000000e+00
2.977444547963735144e-01
0.000000000000000000e+00
0.000000000000000000e+00
5.850176257340761014e-03
7.892789047020143389e-01
0.000000000000000000e+00
-4.028245148393129749e-01
0.000000000000000000e+00
4.036150938326213411e-01
0.000000000000000000e+00
0.000000000000000000e+00
0.000000000000000000e+00
0.000000000000000000e+00
0.000000000000000000e+00
0.000000000000000000e+00
0.000000000000000000e+00
0.000000000000000000e+00
0.000000000000000000e+00
3.596361439802043813e-01
0.000000000000000000e+00
0.000000000000000000e+00
-7.916466571277219755e-01
2.930165340391849838e-01
0.000000000000000000e+00
1.306951154083529021e+00
0.000000000000000000e+00
0.000000000000000000e+00
0.000000000000000000e+00
0.000000000000000000e+00
0.000000000000000000e+00
0.000000000000000000e+00
0.000000000000000000e+00
8.937658476198838686e-01
0.000000000000000000e+00
0.000000000000000000e+00
0.000000000000000000e+00
0.000000000000000000e+00
0.000000000000000000e+00
8.945029837942403139e-02
0.000000000000000000e+00
-6.158302241354703943e-01
0.000000000000000000e+00
-1.601767232877107996e-02
0.000000000000000000e+00
0.000000000000000000e+00
0.000000000000000000e+00
0.000000000000000000e+00
0.000000000000000000e+00
0.000000000000000000e+00
0.000000000000000000e+00
0.000000000000000000e+00
0.000000000000000000e+00
0.000000000000000000e+00
0.000000000000000000e+00
0.000000000000000000e+00
0.000000000000000000e+00
0.000000000000000000e+00
0.000000000000000000e+00
0.000000000000000000e+00
0.000000000000000000e+00
0.000000000000000000e+00
0.000000000000000000e+00
0.000000000000000000e+00
0.000000000000000000e+00
4.947978641241693176e-02
0.000000000000000000e+00
0.000000000000000000e+00
1.855053724956750860e-01
0.000000000000000000e+00
3.167667197291152981e-01
0.000000000000000000e+00
0.000000000000000000e+00
2.883165856944203131e+00
0.000000000000000000e+00
5.319693198241577381e-01
0.000000000000000000e+00
0.000000000000000000e+00
0.000000000000000000e+00
0.000000000000000000e+00
0.000000000000000000e+00
0.000000000000000000e+00
0.000000000000000000e+00
0.000000000000000000e+00
-5.309841388115762451e-01
0.000000000000000000e+00
0.000000000000000000e+00
0.000000000000000000e+00
0.000000000000000000e+00
0.000000000000000000e+00
0.000000000000000000e+00
0.000000000000000000e+00
0.000000000000000000e+00
-5.872750279124250294e-02
0.000000000000000000e+00
0.000000000000000000e+00
0.000000000000000000e+00
0.000000000000000000e+00
0.000000000000000000e+00
0.000000000000000000e+00
0.000000000000000000e+00
0.000000000000000000e+00
0.000000000000000000e+00
0.000000000000000000e+00
0.000000000000000000e+00
0.000000000000000000e+00
0.000000000000000000e+00
0.000000000000000000e+00
0.000000000000000000e+00
0.000000000000000000e+00
0.000000000000000000e+00
0.000000000000000000e+00
0.000000000000000000e+00
0.000000000000000000e+00
0.000000000000000000e+00
0.000000000000000000e+00
0.000000000000000000e+00
-2.829903388389116703e-01
0.000000000000000000e+00
0.000000000000000000e+00
0.000000000000000000e+00
0.000000000000000000e+00
0.000000000000000000e+00
0.000000000000000000e+00
0.000000000000000000e+00
0.000000000000000000e+00
0.000000000000000000e+00
0.000000000000000000e+00
-3.331542208599780341e-01
9.577306014626282837e-02
0.000000000000000000e+00
0.000000000000000000e+00
0.000000000000000000e+00
0.000000000000000000e+00
-4.234215644333620410e-01
0.000000000000000000e+00
0.000000000000000000e+00
0.000000000000000000e+00
0.000000000000000000e+00
0.000000000000000000e+00
0.000000000000000000e+00
0.000000000000000000e+00
0.000000000000000000e+00
0.000000000000000000e+00
0.000000000000000000e+00
0.000000000000000000e+00
0.000000000000000000e+00
0.000000000000000000e+00
0.000000000000000000e+00
-2.819999514705172072e-01
0.000000000000000000e+00
0.000000000000000000e+00
0.000000000000000000e+00
-2.665096096433101636e-01
9.793806137580807203e-01
0.000000000000000000e+00
0.000000000000000000e+00
0.000000000000000000e+00
0.000000000000000000e+00
5.652433400883516423e-02
0.000000000000000000e+00
0.000000000000000000e+00
0.000000000000000000e+00
0.000000000000000000e+00
0.000000000000000000e+00
0.000000000000000000e+00
0.000000000000000000e+00
0.000000000000000000e+00
0.000000000000000000e+00
0.000000000000000000e+00
0.000000000000000000e+00
1.259360632578121919e+00
0.000000000000000000e+00
0.000000000000000000e+00
0.000000000000000000e+00
0.000000000000000000e+00
0.000000000000000000e+00
0.000000000000000000e+00
0.000000000000000000e+00
-4.430449800018627093e-01
0.000000000000000000e+00
0.000000000000000000e+00
-1.737685167715428414e-01
0.000000000000000000e+00
0.000000000000000000e+00
0.000000000000000000e+00
0.000000000000000000e+00
0.000000000000000000e+00
0.000000000000000000e+00
-6.768203969233622941e-02
0.000000000000000000e+00
-4.580050449428573756e-01
0.000000000000000000e+00
0.000000000000000000e+00
0.000000000000000000e+00
0.000000000000000000e+00
0.000000000000000000e+00
-2.519148008687628892e-01
0.000000000000000000e+00
-4.728900394459843448e-01
0.000000000000000000e+00
0.000000000000000000e+00
0.000000000000000000e+00
0.000000000000000000e+00
0.000000000000000000e+00
0.000000000000000000e+00
0.000000000000000000e+00
0.000000000000000000e+00
0.000000000000000000e+00
0.000000000000000000e+00
-9.816529221023953533e-02
0.000000000000000000e+00
0.000000000000000000e+00
0.000000000000000000e+00
0.000000000000000000e+00
0.000000000000000000e+00
6.536152060444075894e-03
0.000000000000000000e+00
0.000000000000000000e+00
0.000000000000000000e+00
0.000000000000000000e+00
0.000000000000000000e+00
0.000000000000000000e+00
0.000000000000000000e+00
-2.212555874703858727e-02
0.000000000000000000e+00
0.000000000000000000e+00
0.000000000000000000e+00
0.000000000000000000e+00
1.522588524047930880e-01
0.000000000000000000e+00
0.000000000000000000e+00
0.000000000000000000e+00
0.000000000000000000e+00
0.000000000000000000e+00
0.000000000000000000e+00
-2.587337175181270155e-02
0.000000000000000000e+00
0.000000000000000000e+00
0.000000000000000000e+00
0.000000000000000000e+00
0.000000000000000000e+00
0.000000000000000000e+00
0.000000000000000000e+00
0.000000000000000000e+00
0.000000000000000000e+00
5.135683037274577645e-01
0.000000000000000000e+00
0.000000000000000000e+00
0.000000000000000000e+00
0.000000000000000000e+00
0.000000000000000000e+00
0.000000000000000000e+00
0.000000000000000000e+00
0.000000000000000000e+00
0.000000000000000000e+00
0.000000000000000000e+00
-2.717356194187452445e-01
0.000000000000000000e+00
0.000000000000000000e+00
0.000000000000000000e+00
0.000000000000000000e+00
0.000000000000000000e+00
3.825051576782036861e-02
0.000000000000000000e+00
-5.256386011051419199e-02
0.000000000000000000e+00
0.000000000000000000e+00
0.000000000000000000e+00
0.000000000000000000e+00
0.000000000000000000e+00
0.000000000000000000e+00
0.000000000000000000e+00
7.392099019731608600e-02
2.172291185347607623e-01
0.000000000000000000e+00
0.000000000000000000e+00
0.000000000000000000e+00
0.000000000000000000e+00
0.000000000000000000e+00
-8.216223076019130156e-02
0.000000000000000000e+00
-2.758137589411276402e-01
-1.236297264538569751e-01
0.000000000000000000e+00
0.000000000000000000e+00
1.890399289487337153e+00
0.000000000000000000e+00
0.000000000000000000e+00
0.000000000000000000e+00
0.000000000000000000e+00
0.000000000000000000e+00
0.000000000000000000e+00
0.000000000000000000e+00
0.000000000000000000e+00
0.000000000000000000e+00
0.000000000000000000e+00
0.000000000000000000e+00
0.000000000000000000e+00
0.000000000000000000e+00
0.000000000000000000e+00
0.000000000000000000e+00
0.000000000000000000e+00
0.000000000000000000e+00
0.000000000000000000e+00
0.000000000000000000e+00
1.710024384980078915e-01
-2.218103222537917418e-01
0.000000000000000000e+00
-2.033954841131901947e-01
0.000000000000000000e+00
0.000000000000000000e+00
-9.177329125166415746e-01
0.000000000000000000e+00
-3.620461345254358254e-01
0.000000000000000000e+00
-2.439161422184088768e-01
0.000000000000000000e+00
0.000000000000000000e+00
0.000000000000000000e+00
0.000000000000000000e+00
0.000000000000000000e+00
0.000000000000000000e+00
0.000000000000000000e+00
0.000000000000000000e+00
0.000000000000000000e+00
0.000000000000000000e+00
0.000000000000000000e+00
0.000000000000000000e+00
0.000000000000000000e+00
0.000000000000000000e+00
0.000000000000000000e+00
0.000000000000000000e+00
0.000000000000000000e+00
0.000000000000000000e+00
7.280763926447743339e-02
0.000000000000000000e+00
0.000000000000000000e+00
-4.005246766446394352e-02
0.000000000000000000e+00
0.000000000000000000e+00
0.000000000000000000e+00
0.000000000000000000e+00
0.000000000000000000e+00
0.000000000000000000e+00
0.000000000000000000e+00
0.000000000000000000e+00
0.000000000000000000e+00
0.000000000000000000e+00
0.000000000000000000e+00
0.000000000000000000e+00
0.000000000000000000e+00
0.000000000000000000e+00
0.000000000000000000e+00
0.000000000000000000e+00
0.000000000000000000e+00
0.000000000000000000e+00
0.000000000000000000e+00
0.000000000000000000e+00
0.000000000000000000e+00
0.000000000000000000e+00
0.000000000000000000e+00
-8.682749179767146330e-01
0.000000000000000000e+00
-5.419398708509414603e-02
0.000000000000000000e+00
-1.091571517606054337e-01
0.000000000000000000e+00
0.000000000000000000e+00
0.000000000000000000e+00
0.000000000000000000e+00
0.000000000000000000e+00
0.000000000000000000e+00
0.000000000000000000e+00
0.000000000000000000e+00
0.000000000000000000e+00
1.792932960845045331e-01
0.000000000000000000e+00
0.000000000000000000e+00
0.000000000000000000e+00
3.017747659551568429e-01
0.000000000000000000e+00
0.000000000000000000e+00
0.000000000000000000e+00
0.000000000000000000e+00
0.000000000000000000e+00
-5.080687751164132682e-02
0.000000000000000000e+00
0.000000000000000000e+00
0.000000000000000000e+00
0.000000000000000000e+00
9.871861709434656684e-02
0.000000000000000000e+00
0.000000000000000000e+00
0.000000000000000000e+00
0.000000000000000000e+00
0.000000000000000000e+00
0.000000000000000000e+00
0.000000000000000000e+00
0.000000000000000000e+00
0.000000000000000000e+00
0.000000000000000000e+00
0.000000000000000000e+00
0.000000000000000000e+00
0.000000000000000000e+00
0.000000000000000000e+00
0.000000000000000000e+00
0.000000000000000000e+00
0.000000000000000000e+00
0.000000000000000000e+00
0.000000000000000000e+00
0.000000000000000000e+00
9.589703724700365806e-02
0.000000000000000000e+00
0.000000000000000000e+00
-1.904965356955176381e-01
0.000000000000000000e+00
-4.803903320529729348e-01
0.000000000000000000e+00
1.785669502306053702e-01
0.000000000000000000e+00
0.000000000000000000e+00
0.000000000000000000e+00
0.000000000000000000e+00
0.000000000000000000e+00
0.000000000000000000e+00
0.000000000000000000e+00
-4.546685240145949096e-03
0.000000000000000000e+00
0.000000000000000000e+00
0.000000000000000000e+00
0.000000000000000000e+00
0.000000000000000000e+00
0.000000000000000000e+00
0.000000000000000000e+00
0.000000000000000000e+00
0.000000000000000000e+00
0.000000000000000000e+00
3.378471008266928921e-01
0.000000000000000000e+00
0.000000000000000000e+00
0.000000000000000000e+00
0.000000000000000000e+00
0.000000000000000000e+00
0.000000000000000000e+00
0.000000000000000000e+00
0.000000000000000000e+00
0.000000000000000000e+00
0.000000000000000000e+00
0.000000000000000000e+00
-4.102607206676518459e-01
0.000000000000000000e+00
0.000000000000000000e+00
0.000000000000000000e+00
0.000000000000000000e+00
0.000000000000000000e+00
0.000000000000000000e+00
0.000000000000000000e+00
0.000000000000000000e+00
0.000000000000000000e+00
0.000000000000000000e+00
0.000000000000000000e+00
0.000000000000000000e+00
0.000000000000000000e+00
0.000000000000000000e+00
0.000000000000000000e+00
0.000000000000000000e+00
0.000000000000000000e+00
-3.361050060723733135e-02
4.391317834870139131e-02
0.000000000000000000e+00
0.000000000000000000e+00
0.000000000000000000e+00
0.000000000000000000e+00
0.000000000000000000e+00
0.000000000000000000e+00
0.000000000000000000e+00
0.000000000000000000e+00
0.000000000000000000e+00
0.000000000000000000e+00
0.000000000000000000e+00
0.000000000000000000e+00
0.000000000000000000e+00
0.000000000000000000e+00
0.000000000000000000e+00
0.000000000000000000e+00
0.000000000000000000e+00
3.693734032961987213e-01
0.000000000000000000e+00
0.000000000000000000e+00
0.000000000000000000e+00
-3.163901791596440138e-01
0.000000000000000000e+00
-1.462439234678385158e-02
0.000000000000000000e+00
0.000000000000000000e+00
0.000000000000000000e+00
0.000000000000000000e+00
0.000000000000000000e+00
0.000000000000000000e+00
0.000000000000000000e+00
0.000000000000000000e+00
0.000000000000000000e+00
0.000000000000000000e+00
-8.870381685744541111e-02
0.000000000000000000e+00
0.000000000000000000e+00
-1.574413782106270226e-02
0.000000000000000000e+00
8.577529385028248576e-02
-3.424365184835700959e-01
0.000000000000000000e+00
-8.089154512892612892e-02
0.000000000000000000e+00
0.000000000000000000e+00
0.000000000000000000e+00
1.212504090759918551e-01
0.000000000000000000e+00
0.000000000000000000e+00
0.000000000000000000e+00
0.000000000000000000e+00
1.245643674180781924e-01
0.000000000000000000e+00
0.000000000000000000e+00
0.000000000000000000e+00
0.000000000000000000e+00
0.000000000000000000e+00
0.000000000000000000e+00
0.000000000000000000e+00
0.000000000000000000e+00
0.000000000000000000e+00
0.000000000000000000e+00
0.000000000000000000e+00
0.000000000000000000e+00
0.000000000000000000e+00
3.826946607884582074e-02
0.000000000000000000e+00
0.000000000000000000e+00
0.000000000000000000e+00
0.000000000000000000e+00
0.000000000000000000e+00
0.000000000000000000e+00
0.000000000000000000e+00
0.000000000000000000e+00
0.000000000000000000e+00
0.000000000000000000e+00
0.000000000000000000e+00
0.000000000000000000e+00
0.000000000000000000e+00
0.000000000000000000e+00
-1.075788903537361341e-01
0.000000000000000000e+00
0.000000000000000000e+00
0.000000000000000000e+00
0.000000000000000000e+00
0.000000000000000000e+00
0.000000000000000000e+00
0.000000000000000000e+00
0.000000000000000000e+00
0.000000000000000000e+00
0.000000000000000000e+00
-4.627054259796008900e-02
0.000000000000000000e+00
0.000000000000000000e+00
0.000000000000000000e+00
0.000000000000000000e+00
0.000000000000000000e+00
4.775528152217489719e-02
0.000000000000000000e+00
0.000000000000000000e+00
0.000000000000000000e+00
0.000000000000000000e+00
0.000000000000000000e+00
1.430276257633426584e-01
0.000000000000000000e+00
0.000000000000000000e+00
0.000000000000000000e+00
0.000000000000000000e+00
0.000000000000000000e+00
0.000000000000000000e+00
0.000000000000000000e+00
0.000000000000000000e+00
0.000000000000000000e+00
0.000000000000000000e+00
0.000000000000000000e+00
0.000000000000000000e+00
0.000000000000000000e+00
2.540171113980844164e-01
0.000000000000000000e+00
2.326526517025917506e-01
0.000000000000000000e+00
0.000000000000000000e+00
0.000000000000000000e+00
0.000000000000000000e+00
0.000000000000000000e+00
0.000000000000000000e+00
0.000000000000000000e+00
0.000000000000000000e+00
0.000000000000000000e+00
0.000000000000000000e+00
0.000000000000000000e+00
0.000000000000000000e+00
0.000000000000000000e+00
0.000000000000000000e+00
0.000000000000000000e+00
-2.522177081701375001e-01
0.000000000000000000e+00
-6.840966314501631396e-02
0.000000000000000000e+00
8.111285175810675763e-02
0.000000000000000000e+00
0.000000000000000000e+00
0.000000000000000000e+00
-6.950488042620798224e-01
0.000000000000000000e+00
-7.016614600103415755e-02
0.000000000000000000e+00
0.000000000000000000e+00
0.000000000000000000e+00
0.000000000000000000e+00
0.000000000000000000e+00
0.000000000000000000e+00
0.000000000000000000e+00
0.000000000000000000e+00
0.000000000000000000e+00
0.000000000000000000e+00
5.217478317825842149e-01
0.000000000000000000e+00
0.000000000000000000e+00
0.000000000000000000e+00
0.000000000000000000e+00
0.000000000000000000e+00
7.188195916254609685e-02
0.000000000000000000e+00
0.000000000000000000e+00
0.000000000000000000e+00
0.000000000000000000e+00
0.000000000000000000e+00
0.000000000000000000e+00
0.000000000000000000e+00
0.000000000000000000e+00
0.000000000000000000e+00
0.000000000000000000e+00
-1.797042819532308766e-01
0.000000000000000000e+00
0.000000000000000000e+00
0.000000000000000000e+00
1.084822106798235541e-01
6.065259499361085327e-01
0.000000000000000000e+00
0.000000000000000000e+00
0.000000000000000000e+00
0.000000000000000000e+00
0.000000000000000000e+00
0.000000000000000000e+00
0.000000000000000000e+00
-2.628567045212789055e-01
0.000000000000000000e+00
0.000000000000000000e+00
0.000000000000000000e+00
7.631748813033654155e-01
2.503801146120855914e-01
0.000000000000000000e+00
0.000000000000000000e+00
0.000000000000000000e+00
0.000000000000000000e+00
0.000000000000000000e+00
0.000000000000000000e+00
0.000000000000000000e+00
0.000000000000000000e+00
0.000000000000000000e+00
0.000000000000000000e+00
0.000000000000000000e+00
0.000000000000000000e+00
6.439669695867015209e-01
-2.969696003928828931e-01
0.000000000000000000e+00
0.000000000000000000e+00
0.000000000000000000e+00
0.000000000000000000e+00
0.000000000000000000e+00
-1.312734515307111549e-01
0.000000000000000000e+00
0.000000000000000000e+00
0.000000000000000000e+00
0.000000000000000000e+00
0.000000000000000000e+00
0.000000000000000000e+00
0.000000000000000000e+00
1.028457165563319897e+00
0.000000000000000000e+00
0.000000000000000000e+00
-7.603695297592621971e-01
-2.553599423693262982e-01
0.000000000000000000e+00
0.000000000000000000e+00
3.012892813360479316e-01
0.000000000000000000e+00
0.000000000000000000e+00
0.000000000000000000e+00
0.000000000000000000e+00
0.000000000000000000e+00
5.501142606372867450e-01
0.000000000000000000e+00
0.000000000000000000e+00
3.612590142411959970e-01
0.000000000000000000e+00
0.000000000000000000e+00
1.003402085616049572e-01
0.000000000000000000e+00
0.000000000000000000e+00
0.000000000000000000e+00
0.000000000000000000e+00
0.000000000000000000e+00
0.000000000000000000e+00
0.000000000000000000e+00
-1.491566428563510238e-01
0.000000000000000000e+00
-9.695179440042377139e-02
-6.316813676412325052e-02
0.000000000000000000e+00
0.000000000000000000e+00
1.014989967195035980e+00
0.000000000000000000e+00
0.000000000000000000e+00
0.000000000000000000e+00
0.000000000000000000e+00
0.000000000000000000e+00
0.000000000000000000e+00
0.000000000000000000e+00
0.000000000000000000e+00
0.000000000000000000e+00
0.000000000000000000e+00
4.555462746659245249e-02
0.000000000000000000e+00
0.000000000000000000e+00
0.000000000000000000e+00
0.000000000000000000e+00
0.000000000000000000e+00
0.000000000000000000e+00
0.000000000000000000e+00
0.000000000000000000e+00
-2.124957951939701051e-01
-1.999839201559514279e-01
0.000000000000000000e+00
0.000000000000000000e+00
0.000000000000000000e+00
-5.704955502491719788e-01
4.384625654773415260e-01
-3.040354231589014744e-01
0.000000000000000000e+00
0.000000000000000000e+00
0.000000000000000000e+00
0.000000000000000000e+00
0.000000000000000000e+00
0.000000000000000000e+00
0.000000000000000000e+00
0.000000000000000000e+00
-1.976895238867530658e-01
0.000000000000000000e+00
0.000000000000000000e+00
0.000000000000000000e+00
-7.832391766880443529e-02
2.637170208940425309e-01
1.231180830536129645e-01
1.527494027824465972e+00
0.000000000000000000e+00
0.000000000000000000e+00
0.000000000000000000e+00
0.000000000000000000e+00
0.000000000000000000e+00
0.000000000000000000e+00
0.000000000000000000e+00
-6.051256391356694964e-02
3.738595468898929242e-01
0.000000000000000000e+00
0.000000000000000000e+00
0.000000000000000000e+00
0.000000000000000000e+00
0.000000000000000000e+00
0.000000000000000000e+00
0.000000000000000000e+00
0.000000000000000000e+00
1.811167669464164298e-01
-2.572629005712872008e-01
0.000000000000000000e+00
0.000000000000000000e+00
0.000000000000000000e+00
0.000000000000000000e+00
0.000000000000000000e+00
0.000000000000000000e+00
0.000000000000000000e+00
0.000000000000000000e+00
-1.630885572500736513e-01
0.000000000000000000e+00
0.000000000000000000e+00
0.000000000000000000e+00
0.000000000000000000e+00
0.000000000000000000e+00
0.000000000000000000e+00
0.000000000000000000e+00
0.000000000000000000e+00
-6.694771187331673978e-01
0.000000000000000000e+00
0.000000000000000000e+00
0.000000000000000000e+00
0.000000000000000000e+00
-1.045452361249809892e+00
0.000000000000000000e+00
0.000000000000000000e+00
0.000000000000000000e+00
2.328774309227385764e-01
0.000000000000000000e+00
0.000000000000000000e+00
0.000000000000000000e+00
0.000000000000000000e+00
0.000000000000000000e+00
0.000000000000000000e+00
0.000000000000000000e+00
0.000000000000000000e+00
0.000000000000000000e+00
0.000000000000000000e+00
0.000000000000000000e+00
0.000000000000000000e+00
0.000000000000000000e+00
3.107838571283270679e-01
0.000000000000000000e+00
-1.296249729832437379e-02
0.000000000000000000e+00
-2.732544454528005873e-01
0.000000000000000000e+00
0.000000000000000000e+00
-1.019261500369656182e-01
0.000000000000000000e+00
0.000000000000000000e+00
1.414379118602439867e-01
0.000000000000000000e+00
0.000000000000000000e+00
0.000000000000000000e+00
0.000000000000000000e+00
0.000000000000000000e+00
0.000000000000000000e+00
0.000000000000000000e+00
0.000000000000000000e+00
0.000000000000000000e+00
0.000000000000000000e+00
0.000000000000000000e+00
0.000000000000000000e+00
0.000000000000000000e+00
0.000000000000000000e+00
0.000000000000000000e+00
0.000000000000000000e+00
0.000000000000000000e+00
0.000000000000000000e+00
0.000000000000000000e+00
0.000000000000000000e+00
0.000000000000000000e+00
0.000000000000000000e+00
0.000000000000000000e+00
5.314604537508330617e-01
0.000000000000000000e+00
0.000000000000000000e+00
0.000000000000000000e+00
0.000000000000000000e+00
0.000000000000000000e+00
0.000000000000000000e+00
6.315518146793440701e-01
0.000000000000000000e+00
0.000000000000000000e+00
0.000000000000000000e+00
0.000000000000000000e+00
0.000000000000000000e+00
0.000000000000000000e+00
0.000000000000000000e+00
0.000000000000000000e+00
-1.374033135788619020e-01
-1.148198321416753487e+00
0.000000000000000000e+00
0.000000000000000000e+00
0.000000000000000000e+00
-4.737919383161686704e-01
7.489042468182779966e-02
0.000000000000000000e+00
0.000000000000000000e+00
0.000000000000000000e+00
-2.250102971524556295e-02
1.319786879410175029e+00
0.000000000000000000e+00
0.000000000000000000e+00
-3.562857191337548968e-01
0.000000000000000000e+00
1.688842050089315039e-01
0.000000000000000000e+00
-5.961714950966367360e-02
0.000000000000000000e+00
7.328444672305435281e-01
0.000000000000000000e+00
-2.572410497780766928e-02
0.000000000000000000e+00
0.000000000000000000e+00
0.000000000000000000e+00
0.000000000000000000e+00
0.000000000000000000e+00
0.000000000000000000e+00
0.000000000000000000e+00
0.000000000000000000e+00
0.000000000000000000e+00
0.000000000000000000e+00
0.000000000000000000e+00
-7.410277026205844830e-01
0.000000000000000000e+00
1.323154140919149124e-01
7.714526775505766709e-01
0.000000000000000000e+00
0.000000000000000000e+00
0.000000000000000000e+00
0.000000000000000000e+00
0.000000000000000000e+00
-1.292927521278838254e-01
9.908554509856002390e-01
0.000000000000000000e+00
0.000000000000000000e+00
0.000000000000000000e+00
1.775050741971329893e-01
-2.146232721052954151e-01
0.000000000000000000e+00
0.000000000000000000e+00
0.000000000000000000e+00
0.000000000000000000e+00
0.000000000000000000e+00
0.000000000000000000e+00
0.000000000000000000e+00
0.000000000000000000e+00
0.000000000000000000e+00
0.000000000000000000e+00
0.000000000000000000e+00
0.000000000000000000e+00
0.000000000000000000e+00
0.000000000000000000e+00
0.000000000000000000e+00
0.000000000000000000e+00
0.000000000000000000e+00
0.000000000000000000e+00
0.000000000000000000e+00
0.000000000000000000e+00
0.000000000000000000e+00
0.000000000000000000e+00
0.000000000000000000e+00
0.000000000000000000e+00
0.000000000000000000e+00
0.000000000000000000e+00
0.000000000000000000e+00
0.000000000000000000e+00
0.000000000000000000e+00
0.000000000000000000e+00
0.000000000000000000e+00
6.370137034479098626e-01
0.000000000000000000e+00
0.000000000000000000e+00
0.000000000000000000e+00
0.000000000000000000e+00
0.000000000000000000e+00
0.000000000000000000e+00
0.000000000000000000e+00
0.000000000000000000e+00
0.000000000000000000e+00
0.000000000000000000e+00
0.000000000000000000e+00
-3.620852853302718166e-02
0.000000000000000000e+00
0.000000000000000000e+00
0.000000000000000000e+00
0.000000000000000000e+00
0.000000000000000000e+00
0.000000000000000000e+00
0.000000000000000000e+00
0.000000000000000000e+00
0.000000000000000000e+00
0.000000000000000000e+00
9.335739587900589165e-02
0.000000000000000000e+00
0.000000000000000000e+00
0.000000000000000000e+00
0.000000000000000000e+00
0.000000000000000000e+00
6.228269806269615128e-01
0.000000000000000000e+00
0.000000000000000000e+00
0.000000000000000000e+00
0.000000000000000000e+00
0.000000000000000000e+00
0.000000000000000000e+00
0.000000000000000000e+00
0.000000000000000000e+00
0.000000000000000000e+00
0.000000000000000000e+00
0.000000000000000000e+00
0.000000000000000000e+00
0.000000000000000000e+00
0.000000000000000000e+00
0.000000000000000000e+00
0.000000000000000000e+00
0.000000000000000000e+00
0.000000000000000000e+00
0.000000000000000000e+00
0.000000000000000000e+00
0.000000000000000000e+00
0.000000000000000000e+00
0.000000000000000000e+00
0.000000000000000000e+00
-3.049292726592385261e-01
0.000000000000000000e+00
3.394273441315571738e-01
0.000000000000000000e+00
0.000000000000000000e+00
0.000000000000000000e+00
0.000000000000000000e+00
0.000000000000000000e+00
0.000000000000000000e+00
0.000000000000000000e+00
0.000000000000000000e+00
0.000000000000000000e+00
0.000000000000000000e+00
0.000000000000000000e+00
0.000000000000000000e+00
-5.522668085529364168e-02
0.000000000000000000e+00
0.000000000000000000e+00
0.000000000000000000e+00
0.000000000000000000e+00
-3.176423656860294931e-01
0.000000000000000000e+00
0.000000000000000000e+00
0.000000000000000000e+00
0.000000000000000000e+00
0.000000000000000000e+00
0.000000000000000000e+00
0.000000000000000000e+00
0.000000000000000000e+00
0.000000000000000000e+00
0.000000000000000000e+00
-1.042285825650864362e-01
0.000000000000000000e+00
0.000000000000000000e+00
0.000000000000000000e+00
8.431562043110115701e-01
0.000000000000000000e+00
0.000000000000000000e+00
0.000000000000000000e+00
0.000000000000000000e+00
0.000000000000000000e+00
0.000000000000000000e+00
2.930710641166683894e-01
0.000000000000000000e+00
0.000000000000000000e+00
0.000000000000000000e+00
-2.317457700395664510e-01
-4.948615581599143803e-02
0.000000000000000000e+00
0.000000000000000000e+00
-5.023431785219406587e-02
1.850919910772660937e-01
0.000000000000000000e+00
0.000000000000000000e+00
-8.865598941338934114e-02
0.000000000000000000e+00
0.000000000000000000e+00
0.000000000000000000e+00
0.000000000000000000e+00
1.082343584538896786e-01
2.609048540344720002e-01
-2.004523567526906025e-01
0.000000000000000000e+00
0.000000000000000000e+00
0.000000000000000000e+00
-8.305865630231872021e-02
0.000000000000000000e+00
0.000000000000000000e+00
0.000000000000000000e+00
0.000000000000000000e+00
0.000000000000000000e+00
